Activity ID,Activity Date,Activity Name,Activity Type,Activity Description,Elapsed Time,Distance,Max Heart Rate,Relative Effort,Commute,Activity Private Note,Activity Gear,Filename,Athlete Weight,Bike Weight,Elapsed Time,Moving Time,Distance,Max Speed,Average Speed,Elevation Gain,Elevation Loss,Elevation Low,Elevation High,Max Grade,Average Grade,Average Positive Grade,Average Negative Grade,Max Cadence,Average Cadence,Max Heart Rate,Average Heart Rate,Max Watts,Average Watts,Calories,Max Temperature,Average Temperature,Relative Effort,Total Work,Number of Runs,Uphill Time,Downhill Time,Other Time,Perceived Exertion,Type,Start Time,Weighted Average Power,Power Count,Prefer Perceived Exertion,Perceived Relative Effort,Commute,Total Weight Lifted,From Upload,Grade Adjusted Distance,Weather Observation Time,Weather Condition,Weather Temperature,Apparent Temperature,Dewpoint,Humidity,Weather Pressure,Wind Speed,Wind Gust,Wind Bearing,Precipitation Intensity,Sunrise Time,Sunset Time,Moon Phase,Bike,Gear,Precipitation Probability,Precipitation Type,Cloud Cover,Weather Visibility,UV Index,Weather Ozone,Jump Count,Total Grit,Average Flow,Flagged,Average Elapsed Speed,Dirt Distance,Newly Explored Distance,Newly Explored Dirt Distance,Activity Count,Total Steps,Carbon Saved,Pool Length,Training Load,Intensity,Average Grade Adjusted Pace,Timer Time,Total Cycles,Recovery,With Pet,Competition,Long Run,For a Cause,With Kid,Downhill Distance,Total Sets,Total Reps,Media
18079090245,"Apr 12, 2026, 10:57:45 AM",Afternoon Pickleball,Workout,,5336,0.09,169.0,18,,,,activities/19180702116.fit.gz,,,5336.0,5336.0,91.5,0.773,0.017,0.0,0.0,0.0,0.0,0.0,0.0,,,103.0,54.0,169.0,128.0,,,703.0,,,18.0,,,,,,,,,,,,,0.0,,1.0,,,,,,,,,,,,,,,,,,,,,,,,,,,,0.017,0.0,,,,1866.0,0.0,,,,,,1866.0,0.0,0.0,,,,0.0,,,,""
18074064248,"Apr 12, 2026, 4:18:07 AM",Morning Ride,Ride,"😃 Keeping it steady
🦆 ETC Training ()
🚵 Free Ride
🧀 Fat 39.1%, 🍞 Carb 60.9%
🕯️ Matches 1.2
🔋 Maximum discharge 9.4%


🔗https://www.strava.com/clubs/riduck
🔗https://riduck.com
",986,5.30,161.0,5,,,Shanyon,activities/19175599754.fit.gz,,7.7,986.0,986.0,5299.7,9.16,5.375,46.0,5.0,575.0,618.2,8.5,0.5,,,95.0,67.0,161.0,146.0,,105.0,133.0,,33.0,5.0,105164.0,,,,,,,,115.0,985.0,,,0.0,,1.0,,,,,,,,,,,,,,,,10794160.0,,,,,,,,,,,,5.375,274.0,,,,,0.0,,12.0,68.0,,,,0.0,0.0,,,,0.0,,,,""
18073848283,"Apr 12, 2026, 1:39:24 AM",Morning Ride,Ride,"😃 Keeping it steady
🐶 Free Training (moderate intensity)
🚵 Irregular course Ride
🧀 Fat 38.9%, 🍞 Carb 61.1%
🕯️ Matches 5.8
🔋 Maximum discharge 53.3%


🔗https://www.strava.com/clubs/riduck
🔗https://riduck.com
",4854,32.05,175.0,22,,,Shanyon,activities/19175377170.fit.gz,,7.7,4854.0,4771.0,32049.6,12.82,6.718,153.0,202.0,546.2,606.4,7.9,-0.2,,,106.0,67.0,175.0,137.0,,93.0,588.0,,26.0,22.0,449954.0,,,,,,,,128.0,4825.0,,,0.0,,1.0,,,,,,,,,,,,,,,,10794160.0,,,,,,,,,,,,6.603,0.0,,,,,0.0,,75.0,75.0,,,,0.0,0.0,,,,0.0,,,,""
18060605149,"Apr 11, 2026, 1:06:11 AM",Morning Ride,Ride,"😐 Low-Load Tapering
🐶 Free Training (moderate intensity)
🚵 Irregular course Ride
🧀 Fat 41.3%, 🍞 Carb 58.7%
🕯️ Matches 2.2
🔋 Maximum discharge 16.2%


🔗https://www.strava.com/clubs/riduck
🔗https://riduck.com
",3752,23.81,156.0,10,,,Shanyon,activities/19161975419.fit.gz,,7.7,3752.0,3692.0,23813.0,10.98,6.45,127.0,126.0,562.0,605.2,18.2,0.0,,,94.0,68.0,156.0,116.0,,96.0,464.0,,24.0,10.0,357867.0,,,,,,,,116.0,3715.0,,,0.0,,1.0,,,,,,,,,,,,,,,,10794160.0,,,,,,,,,,,,6.347,0.0,,,,,0.0,,47.0,68.0,,,,0.0,0.0,,,,0.0,,,,""
18049238449,"Apr 9, 2026, 11:18:05 AM",Afternoon Weight Training,Weight Training,,3542,0,154.0,10,,,,activities/19150515558.fit.gz,,,3542.0,3542.0,0.0,0.0,0.0,0.0,0.0,0.0,0.0,0.0,0.0,,,,,154.0,121.0,,,474.0,,,10.0,,,,,,,,,,,,,0.0,,1.0,,,,,,,,,,,,,,,,,,,,,,,,,,,,0.0,0.0,,,,,0.0,,,,,,468.0,,,,,,,,,,""
18021667267,"Apr 8, 2026, 1:04:39 AM",Morning Ride,Ride,"😐 Low-Load Tapering
🐺 VO2Max Training (medium-high intensity)
🚵 Hillclimb Ride
🧀 Fat 16.8%, 🍞 Carb 83.2%
🕯️ Matches 17.3
🔋 Maximum discharge 87.3%


🔗https://www.strava.com/clubs/riduck
🔗https://riduck.com
",6137,30.04,181.0,70,,,Shanyon,activities/19122594752.fit.gz,,7.7,6137.0,5899.0,30041.0,18.88,5.093,437.0,452.0,581.0,881.0,35.3,-0.1,,,107.0,62.0,181.0,154.0,,129.0,929.0,,22.0,70.0,760000.0,,,,,,,,153.0,6129.0,,,0.0,,1.0,,,,,,,,,,,,,,,,10794160.0,,,,,,,,,,,,4.895,0.0,,,,,0.0,,212.0,112.0,,,,0.0,0.0,,,,0.0,,,,""
17999777761,"Apr 6, 2026, 12:11:49 PM",Afternoon Weight Training,Weight Training,,3870,0,155.0,8,,,,activities/19100409397.fit.gz,,,3870.0,3870.0,0.0,0.0,0.0,0.0,0.0,0.0,0.0,0.0,0.0,,,,,155.0,105.0,,,381.0,,,8.0,,,,,,,,,,,,,0.0,,1.0,,,,,,,,,,,,,,,,,,,,,,,,,,,,0.0,0.0,,,,,0.0,,,,,,434.0,,,,,,,,,,""
17937677529,"Apr 1, 2026, 12:04:15 PM",Afternoon Weight Training,Weight Training,,4208,0,170.0,11,,,,activities/19037756342.fit.gz,,,4208.0,4208.0,0.0,0.0,0.0,0.0,0.0,0.0,0.0,0.0,0.0,,,,,170.0,118.0,,,523.0,,,11.0,,,,,,,,,,,,,0.0,,1.0,,,,,,,,,,,,,,,,,,,,,,,,,,,,0.0,0.0,,,,,0.0,,,,,,794.0,,,,,,,,,,""
17911968241,"Mar 30, 2026, 11:57:04 AM",Afternoon Weight Training,Weight Training,,3631,0,154.0,9,,,,activities/19011883454.fit.gz,,,3631.0,3631.0,0.0,0.0,0.0,0.0,0.0,0.0,0.0,0.0,0.0,,,,,154.0,117.0,,,448.0,,,9.0,,,,,,,,,,,,,0.0,,1.0,,,,,,,,,,,,,,,,,,,,,,,,,,,,0.0,0.0,,,,,0.0,,,,,,576.0,,,,,,,,,,""
17908046215,"Mar 30, 2026, 1:01:56 AM",Morning Ride,Ride,"😅 Slightly overtrained
🐶 Free Training (moderate intensity)
🚵 Concentrated Ride
🧀 Fat 34.8%, 🍞 Carb 65.2%
🕯️ Matches 10.2
🔋 Maximum discharge 55.9%


--- Insights by Riduck ---
",6709,34.68,171.0,22,,,Shanyon,activities/19007898831.fit.gz,,7.7,6709.0,5718.0,34680.3,12.62,6.065,207.0,217.0,555.2,660.6,25.0,0.0,,,101.0,63.0,171.0,132.0,,99.0,731.0,,24.0,22.0,567272.0,,,,,,,,130.0,5869.0,,,0.0,,1.0,,,,,,,,,,,,,,,,10794160.0,,,,,,,,,,,,5.169,3256.4,,,,,0.0,,146.0,95.0,,,,0.0,0.0,,,,0.0,,,,""
17861491986,"Mar 26, 2026, 1:19:04 AM",Morning Ride,Ride,"😨 Overtraining warning
🐺 VO2Max Training (medium-high intensity)
🚵 Free Ride
🧀 Fat 27.6%, 🍞 Carb 72.4%
🕯️ Matches 17.2
🔋 Maximum discharge 36.8%


--- Insights by Riduck ---
",14228,43.42,162.0,33,,,Shanyon,activities/18961013371.fit.gz,,7.7,14228.0,6535.0,43424.3,12.98,6.645,219.0,236.0,538.8,600.0,17.2,0.0,,,105.0,68.0,162.0,140.0,,101.0,856.0,,27.0,33.0,667701.0,,,,,,,,120.0,7271.0,,,0.0,,1.0,,,,,,,,,,,,,,,,10794160.0,,,,,,,,,,,,3.052,1862.5,,,,,0.0,,155.0,88.0,,,,0.0,0.0,,,,0.0,,,,""
17848980951,"Mar 25, 2026, 3:14:16 AM",Morning Ride,Ride,"😨 Overtraining warning
🦆 ETC Training ()
🚵 Concentrated Ride
🧀 Fat 25.3%, 🍞 Carb 74.7%
🕯️ Matches 4.1
🔋 Maximum discharge 61.1%


--- Insights by Riduck ---
",932,5.13,178.0,9,,,Shanyon,activities/18948444524.fit.gz,,7.7,932.0,932.0,5129.7,8.86,5.504,48.0,6.0,569.4,614.2,46.2,0.9,,,100.0,65.0,178.0,152.0,,125.0,141.0,,27.0,9.0,114834.0,,,,,,,,158.0,924.0,,,0.0,,1.0,,,,,,,,,,,,,,,,10794160.0,,,,,,,,,,,,5.504,487.8,,,,,0.0,,34.0,115.0,,,,0.0,0.0,,,,0.0,,,,""
17848756477,"Mar 25, 2026, 12:53:52 AM",Morning Ride,Ride,"😨 Overtraining warning
🐴 Racepace Training (threshold intensity)
🚵 Concentrated Ride
🧀 Fat 27.1%, 🍞 Carb 72.9%
🕯️ Matches 14.6
🔋 Maximum discharge 51%


--- Insights by Riduck ---
",6046,40.11,170.0,37,,,Shanyon,activities/18948218845.fit.gz,,7.7,6046.0,6001.0,40110.6,16.74,6.684,217.0,271.0,542.8,643.0,11.1,-0.2,,,104.0,70.0,170.0,144.0,,110.0,839.0,,23.0,37.0,666452.0,,,,,,,,134.0,6043.0,,,0.0,,1.0,,,,,,,,,,,,,,,,10794160.0,,,,,,,,,,,,6.634,3286.6,,,,,0.0,,160.0,98.0,,,,0.0,0.0,,,,0.0,,,,""
17839451171,"Mar 24, 2026, 11:09:27 AM",Afternoon Walk,Walk,,3550,2.28,125.0,3,,,Saucony Hurricane 23 Stable Hurricane,activities/18938902146.fit.gz,,,3550.0,1723.0,2280.7,8.82,1.324,24.0,30.0,565.4,602.2,49.3,-0.8,,,101.0,52.0,125.0,108.0,,,236.0,,,3.0,,,,,,,,,,,,,0.0,,1.0,,,,,,,,,,,,,,,,,9758854.0,,,,,,,,,,,0.642,828.1,,,,2914.0,0.0,,,,,,,,,,,,,,,,""
17810362361,"Mar 22, 2026, 12:51:07 AM",Morning Ride,Ride,"😍 Best training status
🐆 High Intensity Training (high intensity)
🚵 Concentrated Ride
🧀 Fat 34.3%, 🍞 Carb 65.7%
🕯️ Matches 13.1
🔋 Maximum discharge 50.2%


--- Insights by Riduck ---
",8490,35.20,174.0,22,,,Shanyon,activities/18909584999.fit.gz,,7.7,8490.0,6278.0,35199.4,15.6,5.607,275.0,283.0,573.4,654.8,16.0,0.0,,,100.0,62.0,174.0,127.0,,91.0,759.0,,21.0,22.0,577168.0,,,,,,,,131.0,6913.0,,,0.0,,1.0,,,,,,,,,,,,,,,,10794160.0,,,,,,,,,,,,4.146,3552.6,,,,,0.0,,173.0,95.0,,,,0.0,0.0,,,,0.0,,,,""
17797912649,"Mar 21, 2026, 2:53:50 AM",Morning Ride,Ride,"😃 Keeping it steady
🦆 ETC Training ()
🚵 Concentrated Ride
🧀 Fat 22.9%, 🍞 Carb 77.1%
🕯️ Matches 3.3
🔋 Maximum discharge 23.2%


--- Insights by Riduck ---
",1109,5.61,161.0,8,,,Shanyon,activities/18896988547.fit.gz,,7.7,1109.0,1026.0,5616.1,8.34,5.474,47.0,8.0,569.4,615.4,38.2,0.8,,,99.0,68.0,161.0,149.0,,120.0,154.0,,24.0,8.0,124323.0,,,,,,,,127.0,1110.0,,,0.0,,1.0,,,,,,,,,,,,,,,,10794160.0,,,,,,,,,,,,5.064,149.0,,,,,0.0,,26.0,92.0,,,,0.0,0.0,,,,0.0,,,,""
17797779459,"Mar 21, 2026, 12:31:16 AM",Morning Ride,Ride,"😐 Low-Load Tapering
🐆 High Intensity Training (high intensity)
🚵 Concentrated Ride
🧀 Fat 22.7%, 🍞 Carb 77.3%
🕯️ Matches 28.3
🔋 Maximum discharge 59.7%


--- Insights by Riduck ---
",7173,53.22,173.0,66,,,Shanyon,activities/18896853858.fit.gz,,7.7,7173.0,7156.0,53220.5,13.82,7.437,283.0,314.0,553.4,641.0,40.0,-0.1,,,103.0,76.0,173.0,152.0,,124.0,1098.0,,20.0,66.0,891593.0,,,,,,,,144.0,7174.0,,,0.0,,1.0,,,,,,,,,,,,,,,,10794160.0,,,,,,,,,,,,7.42,758.1,,,,,0.0,,216.0,104.0,,,,0.0,0.0,,,,0.0,,,,""
17797129833,"Mar 21, 2026, 12:28:55 AM",Morning Ride,Ride,"😮 Need more training
🦆 ETC Training ()
🧀 Fat 44.8%, 🍞 Carb 55.2%
🔋 Maximum discharge 0.2%


--- Insights by Riduck ---
",155,0.98,139.0,0,,,Shanyon,activities/18896198826.fit.gz,,7.7,155.0,155.0,987.1,9.5,6.368,0.0,15.0,584.2,601.0,0.6,-1.7,,,85.0,67.0,139.0,121.0,,60.0,13.0,,,0.0,8955.0,,,,,,,,63.0,146.0,,,0.0,,1.0,,,,,,,,,,,,,,,,10794160.0,,,,,,,,,,,,6.368,123.3,,,,,0.0,,0.0,46.0,,,,0.0,0.0,,,,0.0,,,,""
17738273012,"Mar 16, 2026, 2:48:33 AM",Morning Weight Training,Weight Training,,3033,0,158.0,6,,,,activities/18837086474.fit.gz,,,3033.0,3033.0,0.0,0.0,0.0,0.0,0.0,0.0,0.0,0.0,0.0,,,,,158.0,102.0,,,281.0,,,6.0,,,,,,,,,,,,,0.0,,1.0,,,,,,,,,,,,,,,,,,,,,,,,,,,,0.0,0.0,,,,,0.0,,,,,,456.0,,,,,,,,,,""
17714524764,"Mar 14, 2026, 3:34:51 AM",Morning Ride,Ride,"😐 Low-Load Tapering
🦆 ETC Training ()
🚵 Free Ride
🧀 Fat 24.4%, 🍞 Carb 75.6%
🕯️ Matches 3
🔋 Maximum discharge 20.4%


--- Insights by Riduck ---
",1053,5.36,168.0,9,,,Shanyon,activities/18813081603.fit.gz,,7.7,1053.0,1012.0,5362.5,9.82,5.299,42.0,7.0,569.4,611.6,48.9,0.8,,,91.0,67.0,168.0,153.0,,113.0,142.0,,28.0,9.0,113888.0,,,,,,,,119.0,1054.0,,,0.0,,1.0,,,,,,,,,,,,,,,,10794160.0,,,,,,,,,,,,5.093,157.0,,,,,0.0,,21.0,86.0,,,,0.0,0.0,,,,0.0,,,,""
17714345872,"Mar 14, 2026, 12:54:46 AM",Morning Ride,Ride,"😐 Low-Load Tapering
🐴 Racepace Training (threshold intensity)
🚵 Concentrated Ride
🧀 Fat 29.1%, 🍞 Carb 70.9%
🕯️ Matches 22.3
🔋 Maximum discharge 59.7%


--- Insights by Riduck ---
",7298,50.04,174.0,44,,,Shanyon,activities/18812899666.fit.gz,,7.7,7298.0,7014.0,50042.7,13.74,7.135,252.0,305.0,541.8,608.6,8.9,-0.1,,,107.0,68.0,174.0,144.0,,108.0,967.0,,23.0,44.0,764645.0,,,,,,,,136.0,7149.0,,,0.0,,1.0,,,,,,,,,,,,,,,,10794160.0,,,,,,,,,,,,6.857,185.0,,,,,0.0,,193.0,99.0,,,,0.0,0.0,,,,0.0,,,,""
17704002527,"Mar 13, 2026, 2:41:12 AM",Morning HIIT,Workout,,1397,0,211.0,17,,,,activities/18802503302.fit.gz,,,1397.0,1397.0,0.0,0.0,0.0,0.0,0.0,0.0,0.0,0.0,0.0,,,,,211.0,156.0,,,316.0,,,17.0,,,,,,,,,,,,,0.0,,1.0,,,,,,,,,,,,,,,,,,,,,,,,,,,,0.0,0.0,,,,,0.0,,,,,,100.0,,,,,,,,,,""
17659428701,"Mar 9, 2026, 12:00:07 PM",Afternoon Weight Training,Weight Training,,3711,0,148.0,8,,,,activities/18757760950.fit.gz,,,3711.0,3711.0,0.0,0.0,0.0,0.0,0.0,0.0,0.0,0.0,0.0,,,,,148.0,110.0,,,397.0,,,8.0,,,,,,,,,,,,,0.0,,1.0,,,,,,,,,,,,,,,,,,,,,,,,,,,,0.0,0.0,,,,,0.0,,,,,,650.0,,,,,,,,,,""
17631217039,"Mar 7, 2026, 12:51:26 AM",Morning Ride,Ride,"😍 Best training status
🐶 Free Training (moderate intensity)
🚵 Hillclimb Ride
🧀 Fat 28.3%, 🍞 Carb 71.7%
🕯️ Matches 22.6
🔋 Maximum discharge 64.5%


--- Insights by Riduck ---
",11057,52.14,168.0,34,,,Shanyon,activities/18729234783.fit.gz,,7.7,11057.0,8200.0,52146.8,16.6,6.359,328.0,345.0,537.0,624.0,13.7,-0.1,,,97.0,62.0,168.0,134.0,,101.0,1076.0,,21.0,34.0,839056.0,,,,,,,,130.0,8749.0,,,0.0,,1.0,,,,,,,,,,,,,,,,10794160.0,,,,,,,,,,,,4.716,3288.4,,,,,0.0,,204.0,92.0,,,,0.0,0.0,,,,0.0,,,,""
17624010403,"Mar 6, 2026, 11:59:16 AM",Afternoon HIIT,Workout,,2806,0,170.0,26,,,,activities/18721976102.fit.gz,,,2806.0,2806.0,0.0,0.0,0.0,0.0,0.0,0.0,0.0,0.0,0.0,,,,,170.0,152.0,,,606.0,,,26.0,,,,,,,,,,,,,0.0,,1.0,,,,,,,,,,,,,,,,,,,,,,,,,,,,0.0,0.0,,,,,0.0,,,,,,88.0,,,,,,,,,,""
17612874242,"Mar 5, 2026, 11:58:34 AM",Afternoon Weight Training,Weight Training,,4100,0,158.0,8,,,,activities/18710789623.fit.gz,,,4100.0,4100.0,0.0,0.0,0.0,0.0,0.0,0.0,0.0,0.0,0.0,,,,,158.0,104.0,,,381.0,,,8.0,,,,,,,,,,,,,0.0,,1.0,,,,,,,,,,,,,,,,,,,,,,,,,,,,0.0,0.0,,,,,0.0,,,,,,512.0,,,,,,,,,,""
17608643078,"Mar 5, 2026, 1:48:21 AM",Morning Ride,Ride,"😨 Overtraining warning
🐆 High Intensity Training (high intensity)
🚵 Irregular course Ride
🧀 Fat 25.9%, 🍞 Carb 74.1%
🕯️ Matches 12.5
🔋 Maximum discharge 30.8%


--- Insights by Riduck ---
",4204,24.47,164.0,15,,,Shanyon,activities/18706529643.fit.gz,,7.7,4204.0,3773.0,24475.1,13.42,6.487,132.0,145.0,548.8,614.2,22.2,-0.1,,,95.0,62.0,164.0,135.0,,92.0,460.0,,22.0,15.0,351240.0,,,,,,,,113.0,4176.0,,,0.0,,1.0,,,,,,,,,,,,,,,,10794160.0,,,,,,,,,,,,5.822,3599.0,,,,,0.0,,73.0,80.0,,,,0.0,0.0,,,,0.0,,,,""
17586364823,"Mar 3, 2026, 10:41:00 AM",Afternoon Pickleball,Workout,,2268,0.04,155.0,6,,,,activities/18684248815.fit.gz,,,2268.0,2268.0,43.5,0.4,0.019,0.0,0.0,0.0,0.0,0.0,0.0,,,79.0,54.0,155.0,119.0,,,270.0,,,6.0,,,,,,,,,,,,,0.0,,1.0,,,,,,,,,,,,,,,,,,,,,,,,,,,,0.019,0.0,,,,672.0,0.0,,,,,,672.0,,,,,,,,,,""
17575238034,"Mar 2, 2026, 12:28:29 PM",Afternoon Hike,Hike,,284,0.28,175.0,5,,,Saucony Hurricane 23 Stable Hurricane,activities/18673078312.fit.gz,,,284.0,262.0,286.3,2.775,1.093,61.0,0.0,590.0,653.6,36.2,22.0,,,75.0,60.0,175.0,162.0,,,71.0,,,5.0,,,,,,,,,,,,,0.0,,1.0,,,,,,,,,,,,,,,,,9758854.0,,,,,,,,,,,1.008,286.3,,,,422.0,0.0,,,,,,422.0,,,,,,,,,,""
17572079954,"Mar 2, 2026, 3:40:12 AM",Morning Weight Training,Weight Training,,3954,0,157.0,10,,,,activities/18669896382.fit.gz,,,3954.0,3954.0,0.0,0.0,0.0,0.0,0.0,0.0,0.0,0.0,0.0,,,,,157.0,118.0,,,471.0,,,10.0,,,,,,,,,,,,,0.0,,1.0,,,,,,,,,,,,,,,,,,,,,,,,,,,,0.0,0.0,,,,,0.0,,,,,,652.0,,,,,,,,,,""
17559767767,"Mar 1, 2026, 1:13:06 AM",Morning Ride,Ride,"😨 Overtraining warning
🐆 High Intensity Training (high intensity)
🚵 Concentrated Ride
🧀 Fat 26.8%, 🍞 Carb 73.2%
🕯️ Matches 18.4
🔋 Maximum discharge 67.1%


--- Insights by Riduck ---
",9339,30.76,169.0,28,,,Shanyon,activities/18657444012.fit.gz,,7.7,9339.0,5083.0,30762.7,14.82,6.052,214.0,227.0,540.6,653.2,16.7,-0.1,,,102.0,61.0,169.0,140.0,,104.0,679.0,,18.0,28.0,533063.0,,,,,,,,128.0,5798.0,,,0.0,,1.0,,,,,,,,,,,,,,,,10794160.0,,,,,,,,,,,,3.294,1351.9,,,,,0.0,,133.0,91.0,,,,0.0,0.0,,,,0.0,,,,""
17548232438,"Feb 28, 2026, 5:00:12 AM",Morning Ride,Ride,"😨 Overtraining warning
🦆 ETC Training ()
🚵 Concentrated Ride
🧀 Fat 25.5%, 🍞 Carb 74.5%
🕯️ Matches 4.1
🔋 Maximum discharge 36.4%


--- Insights by Riduck ---
",1104,4.76,167.0,8,,,Shanyon,activities/18645787107.fit.gz,,7.7,1104.0,991.0,4763.4,8.66,4.807,48.0,8.0,567.6,617.0,36.4,1.0,,,94.0,60.0,167.0,149.0,,111.0,141.0,,28.0,8.0,112407.0,,,,,,,,127.0,1100.0,,,0.0,,1.0,,,,,,,,,,,,,,,,10794160.0,,,,,,,,,,,,4.315,219.0,,,,,0.0,,25.0,91.0,,,,0.0,0.0,,,,0.0,,,,""
17547808431,"Feb 28, 2026, 12:34:19 AM",Morning Ride,Ride,"😨 Overtraining warning
🐺 VO2Max Training (medium-high intensity)
🚵 Hillclimb Ride
🧀 Fat 24.5%, 🍞 Carb 75.5%
🕯️ Matches 22.3
🔋 Maximum discharge 59.4%


--- Insights by Riduck ---
",8677,53.06,173.0,49,,,Shanyon,activities/18645358216.fit.gz,,7.7,8677.0,7797.0,53059.5,16.84,6.805,301.0,355.0,538.4,642.8,26.1,-0.1,,,106.0,66.0,173.0,143.0,,106.0,1064.0,,18.0,49.0,838475.0,,,,,,,,126.0,8353.0,,,0.0,,1.0,,,,,,,,,,,,,,,,10794160.0,,,,,,,,,,,,6.115,2483.7,,,,,0.0,,208.0,95.0,,,,0.0,0.0,,,,0.0,,,,""
17540817205,"Feb 27, 2026, 12:01:05 PM",Afternoon HIIT,Workout,,2938,0,204.0,29,,,,activities/18638341917.fit.gz,,,2938.0,2938.0,0.0,0.0,0.0,0.0,0.0,0.0,0.0,0.0,0.0,,,,,204.0,151.0,,,601.0,,,29.0,,,,,,,,,,,,,0.0,,1.0,,,,,,,,,,,,,,,,,,,,,,,,,,,,0.0,0.0,,,,,0.0,,,,,,36.0,,,,,,,,,,""
17537190961,"Feb 27, 2026, 1:05:01 AM",Morning Ride,Ride,"😨 Overtraining warning
🐆 High Intensity Training (high intensity)
🚵 Irregular course Ride
🧀 Fat 25.6%, 🍞 Carb 74.4%
🕯️ Matches 14.8
🔋 Maximum discharge 37.4%


--- Insights by Riduck ---
",6028,31.96,164.0,21,,,Shanyon,activities/18634682080.fit.gz,,7.7,6028.0,5155.0,31963.5,12.44,6.2,171.0,185.0,545.6,615.0,19.0,-0.1,,,99.0,60.0,164.0,136.0,,95.0,645.0,,19.0,21.0,496056.0,,,,,,,,117.0,5521.0,,,0.0,,1.0,,,,,,,,,,,,,,,,10794160.0,,,,,,,,,,,,5.303,8049.0,,,,,0.0,,118.0,88.0,,,,0.0,0.0,,,,0.0,,,,""
17517352990,"Feb 25, 2026, 11:44:42 AM",Afternoon Weight Training,Weight Training,,3209,0,168.0,11,,,,activities/18614782928.fit.gz,,,3209.0,3209.0,0.0,0.0,0.0,0.0,0.0,0.0,0.0,0.0,0.0,,,,,168.0,130.0,,,491.0,,,11.0,,,,,,,,,,,,,0.0,,1.0,,,,,,,,,,,,,,,,,,,,,,,,,,,,0.0,0.0,,,,,0.0,,,,,,738.0,,,,,,,,,,""
17501507194,"Feb 24, 2026, 1:24:28 AM",Morning Ride,Ride,"😨 Overtraining warning
🐆 High Intensity Training (high intensity)
🚵 Irregular course Ride
🧀 Fat 20.8%, 🍞 Carb 79.2%
🕯️ Matches 27.7
🔋 Maximum discharge 95.6%


--- Insights by Riduck ---
",4112,25.24,171.0,20,,,Shanyon,activities/18598873689.fit.gz,,7.7,4112.0,4090.0,25241.4,14.36,6.171,170.0,170.0,543.2,595.6,17.5,0.0,,,116.0,59.0,171.0,141.0,,124.0,623.0,,,20.0,504482.0,,,,,,,,147.0,4113.0,,,0.0,,1.0,,,,,,,,,,,,,,,,10794160.0,,,,,,,,,,,,6.138,3410.1,,,,,0.0,,51.0,67.0,,,,0.0,0.0,,,,0.0,,,,""
17493854503,"Feb 23, 2026, 11:42:49 AM",Afternoon Weight Training,Weight Training,,5020,0,157.0,9,,,,activities/18591221906.fit.gz,,,5020.0,5020.0,0.0,0.0,0.0,0.0,0.0,0.0,0.0,0.0,0.0,,,,,157.0,100.0,,,377.0,,,9.0,,,,,,,,,,,,,0.0,,1.0,,,,,,,,,,,,,,,,,,,,,,,,,,,,0.0,0.0,,,,,0.0,,,,,,534.0,,,,,,,,,,""
17478552543,"Feb 22, 2026, 12:51:21 AM",Morning Run,Run,"",4746,10.12,183.0,83,,,Saucony Hurricane 23 Stable Hurricane,activities/18575797144.fit.gz,,,4746.0,4743.0,10122.5,3.94,2.134,58.0,58.0,547.4,582.4,8.2,0.0,,,115.0,72.0,183.0,165.0,,301.0,990.0,,24.0,83.0,1427527.0,,,,,,,,305.0,4747.0,,,0.0,,1.0,10187.9,,,,,,,,,,,,,,,,9758854.0,,,,,,,,,,,2.133,1638.5,,,,11318.0,0.0,,1050.0,282.0,2.148,,,0.0,0.0,,,,0.0,,,,""
17434866826,"Feb 18, 2026, 2:14:47 AM",Morning Walk,Walk,,835,1.00,148.0,2,,,Saucony Hurricane 23 Stable Hurricane,activities/18531951561.fit.gz,,,835.0,808.0,1004.5,2.08,1.243,5.0,4.0,551.4,557.2,6.6,0.1,,,56.0,52.0,148.0,121.0,,,98.0,,,2.0,,,,,,,,,,,,,0.0,,1.0,,,,,,,,,,,,,,,,,9758854.0,,,,,,,,,,,1.203,1007.0,,,,1334.0,0.0,,,,,,,,,,,,,,,,""
17434864376,"Feb 18, 2026, 1:41:25 AM",Morning Run,Run,"",1930,4.00,178.0,27,,,Saucony Hurricane 23 Stable Hurricane,activities/18531949165.fit.gz,,,1930.0,1890.0,4007.9,3.66,2.121,17.0,9.0,547.4,560.2,7.0,0.2,,,79.0,72.0,178.0,155.0,,291.0,401.0,,23.0,27.0,557082.0,,,,,,,,293.0,1930.0,,,0.0,,1.0,4048.0,,,,,,,,,,,,,,,,9758854.0,,,,,,,,,,,2.077,2400.4,,,,4596.0,0.0,,394.0,271.0,2.142,,,0.0,0.0,,,,0.0,,,,""
17043555121,"Jan 14, 2026, 6:24:23 AM",Lunch Weight Training,Weight Training,,3990,0,156.0,9,,,,activities/18137709928.fit.gz,,,3990.0,3990.0,0.0,0.0,0.0,0.0,0.0,0.0,0.0,0.0,0.0,,,,,156.0,109.0,,,413.0,,,9.0,,,,,,,,,,,,,0.0,,1.0,,,,,,,,,,,,,,,,,,,,,,,,,,,,0.0,0.0,,,,,0.0,,,,,,392.0,,,,,,,,,,""
17022230938,"Jan 12, 2026, 12:10:25 PM",Afternoon HIIT,Workout,,2347,0,173.0,13,,,,activities/18116262564.fit.gz,,,2347.0,2347.0,0.0,0.0,0.0,0.0,0.0,0.0,0.0,0.0,0.0,,,,,173.0,142.0,,,458.0,,,13.0,,,,,,,,,,,,,0.0,,1.0,,,,,,,,,,,,,,,,,,,,,,,,,,,,0.0,0.0,,,,,0.0,,,,,,136.0,,,,,,,,,,""
16967383312,"Jan 7, 2026, 11:51:58 AM",Afternoon Weight Training,Weight Training,,3371,0,154.0,8,,,,activities/18060863581.fit.gz,,,3371.0,3371.0,0.0,0.0,0.0,0.0,0.0,0.0,0.0,0.0,0.0,,,,,154.0,113.0,,,390.0,,,8.0,,,,,,,,,,,,,0.0,,1.0,,,,,,,,,,,,,,,,,,,,,,,,,,,,0.0,0.0,,,,,0.0,,,,,,534.0,,,,,,,,,,""
16963897131,"Jan 7, 2026, 1:12:45 AM",Morning Ride,Ride,"😐 Low-Load Tapering
🐆 High Intensity Training (high intensity)
🚵 Concentrated Ride
🧀 Fat 20.8%, 🍞 Carb 79.2%
🕯️ Matches 32.7
🔋 Maximum discharge 73.2%


--- Insights by Riduck ---
",6566,40.08,168.0,42,,,Shanyon,activities/18057323915.fit.gz,,7.7,6566.0,6485.0,40084.1,14.04,6.181,227.0,237.0,548.6,609.8,11.9,-0.1,,,106.0,63.0,168.0,146.0,,99.0,839.0,,15.0,42.0,651614.0,,,,,,,,125.0,6567.0,,,0.0,,1.0,,,,,,,,,,,,,,,,10794160.0,,,,,,,,,,,,6.105,3933.1,,,,,0.0,,212.0,108.0,,,,0.0,0.0,,,,,,,,""
16870295825,"Dec 29, 2025, 1:25:30 AM",Morning Ride,Ride,"😍 Best training status
🦁 Sprint Training (highest intensity)
🚵 Irregular course Ride
🧀 Fat 23.3%, 🍞 Carb 76.7%
🕯️ Matches 27.6
🔋 Maximum discharge 92.1%


--- Insights by Riduck ---
",7198,23.31,171.0,22,,,Shanyon,activities/17962500138.fit.gz,,7.7,7198.0,4204.0,23312.7,10.6,5.545,146.0,161.0,550.8,616.6,21.5,-0.1,,,108.0,57.0,171.0,138.0,,104.0,562.0,,15.0,22.0,441178.0,,,,,,,,133.0,4970.0,,,0.0,,1.0,,,,,,,,,,,,,,,,10794160.0,,,,,,,,,,,,3.239,7554.1,,,,,0.0,,138.0,100.0,,,,0.0,,,,,,,,,""
16850263231,"Dec 27, 2025, 2:21:39 AM",Morning Weight Training,Weight Training,,2351,0,147.0,6,,,,activities/17942076236.fit.gz,,,2351.0,2351.0,0.0,0.0,0.0,0.0,0.0,0.0,0.0,0.0,0.0,,,,,147.0,116.0,,,313.0,,,6.0,,,,,,,,,,,,,0.0,,1.0,,,,,,,,,,,,,,,,,,,,,,,,,,,,0.0,0.0,,,,,0.0,,,,,,474.0,,,,,,,,,,""
16841116829,"Dec 26, 2025, 12:54:07 AM",Morning Ride,Ride,"😐 Low-Load Tapering
🦁 Sprint Training (highest intensity)
🚵 Concentrated Ride
🧀 Fat 20.9%, 🍞 Carb 79.1%
🕯️ Matches 37.2
🔋 Maximum discharge 71.7%


--- Insights by Riduck ---
",6207,40.11,169.0,35,,,Shanyon,activities/17932783320.fit.gz,,7.7,6207.0,6141.0,40118.4,13.02,6.533,211.0,260.0,555.2,609.6,8.0,-0.1,,,95.0,60.0,169.0,143.0,,99.0,796.0,,14.0,35.0,618732.0,,,,,,,,126.0,6187.0,,,0.0,,1.0,,,,,,,,,,,,,,,,10794160.0,,,,,,,,,,,,6.463,4282.5,,,,,0.0,,154.0,95.0,,,,0.0,,,,,,,,,""
16810422065,"Dec 22, 2025, 11:28:25 AM",Afternoon Weight Training,Weight Training,,3677,0,157.0,11,,,,activities/17901625649.fit.gz,,,3677.0,3677.0,0.0,0.0,0.0,0.0,0.0,0.0,0.0,0.0,0.0,,,,,157.0,127.0,,,524.0,,,11.0,,,,,,,,,,,,,0.0,,1.0,,,,,,,,,,,,,,,,,,,,,,,,,,,,0.0,0.0,,,,,0.0,,,,,,400.0,,,,,,,,,,""
16766878317,"Dec 17, 2025, 11:34:56 AM",Afternoon Weight Training,Weight Training,,3431,0,177.0,10,,,,activities/17857457753.fit.gz,,,3431.0,3431.0,0.0,0.0,0.0,0.0,0.0,0.0,0.0,0.0,0.0,,,,,177.0,125.0,,,487.0,,,10.0,,,,,,,,,,,,,0.0,,1.0,,,,,,,,,,,,,,,,,,,,,,,,,,,,0.0,0.0,,,,,0.0,,,,,,600.0,,,,,,,,,,""
16748510015,"Dec 15, 2025, 12:05:56 PM",Afternoon Weight Training,Weight Training,,3429,0,147.0,8,,,,activities/17838950747.fit.gz,,,3429.0,3429.0,0.0,0.0,0.0,0.0,0.0,0.0,0.0,0.0,0.0,,,,,147.0,114.0,,,399.0,,,8.0,,,,,,,,,,,,,0.0,,1.0,,,,,,,,,,,,,,,,,,,,,,,,,,,,0.0,0.0,,,,,0.0,,,,,,536.0,,,,,,,,,,""
16736499651,"Dec 14, 2025, 12:56:11 AM",Morning Ride,Ride,"😅 Slightly overtrained
🦁 Sprint Training (highest intensity)
🚵 Concentrated Ride
🧀 Fat 17.3%, 🍞 Carb 82.7%
🕯️ Matches 54.4
🔋 Maximum discharge 72.8%


--- Insights by Riduck ---
",10397,56.37,169.0,59,,,Shanyon,activities/17826753470.fit.gz,,7.7,10397.0,8466.0,56378.6,11.92,6.659,264.0,281.0,526.4,601.4,14.1,0.0,,,94.0,65.0,169.0,146.0,,102.0,1116.0,,15.0,59.0,872187.0,,,,,,,,120.0,8954.0,,,0.0,,1.0,,,,,,,,,,,,,,,,10794160.0,,,,,,,,,,,,5.423,722.9,,,,,0.0,,201.0,90.0,,,,0.0,,,,,,,,,""
16718643446,"Dec 11, 2025, 12:56:22 AM",Morning Ride,Ride,"😐 Low-Load Tapering
🚵 Concentrated Ride

--- Insights by Riduck ---
",9224,31.04,175.0,33,,,Shanyon,activities/17808623314.fit.gz,,7.7,9224.0,5030.0,31046.7,15.82,6.172,190.0,217.0,544.2,657.0,30.8,-0.1,,,,,175.0,142.0,,102.0,886.0,,14.0,33.0,,,,,,,,,,,,,0.0,,1.0,,,,,,,,,,,,,,,,10794160.0,,,,,,,,,,,,3.366,1584.5,,,,,0.0,,,,,,,0.0,,,,,,,,,""
16671578307,"Dec 7, 2025, 12:50:48 AM",Morning Ride,Ride,"😮 Need more training
🐢 Recovery (recovery intensity)
🚵 Hillclimb Ride
🧀 Fat 66.4%, 🍞 Carb 33.6%
🔋 Maximum discharge 0.9%


--- Insights by Riduck ---
",11945,51.36,170.0,42,,,The ultimate canyon,activities/17760920047.fit.gz,,7.0,11945.0,8032.0,51368.7,14.02,6.396,318.0,332.0,542.8,634.0,10.2,-0.1,,,61.0,11.0,170.0,138.0,,0.0,1292.0,,18.0,42.0,343.0,,,,,,,,3.0,2417.0,0.0,,0.0,,1.0,,,,,,,,,,,,,,,,10388125.0,,,,,,,,,,,,4.3,2769.2,,,,,0.0,,0.0,2.0,,,,0.0,,,,,,,,,""
16653281672,"Dec 5, 2025, 1:24:17 AM",Morning Ride,Ride,"😃 Keeping it steady
🦆 ETC Training ()
🚵 Concentrated Ride
🧀 Fat 20.5%, 🍞 Carb 79.5%
🕯️ Matches 1
🔋 Maximum discharge 16.1%


--- Insights by Riduck ---
",235,1.50,137.0,0,,,Shanyon,activities/17742315815.fit.gz,,7.7,235.0,213.0,1504.5,10.16,7.063,3.0,18.0,581.2,600.0,18.2,-1.0,,,86.0,63.0,137.0,119.0,,87.0,24.0,,21.0,0.0,18538.0,,,,,,,,101.0,216.0,,,0.0,,1.0,,,,,,,,,,,,,,,,10794160.0,,,,,,,,,,,,6.402,0.0,,,,,0.0,,3.0,76.0,,,,0.0,,,,,,,,,""
16596560342,"Nov 29, 2025, 4:13:31 AM",Morning Ride,Ride,"😨 Overtraining warning
🚵 Concentrated Ride

--- Insights by Riduck ---
",1125,5.65,165.0,7,,,The ultimate canyon,activities/17684683061.fit.gz,,7.0,1125.0,1058.0,5649.6,9.25,5.34,41.0,7.0,582.8,627.8,28.0,0.8,,,,,165.0,149.0,,106.0,242.0,,24.0,7.0,,,,,,,,,,,0.0,,0.0,,1.0,,,,,,,,,,,,,,,,10388125.0,,,,,,,,,,,,5.022,320.6,,,,,0.0,,,,,,,0.0,,,,,,,,,""
16596451965,"Nov 29, 2025, 12:35:45 AM",Morning Ride,Ride,"😨 Overtraining warning
🚵 Concentrated Ride

--- Insights by Riduck ---
",8333,52.65,176.0,53,,,The ultimate canyon,activities/17684570238.fit.gz,,7.0,8333.0,7167.0,52651.8,15.233,7.346,279.0,320.0,554.0,640.4,12.9,-0.1,,,,,176.0,147.0,,126.0,1359.0,,19.0,53.0,,,,,,,,,,,0.0,,0.0,,1.0,,,,,,,,,,,,,,,,10388125.0,,,,,,,,,,,,6.318,2309.9,,,,,0.0,,,,,,,0.0,,,,,,,,,""
16571950446,"Nov 26, 2025, 11:48:29 AM",Afternoon Weight Training,Weight Training,,5252,0,159.0,15,,,,activities/17659643484.fit.gz,,,5252.0,5252.0,0.0,0.0,0.0,0.0,0.0,0.0,0.0,0.0,0.0,,,,,159.0,122.0,,,648.0,,,15.0,,,,,,,,,,,,,0.0,,1.0,,,,,,,,,,,,,,,,,,,,,,,,,,,,0.0,0.0,,,,,0.0,,,,,,498.0,,,,,,,,,,""
16558348532,"Nov 25, 2025, 1:17:38 AM",Morning Ride,Ride,"😍 Best training status
🐆 High Intensity Training (high intensity)
🚵 Concentrated Ride
🧀 Fat 21.5%, 🍞 Carb 78.5%
🕯️ Matches 25.7
🔋 Maximum discharge 86.8%


--- Insights by Riduck ---
",7377,31.04,170.0,27,,,Shanyon,activities/17645779648.fit.gz,,7.7,7377.0,5182.0,31042.1,14.54,5.99,200.0,206.0,552.4,647.6,10.9,-0.1,,,97.0,57.0,170.0,139.0,,89.0,619.0,,20.0,27.0,469526.0,,,,,,,,120.0,5473.0,,,0.0,,1.0,,,,,,,,,,,,,,,,10794160.0,,,,,,,,,,,,4.208,3568.1,,,,,0.0,,123.0,90.0,,,,0.0,,,,,,,,,""
16552012113,"Nov 24, 2025, 11:53:24 AM",Afternoon Weight Training,Weight Training,,3860,0,158.0,10,,,,activities/17639400661.fit.gz,,,3860.0,3860.0,0.0,0.0,0.0,0.0,0.0,0.0,0.0,0.0,0.0,,,,,158.0,117.0,,,475.0,,,10.0,,,,,,,,,,,,,0.0,,1.0,,,,,,,,,,,,,,,,,,,,,,,,,,,,0.0,0.0,,,,,0.0,,,,,,490.0,,,,,,,,,,""
16539472191,"Nov 23, 2025, 3:39:12 AM",Morning Ride,Ride,"😃 Keeping it steady
🐶 Free Training (moderate intensity)
🚵 Free Ride
🧀 Fat 28%, 🍞 Carb 72%
🕯️ Matches 3.7
🔋 Maximum discharge 22%


--- Insights by Riduck ---
",1304,6.04,153.0,4,,,Shanyon,activities/17626665762.fit.gz,,7.7,1304.0,1247.0,6046.7,8.7,4.849,52.0,16.0,584.2,624.6,23.9,0.2,,,83.0,58.0,153.0,136.0,,80.0,136.0,,24.0,4.0,101018.0,,,,,,,,93.0,1305.0,,,0.0,,1.0,,,,,,,,,,,,,,,,10794160.0,,,,,,,,,,,,4.637,1143.4,,,,,0.0,,17.0,70.0,,,,0.0,,,,,,,,,""
16539215958,"Nov 23, 2025, 12:40:39 AM",Morning Ride,Ride,"😐 Low-Load Tapering
🐆 High Intensity Training (high intensity)
🚵 Concentrated Ride
🧀 Fat 28.3%, 🍞 Carb 71.7%
🕯️ Matches 27.2
🔋 Maximum discharge 100%


--- Insights by Riduck ---
",7128,40.01,168.0,29,,,Shanyon,activities/17626402599.fit.gz,,7.7,7128.0,6487.0,40018.3,14.62,6.169,246.0,289.0,556.0,641.6,8.2,-0.1,,,107.0,58.0,168.0,133.0,,81.0,716.0,,19.0,29.0,528687.0,,,,,,,,118.0,6669.0,,,0.0,,1.0,,,,,,,,,,,,,,,,10794160.0,,,,,,,,,,,,5.614,1270.7,,,,,0.0,,253.0,117.0,,,,0.0,,,,,,,,,""
16529517675,"Nov 22, 2025, 2:55:23 AM",Morning Run,Run,"",1814,4.00,180.0,39,,,Saucony Hurricane 23 Stable Hurricane,activities/17616574414.fit.gz,,,1814.0,1803.0,4003.1,4.32,2.22,8.0,44.0,560.2,601.6,12.0,-0.9,,,80.0,73.0,180.0,169.0,,299.0,409.0,,24.0,39.0,536984.0,,,,,,,,308.0,1807.0,,,0.0,,1.0,3958.1,,,,,,,,,,,,,,,,9758854.0,,,,,,,,,,,2.207,1405.5,,,,4352.0,0.0,,466.0,305.0,2.195,,,0.0,,,,,,,,,""
16523797051,"Nov 21, 2025, 12:01:14 PM",Afternoon Weight Training,Weight Training,,3642,0,153.0,9,,,,activities/17610787832.fit.gz,,,3642.0,3642.0,0.0,0.0,0.0,0.0,0.0,0.0,0.0,0.0,0.0,,,,,153.0,114.0,,,423.0,,,9.0,,,,,,,,,,,,,0.0,,1.0,,,,,,,,,,,,,,,,,,,,,,,,,,,,0.0,0.0,,,,,0.0,,,,,,592.0,,,,,,,,,,""
16494425006,"Nov 18, 2025, 12:17:27 PM",Afternoon Weight Training,Weight Training,,3019,0,161.0,9,,,,activities/17581158906.fit.gz,,,3019.0,3019.0,0.0,0.0,0.0,0.0,0.0,0.0,0.0,0.0,0.0,,,,,161.0,123.0,,,418.0,,,9.0,,,,,,,,,,,,,0.0,,1.0,,,,,,,,,,,,,,,,,,,,,,,,,,,,0.0,0.0,,,,,0.0,,,,,,450.0,,,,,,,,,,""
16484526512,"Nov 17, 2025, 11:42:50 AM",Afternoon Weight Training,Weight Training,,6231,0,157.0,13,,,,activities/17571206774.fit.gz,,,6231.0,6231.0,0.0,0.0,0.0,0.0,0.0,0.0,0.0,0.0,0.0,,,,,157.0,105.0,,,586.0,,,13.0,,,,,,,,,,,,,0.0,,1.0,,,,,,,,,,,,,,,,,,,,,,,,,,,,0.0,0.0,,,,,0.0,,,,,,500.0,,,,,,,,,,""
16471190162,"Nov 16, 2025, 1:02:52 AM",Morning Ride,Ride,"😐 Low-Load Tapering
🐆 High Intensity Training (high intensity)
🚵 Concentrated Ride
🧀 Fat 28.1%, 🍞 Carb 71.9%
🕯️ Matches 24.6
🔋 Maximum discharge 52.4%


--- Insights by Riduck ---
",9472,38.78,160.0,24,,,Shanyon,activities/17557706105.fit.gz,,7.7,9472.0,6991.0,38781.5,10.28,5.547,200.0,219.0,533.8,603.6,10.1,-0.1,,,93.0,55.0,160.0,128.0,,77.0,746.0,,16.0,24.0,543854.0,,,,,,,,108.0,7409.0,,,0.0,,1.0,,,,,,,,,,,,,,,,10794160.0,,,,,,,,,,,,4.094,5247.2,,,,,0.0,,174.0,92.0,,,,0.0,,,,,,,,,""
16435207562,"Nov 12, 2025, 11:49:38 AM",Afternoon Weight Training,Weight Training,,3565,0,151.0,9,,,,activities/17521453953.fit.gz,,,3565.0,3565.0,0.0,0.0,0.0,0.0,0.0,0.0,0.0,0.0,0.0,,,,,151.0,118.0,,,447.0,,,9.0,,,,,,,,,,,,,0.0,,1.0,,,,,,,,,,,,,,,,,,,,,,,,,,,,0.0,0.0,,,,,0.0,,,,,,346.0,,,,,,,,,,""
16413680202,"Nov 10, 2025, 11:48:14 AM",Afternoon Weight Training,Weight Training,,3713,0,163.0,10,,,,activities/17499800725.fit.gz,,,3713.0,3713.0,0.0,0.0,0.0,0.0,0.0,0.0,0.0,0.0,0.0,,,,,163.0,118.0,,,472.0,,,10.0,,,,,,,,,,,,,0.0,,1.0,,,,,,,,,,,,,,,,,,,,,,,,,,,,0.0,0.0,,,,,0.0,,,,,,664.0,,,,,,,,,,""
16399744121,"Nov 9, 2025, 12:48:55 AM",Morning Ride,Ride,"😐 Low-Load Tapering
🐆 High Intensity Training (high intensity)
🚵 Concentrated Ride
🧀 Fat 24.2%, 🍞 Carb 75.8%
🕯️ Matches 23
🔋 Maximum discharge 66%


--- Insights by Riduck ---
",5565,30.99,166.0,22,,,Shanyon,activities/17485698618.fit.gz,,7.7,5565.0,5531.0,30997.6,16.8,5.604,216.0,227.0,549.0,649.0,14.4,-0.1,,,100.0,55.0,166.0,131.0,,79.0,597.0,,16.0,22.0,437786.0,,,,,,,,118.0,5534.0,,,0.0,,1.0,,,,,,,,,,,,,,,,10794160.0,,,,,,,,,,,,5.57,4204.6,,,,,0.0,,156.0,101.0,,,,0.0,,,,,,,,,""
16383378775,"Nov 7, 2025, 11:55:05 AM",Afternoon Weight Training,Weight Training,,3218,0,157.0,8,,,,activities/17469174065.fit.gz,,,3218.0,3218.0,0.0,0.0,0.0,0.0,0.0,0.0,0.0,0.0,0.0,,,,,157.0,113.0,,,367.0,,,8.0,,,,,,,,,,,,,0.0,,1.0,,,,,,,,,,,,,,,,,,,,,,,,,,,,0.0,0.0,,,,,0.0,,,,,,496.0,,,,,,,,,,""
16373498101,"Nov 6, 2025, 12:07:08 PM",Afternoon Weight Training,Weight Training,,3247,0,164.0,9,,,,activities/17459225845.fit.gz,,,3247.0,3247.0,0.0,0.0,0.0,0.0,0.0,0.0,0.0,0.0,0.0,,,,,164.0,118.0,,,404.0,,,9.0,,,,,,,,,,,,,0.0,,1.0,,,,,,,,,,,,,,,,,,,,,,,,,,,,0.0,0.0,,,,,0.0,,,,,,392.0,,,,,,,,,,""
16308196388,"Oct 31, 2025, 2:11:54 AM",Morning Walk,Walk,,977,1.33,139.0,3,,,Saucony Hurricane 23 Stable Hurricane,activities/17393101781.fit.gz,,,977.0,977.0,1331.4,2.163,1.363,8.0,9.0,548.6,558.2,18.9,-0.2,,,75.0,54.0,139.0,127.0,,,127.0,,,3.0,,,,,,,,,,,,,0.0,,1.0,,,,,,,,,,,,,,,,,9758854.0,,,,,,,,,,,1.363,1332.5,,,,1740.0,0.0,,,,,,,,,,,,,,,,""
16308194650,"Oct 31, 2025, 1:55:12 AM",Morning Run,Run,"",920,2.01,179.0,12,,,Saucony Hurricane 23 Stable Hurricane,activities/17393100022.fit.gz,,,920.0,915.0,2013.3,3.24,2.2,4.0,1.0,555.8,559.8,4.0,0.1,,,83.0,73.0,179.0,159.0,,301.0,205.0,,25.0,12.0,274469.0,,,,,,,,311.0,921.0,,,0.0,,1.0,2024.6,,,,,,,,,,,,,,,,9758854.0,,,,,,,,,,,2.188,2015.1,,,,2166.0,0.0,,180.0,266.0,2.213,,,0.0,,,,,,,,,""
16291867082,"Oct 29, 2025, 11:47:56 AM",Afternoon Weight Training,Weight Training,,2872,0,147.0,7,,,,activities/17376650907.fit.gz,,,2872.0,2872.0,0.0,0.0,0.0,0.0,0.0,0.0,0.0,0.0,0.0,,,,,147.0,118.0,,,364.0,,,7.0,,,,,,,,,,,,,0.0,,1.0,,,,,,,,,,,,,,,,,,,,,,,,,,,,0.0,0.0,,,,,0.0,,,,,,506.0,,,,,,,,,,""
16288479546,"Oct 29, 2025, 3:29:33 AM",Morning Ride,Ride,"😐 Low-Load Tapering
🐆 High Intensity Training (high intensity)
🚵 Free Ride
🧀 Fat 30.9%, 🍞 Carb 69.1%
🕯️ Matches 5.1
🔋 Maximum discharge 34.6%


🔗 https://strava.com/clubs/riduck
",1351,6.32,161.0,6,,,Shanyon,activities/17373225586.fit.gz,,7.7,1351.0,1299.0,6320.2,7.86,4.865,41.0,7.0,580.2,624.4,20.0,0.7,,,90.0,48.0,161.0,138.0,,72.0,131.0,,25.0,6.0,94146.0,,,,,,,,90.0,1329.0,,,0.0,,1.0,,,,,,,,,,,,,,,,10794160.0,,,,,,,,,,,,4.678,619.9,,,,,0.0,,21.0,77.0,,,,0.0,,,,,,,,,""
16288264792,"Oct 29, 2025, 12:48:48 AM",Morning Ride,Ride,"😐 Low-Load Tapering
🐺 VO2Max Training (medium-high intensity)
🚵 Free Ride
🧀 Fat 29.6%, 🍞 Carb 70.4%
🕯️ Matches 10.4
🔋 Maximum discharge 44.4%


🔗 https://strava.com/clubs/riduck
",6571,37.95,170.0,24,,,Shanyon,activities/17373006876.fit.gz,,7.7,6571.0,6477.0,37951.1,14.28,5.859,218.0,259.0,554.6,640.6,7.3,-0.1,,,110.0,53.0,170.0,130.0,,68.0,635.0,,22.0,24.0,447774.0,,,,,,,,104.0,6562.0,,,0.0,,1.0,,,,,,,,,,,,,,,,10794160.0,,,,,,,,,,,,5.776,1212.8,,,,,0.0,,144.0,89.0,,,,0.0,,,,,,,,,""
16206894190,"Oct 21, 2025, 1:13:13 AM",Morning Ride,Ride,"😃 Keeping it steady
🐆 High Intensity Training (high intensity)
🚵 Irregular course Ride
🧀 Fat 22.2%, 🍞 Carb 77.8%
🕯️ Matches 12.8
🔋 Maximum discharge 34.2%


🔗 https://strava.com/clubs/riduck
",3744,21.12,163.0,19,,,Shanyon,activities/17290914854.fit.gz,,7.7,3744.0,3457.0,21128.0,14.02,6.112,109.0,119.0,552.8,610.4,9.0,-0.1,,,96.0,59.0,163.0,142.0,,85.0,397.0,,23.0,19.0,297371.0,,,,,,,,103.0,3745.0,,,0.0,,1.0,,,,,,,,,,,,,,,,10794160.0,,,,,,,,,,,,5.643,1038.0,,,,,0.0,,80.0,88.0,,,,0.0,,,,,,,,,""
16186494874,"Oct 19, 2025, 1:01:07 AM",Morning Ride,Ride,"😐 Low-Load Tapering
🐆 High Intensity Training (high intensity)
🚵 Hillclimb Ride
🧀 Fat 23.2%, 🍞 Carb 76.8%
🕯️ Matches 28.3
🔋 Maximum discharge 57.6%


🔗 https://strava.com/clubs/riduck
",8584,50.54,174.0,76,,,Shanyon,activities/17270350141.fit.gz,,7.7,8584.0,8010.0,50543.3,14.34,6.31,305.0,312.0,553.0,609.0,19.8,0.0,,,102.0,63.0,174.0,152.0,,89.0,958.0,,24.0,76.0,725269.0,,,,,,,,111.0,8374.0,,,0.0,,1.0,,,,,,,,,,,,,,,,10794160.0,,,,,,,,,,,,5.888,1296.4,,,,,0.0,,209.0,95.0,,,,0.0,,,,,,,,,""
16179948357,"Oct 18, 2025, 12:14:36 PM",Afternoon Walk,Walk,,2223,3.03,168.0,7,,,Saucony Hurricane 23 Stable Hurricane,activities/17263714042.fit.gz,,,2223.0,2144.0,3031.8,4.917,1.414,22.0,21.0,592.0,611.4,19.7,0.0,,,112.0,55.0,168.0,126.0,,,272.0,,,7.0,,,,,,,,,,,,,0.0,,1.0,,,,,,,,,,,,,,,,,9758854.0,,,,,,,,,,,1.364,300.7,,,,3572.0,0.0,,,,,,,,,,,,,,,,""
16137134166,"Oct 14, 2025, 11:41:44 AM",Afternoon Weight Training,Weight Training,,2730,0,174.0,10,,,,activities/17220522623.fit.gz,,,2730.0,2730.0,0.0,0.0,0.0,0.0,0.0,0.0,0.0,0.0,0.0,,,,,174.0,133.0,,,444.0,,,10.0,,,,,,,,,,,,,0.0,,1.0,,,,,,,,,,,,,,,,,,,,,,,,,,,,0.0,0.0,,,,,0.0,,,,,,302.0,,,,,,,,,,""
16074445166,"Oct 8, 2025, 12:21:44 PM",Afternoon Weight Training,Weight Training,,2929,0,145.0,5,,,,activities/17157130100.fit.gz,,,2929.0,2929.0,0.0,0.0,0.0,0.0,0.0,0.0,0.0,0.0,0.0,,,,,145.0,98.0,,,255.0,,,5.0,,,,,,,,,,,,,0.0,,1.0,,,,,,,,,,,,,,,,,,,,,,,,,,,,0.0,0.0,,,,,0.0,,,,,,588.0,,,,,,,,,,""
16051281696,"Oct 6, 2025, 12:16:50 PM",Afternoon Weight Training,Weight Training,,750,0,150.0,2,,,,activities/17133756281.fit.gz,,,750.0,750.0,0.0,0.0,0.0,0.0,0.0,0.0,0.0,0.0,0.0,,,,,150.0,118.0,,,109.0,,,2.0,,,,,,,,,,,,,0.0,,1.0,,,,,,,,,,,,,,,,,,,,,,,,,,,,0.0,0.0,,,,,0.0,,,,,,142.0,,,,,,,,,,""
16036512582,"Oct 5, 2025, 2:21:04 AM",Morning Ride,Ride,"😮 Need more training
🐺 VO2Max Training (medium-high intensity)
🚵 Concentrated Ride
🧀 Fat 25.3%, 🍞 Carb 74.7%
🕯️ Matches 6.4
🔋 Maximum discharge 60.1%


🔗 https://strava.com/clubs/riduck
",1937,10.05,164.0,11,,,Shanyon,activities/17118747021.fit.gz,,7.7,1937.0,1887.0,10052.3,14.52,5.327,101.0,106.0,580.4,656.2,23.1,-0.2,,,93.0,51.0,164.0,140.0,,90.0,226.0,,24.0,11.0,171932.0,,,,,,,,136.0,1931.0,,,0.0,,1.0,,,,,,,,,,,,,,,,10794160.0,,,,,,,,,,,,5.19,234.5,,,,,0.0,,137.0,160.0,,,,0.0,,,,,,,,,""
15909657811,"Sep 23, 2025, 12:38:29 PM",Evening Weight Training,Weight Training,,2944,0,147.0,7,,,,activities/16989561846.fit.gz,,,2944.0,2944.0,0.0,0.0,0.0,0.0,0.0,0.0,0.0,0.0,0.0,,,,,147.0,116.0,,,368.0,,,7.0,,,,,,,,,,,,,0.0,,1.0,,,,,,,,,,,,,,,,,,,,,,,,,,,,0.0,0.0,,,,,0.0,,,,,,616.0,,,,,,,,,,""
15842088276,"Sep 17, 2025, 12:00:18 PM",Afternoon Weight Training,Weight Training,,2845,0,173.0,9,,,,activities/16920197737.fit.gz,,,2845.0,2845.0,0.0,0.0,0.0,0.0,0.0,0.0,0.0,0.0,0.0,,,,,173.0,130.0,,,452.0,,,9.0,,,,,,,,,,,,,0.0,,1.0,,,,,,,,,,,,,,,,,,,,,,,,,,,,0.0,0.0,,,,,0.0,,,,,,304.0,,,,,,,,,,""
15816259675,"Sep 15, 2025, 6:24:18 AM",Lunch Weight Training,Weight Training,,3117,0,171.0,6,,,,activities/16893604224.fit.gz,,,3117.0,3117.0,0.0,0.0,0.0,0.0,0.0,0.0,0.0,0.0,0.0,,,,,171.0,102.0,,,292.0,,,6.0,,,,,,,,,,,,,0.0,,1.0,,,,,,,,,,,,,,,,,,,,,,,,,,,,0.0,0.0,,,,,0.0,,,,,,432.0,,,,,,,,,,""
15807700142,"Sep 14, 2025, 10:35:21 AM",Afternoon Pickleball,Workout,,3551,0.05,160.0,10,,,,activities/16884609572.fit.gz,,,3551.0,3551.0,57.7,0.675,0.016,0.0,0.0,0.0,0.0,0.0,0.0,,,109.0,60.0,160.0,119.0,,,329.0,,,10.0,,,,,,,,,,,,,0.0,,1.0,,,,,,,,,,,,,,,,,,,,,,,,,,,,0.016,0.0,,,,940.0,0.0,,,,,,940.0,,,,,,,,,,""
15792410044,"Sep 13, 2025, 1:58:53 AM",Morning Ride,Ride,"😐 Fresh condition
🐶 Free Training (moderate intensity)
🚵 Concentrated Ride
🧀 Fat 30.8%, 🍞 Carb 69.2%
🕯️ Matches 12.6
🔋 Maximum discharge 58.9%


🔗 https://strava.com/clubs/riduck
",8575,31.12,167.0,21,,,Shanyon,activities/16868508071.fit.gz,,7.7,8575.0,5625.0,31126.5,15.38,5.534,199.0,203.0,557.4,652.8,23.5,0.0,,,101.0,55.0,167.0,133.0,,75.0,589.0,,24.0,21.0,426526.0,,,,,,,,109.0,5822.0,,,0.0,,1.0,,,,,,,,,,,,,,,,10794160.0,,,,,,,,,,,,3.63,3174.0,,,,,0.0,,164.0,101.0,,,,0.0,,,,,,,,,""
15785523307,"Sep 12, 2025, 12:16:52 PM",Afternoon Elliptical,Elliptical,,484,0,171.0,7,,,,activities/16861231567.fit.gz,,,484.0,484.0,0.0,0.0,0.0,0.0,0.0,0.0,0.0,0.0,0.0,,,76.0,72.0,171.0,160.0,,,123.0,,,7.0,,,,,,,,,,,,,0.0,,1.0,,,,,,,,,,,,,,,,,,,,,,,,,,,,0.0,0.0,,,,852.0,0.0,,,,,,852.0,,,,,,,,,,""
15785518032,"Sep 12, 2025, 12:05:44 PM",Afternoon Weight Training,Weight Training,,640,0,156.0,2,,,,activities/16861226198.fit.gz,,,640.0,640.0,0.0,0.0,0.0,0.0,0.0,0.0,0.0,0.0,0.0,,,,,156.0,134.0,,,124.0,,,2.0,,,,,,,,,,,,,0.0,,1.0,,,,,,,,,,,,,,,,,,,,,,,,,,,,0.0,0.0,,,,,0.0,,,,,,144.0,,,,,,,,,,""
15785329035,"Sep 12, 2025, 11:52:12 AM",Afternoon Workout,Workout,,738,0,174.0,4,,,,activities/16861026125.fit.gz,,,738.0,738.0,0.0,0.0,0.0,0.0,0.0,0.0,0.0,0.0,0.0,,,,,174.0,138.0,,,128.0,,,4.0,,,,,,,,,,,,,0.0,,1.0,,,,,,,,,,,,,,,,,,,,,,,,,,,,0.0,0.0,,,,,0.0,,,,,,580.0,,,,,,,,,,""
15751471679,"Sep 9, 2025, 12:04:56 PM",Afternoon Weight Training,Weight Training,,3174,0,142.0,7,,,,activities/16825286517.fit.gz,,,3174.0,3174.0,0.0,0.0,0.0,0.0,0.0,0.0,0.0,0.0,0.0,,,,,142.0,112.0,,,354.0,,,7.0,,,,,,,,,,,,,0.0,,1.0,,,,,,,,,,,,,,,,,,,,,,,,,,,,0.0,0.0,,,,,0.0,,,,,,474.0,,,,,,,,,,""
15701685113,"Sep 5, 2025, 3:40:28 AM",Morning Ride,Ride,"😐 Fresh condition
🚵 Concentrated Ride

🔗 https://strava.com/clubs/riduck
",1096,5.36,168.0,4,,,Shanyon,activities/16772457329.fit.gz,,7.7,1096.0,1022.0,5359.6,11.3,5.244,52.0,16.0,552.6,587.4,14.6,0.6,,,,,168.0,142.0,,116.0,216.0,,,4.0,,,,,,,,,,,,,0.0,,1.0,,,,,,,,,,,,,,,,10794160.0,,,,,,,,,,,,4.89,539.9,,,,,0.0,,,,,,,0.0,,,,,,,,,""
15701397996,"Sep 5, 2025, 12:41:27 AM",Morning Ride,Ride,"😐 Fresh condition
🚵 Irregular course Ride

🔗 https://strava.com/clubs/riduck
",6114,26.26,159.0,16,,,Shanyon,activities/16772141672.fit.gz,,7.7,6114.0,4353.0,26264.2,14.18,6.034,177.0,202.0,551.0,590.8,27.3,-0.1,,,,,159.0,131.0,,100.0,700.0,,,16.0,,,,,,,,,,,,,0.0,,1.0,,,,,,,,,,,,,,,,10794160.0,,,,,,,,,,,,4.296,1814.0,,,,,0.0,,,,,,,0.0,,,,,,,,,""
15691410418,"Sep 4, 2025, 6:32:13 AM",Lunch Weight Training,Weight Training,,3122,0,156.0,8,,,,activities/16761458709.fit.gz,,,3122.0,3122.0,0.0,0.0,0.0,0.0,0.0,0.0,0.0,0.0,0.0,,,,,156.0,116.0,,,381.0,,,8.0,,,,,,,,,,,,,0.0,,1.0,,,,,,,,,,,,,,,,,,,,,,,,,,,,0.0,0.0,,,,,0.0,,,,,,404.0,,,,,,,,,,""
15682227407,"Sep 3, 2025, 11:37:00 AM",Afternoon Weight Training,Weight Training,,2752,0,157.0,8,,,,activities/16751547651.fit.gz,,,2752.0,2752.0,0.0,0.0,0.0,0.0,0.0,0.0,0.0,0.0,0.0,,,,,157.0,126.0,,,403.0,,,8.0,,,,,,,,,,,,,0.0,,1.0,,,,,,,,,,,,,,,,,,,,,,,,,,,,0.0,0.0,,,,,0.0,,,,,,310.0,,,,,,,,,,""
15669886938,"Sep 2, 2025, 11:29:10 AM",Afternoon Weight Training,Weight Training,,1606,0,139.0,3,,,,activities/16737659666.fit.gz,,,1606.0,1606.0,0.0,0.0,0.0,0.0,0.0,0.0,0.0,0.0,0.0,,,,,139.0,109.0,,,183.0,,,3.0,,,,,,,,,,,,,0.0,,1.0,,,,,,,,,,,,,,,,,,,,,,,,,,,,0.0,0.0,,,,,0.0,,,,,,192.0,,,,,,,,,,""
15626245840,"Aug 29, 2025, 11:58:36 AM",Afternoon Weight Training,Weight Training,,3689,0,154.0,9,,,,activities/16689628697.fit.gz,,,3689.0,3689.0,0.0,0.0,0.0,0.0,0.0,0.0,0.0,0.0,0.0,,,,,154.0,116.0,,,438.0,,,9.0,,,,,,,,,,,,,0.0,,1.0,,,,,,,,,,,,,,,,,,,,,,,,,,,,0.0,0.0,,,,,0.0,,,,,,522.0,,,,,,,,,,""
15580266963,"Aug 25, 2025, 11:48:24 AM",Afternoon Weight Training,Weight Training,,3113,0,159.0,8,,,,activities/16640494881.fit.gz,,,3113.0,3113.0,0.0,0.0,0.0,0.0,0.0,0.0,0.0,0.0,0.0,,,,,159.0,120.0,,,403.0,,,8.0,,,,,,,,,,,,,0.0,,1.0,,,,,,,,,,,,,,,,,,,,,,,,,,,,0.0,0.0,,,,,0.0,,,,,,370.0,,,,,,,,,,""
15568664694,"Aug 24, 2025, 10:55:45 AM",Afternoon Pickleball,Workout,,2677,0.07,162.0,10,,,,activities/16627923958.fit.gz,,,2677.0,2677.0,76.9,1.65,0.029,0.0,0.0,0.0,0.0,0.0,0.0,,,120.0,60.0,162.0,135.0,,,452.0,,,10.0,,,,,,,,,,,,,0.0,,1.0,,,,,,,,,,,,,,,,,,,,,,,,,,,,0.029,0.0,,,,1252.0,0.0,,,,,,1252.0,,,,,,,,,,""
15546113499,"Aug 22, 2025, 11:11:53 AM",Afternoon Weight Training,Weight Training,,3190,0,165.0,8,,,,activities/16602874499.fit.gz,,,3190.0,3190.0,0.0,0.0,0.0,0.0,0.0,0.0,0.0,0.0,0.0,,,,,165.0,116.0,,,379.0,,,8.0,,,,,,,,,,,,,0.0,,1.0,,,,,,,,,,,,,,,,,,,,,,,,,,,,0.0,0.0,,,,,0.0,,,,,,582.0,,,,,,,,,,""
15545514472,"Aug 22, 2025, 10:58:54 AM",Afternoon Elliptical,Elliptical,,486,0,170.0,2,,,,activities/16602201517.fit.gz,,,486.0,486.0,0.0,0.0,0.0,0.0,0.0,0.0,0.0,0.0,0.0,,,91.0,79.0,170.0,140.0,,,103.0,,,2.0,,,,,,,,,,,,,0.0,,1.0,,,,,,,,,,,,,,,,,,,,,,,,,,,,0.0,0.0,,,,1058.0,0.0,,,,,,1058.0,,,,,,,,,,""
15520977765,"Aug 20, 2025, 5:54:50 AM",Lunch Weight Training,Weight Training,,2893,0,142.0,6,,,,activities/16575369547.fit.gz,,,2893.0,2893.0,0.0,0.0,0.0,0.0,0.0,0.0,0.0,0.0,0.0,,,,,142.0,105.0,,,288.0,,,6.0,,,,,,,,,,,,,0.0,,1.0,,,,,,,,,,,,,,,,,,,,,,,,,,,,0.0,0.0,,,,,0.0,,,,,,436.0,,,,,,,,,,""
15500283227,"Aug 18, 2025, 12:09:34 PM",Afternoon Weight Training,Weight Training,,2934,0,154.0,8,,,,activities/16553386812.fit.gz,,,2934.0,2934.0,0.0,0.0,0.0,0.0,0.0,0.0,0.0,0.0,0.0,,,,,154.0,121.0,,,396.0,,,8.0,,,,,,,,,,,,,0.0,,1.0,,,,,,,,,,,,,,,,,,,,,,,,,,,,0.0,0.0,,,,,0.0,,,,,,338.0,,,,,,,,,,""
15489993158,"Aug 17, 2025, 12:37:11 PM",Evening Pickleball,Workout,,2986,0.09,165.0,9,,,,activities/16542337483.fit.gz,,,2986.0,2986.0,97.9,1.76,0.033,0.0,0.0,0.0,0.0,0.0,0.0,,,112.0,56.0,165.0,126.0,,,436.0,,,9.0,,,,,,,,,,,,,0.0,,1.0,,,,,,,,,,,,,,,,,,,,,,,,,,,,0.033,0.0,,,,1194.0,0.0,,,,,,1194.0,,,,,,,,,,""
15364259693,"Aug 6, 2025, 11:47:42 AM",Afternoon Weight Training,Weight Training,,3184,0,170.0,11,,,,activities/16407935962.fit.gz,,,3184.0,3184.0,0.0,0.0,0.0,0.0,0.0,0.0,0.0,0.0,0.0,,,,,170.0,132.0,,,495.0,,,11.0,,,,,,,,,,,,,0.0,,1.0,,,,,,,,,,,,,,,,,,,,,,,,,,,,0.0,0.0,,,,,0.0,,,,,,388.0,,,,,,,,,,""
15336988997,"Aug 4, 2025, 3:17:35 AM",Morning Weight Training,Weight Training,,3145,0,157.0,8,,,,activities/16378802122.fit.gz,,,3145.0,3145.0,0.0,0.0,0.0,0.0,0.0,0.0,0.0,0.0,0.0,,,,,157.0,116.0,,,384.0,,,8.0,,,,,,,,,,,,,0.0,,1.0,,,,,,,,,,,,,,,,,,,,,,,,,,,,0.0,0.0,,,,,0.0,,,,,,536.0,,,,,,,,,,""
15329311538,"Aug 3, 2025, 10:44:23 AM",Afternoon Pickleball,Workout,"",3180,0.03,160.0,8,,,,activities/16370551240.fit.gz,,,3180.0,3180.0,37.5,0.667,0.012,0.0,0.0,0.0,0.0,0.0,0.0,,,75.0,56.0,160.0,117.0,,,378.0,,,8.0,,,,,,,,,,,0.0,,0.0,,1.0,,,,,,,,,,,,,,,,,,,,,,,,,,,,0.012,0.0,,,,708.0,0.0,,,,,,708.0,,,,,,,,,,""
15325847596,"Aug 3, 2025, 12:45:05 AM",Morning Ride,Ride,"😐 Fresh condition
🐺 VO2Max Training (medium-high intensity)
🚵 Free Ride
🧀 Fat 26.8%, 🍞 Carb 73.2%
🕯️ Matches 15.7
🔋 Maximum discharge 48.7%


🔗 https://strava.com/clubs/riduck
",8956,57.21,176.0,73,,,Shanyon,activities/16366847276.fit.gz,,7.7,8956.0,8648.0,57213.5,15.18,6.616,312.0,318.0,551.0,617.6,14.4,0.0,,,103.0,63.0,176.0,150.0,,98.0,1114.0,,23.0,73.0,863707.0,,,,,,,,120.0,8896.0,,,0.0,,1.0,,1754179200.0,3.0,21.3,22.3,20.1,0.93,1007.7,1.5,2.6,246.0,0.0,1754181760.0,1754228352.0,0.375,10794160.0,,0.41,5.0,0.7,16267.0,0.0,,,,,,6.388,3071.9,,,,,0.0,,310.0,112.0,,,,,,,,,,,,,""
15286043725,"Jul 30, 2025, 12:14:01 PM",Afternoon Weight Training,Weight Training,,2262,0,166.0,8,,,,activities/16324277511.fit.gz,,,2262.0,2262.0,0.0,0.0,0.0,0.0,0.0,0.0,0.0,0.0,0.0,,,,,166.0,138.0,,,421.0,,,8.0,,,,,,,,,,,,,0.0,,1.0,,,,,,,,,,,,,,,,,,,,,,,,,,,,0.0,0.0,,,,,0.0,,,,,,348.0,,,,,,,,,,""
15232473109,"Jul 25, 2025, 1:09:02 PM",Evening Weight Training,Weight Training,,6234,0,154.0,15,,,,activities/16266960906.fit.gz,,,6234.0,6234.0,0.0,0.0,0.0,0.0,0.0,0.0,0.0,0.0,0.0,,,,,154.0,111.0,,,613.0,,,15.0,,,,,,,,,,,,,0.0,,1.0,,,,,,,,,,,,,,,,,,,,,,,,,,,,0.0,0.0,,,,,0.0,,,,,,566.0,,,,,,,,,,""
15161012595,"Jul 19, 2025, 1:02:25 AM",Morning Ride,Ride,"😮 Need more training
🐶 Free Training (moderate intensity)
🚵 Irregular course Ride
🧀 Fat 45.3%, 🍞 Carb 54.7%
🕯️ Matches 6.2
🔋 Maximum discharge 29.3%


🔗 https://strava.com/clubs/riduck
",9493,39.74,168.0,23,,,Shanyon,activities/16189551804.fit.gz,,7.7,9493.0,7007.0,39742.8,14.11,5.672,195.0,206.0,546.4,604.8,9.9,0.0,,,92.0,54.0,168.0,125.0,,68.0,692.0,,24.0,23.0,489218.0,,,,,,,,100.0,7387.0,,,0.0,,1.0,,1752886784.0,3.0,21.9,22.9,20.5,0.92,1004.3,1.9,4.3,249.0,0.1,1752885504.0,1752932608.0,0.875,10794160.0,,0.59,5.0,0.9,16889.0,0.0,,,,,0.0,4.187,3282.1,,,,,0.0,,178.0,93.0,,,,,,,,,,,,,""
15154382460,"Jul 18, 2025, 11:37:36 AM",Afternoon Weight Training,Weight Training,,2890,0,167.0,7,,,,activities/16182267682.fit.gz,,,2890.0,2890.0,0.0,0.0,0.0,0.0,0.0,0.0,0.0,0.0,0.0,,,,,167.0,111.0,,,323.0,,,7.0,,,,,,,,,,,,,0.0,,1.0,,,,,,,,,,,,,,,,,,,,,,,,,,,0.0,0.0,0.0,,,,,,,,,,,632.0,,,,,,,,,,""
15132896082,"Jul 16, 2025, 12:00:12 PM",Afternoon Weight Training,Weight Training,,2488,0,179.0,9,,,,activities/16158737551.fit.gz,,,2488.0,2488.0,0.0,0.0,0.0,0.0,0.0,0.0,0.0,0.0,0.0,,,,,179.0,130.0,,,389.0,,,9.0,,,,,,,,,,,,,0.0,,1.0,,,,,,,,,,,,,,,,,,,,,,,,,,,0.0,0.0,0.0,,,,,,,,,,,388.0,,,,,,,,,,""
15110335260,"Jul 14, 2025, 11:51:51 AM",Afternoon Weight Training,Weight Training,,3596,0,154.0,10,,,,activities/16134124889.fit.gz,,,3596.0,3596.0,0.0,0.0,0.0,0.0,0.0,0.0,0.0,0.0,0.0,,,,,154.0,119.0,,,454.0,,,10.0,,,,,,,,,,,,,0.0,,1.0,,,,,,,,,,,,,,,,,,,,,,,,,,,0.0,0.0,0.0,,,,,,,,,,,568.0,,,,,,,,,,""
15084787716,"Jul 12, 2025, 12:45:49 AM",Morning Ride,Ride,"😮 Need more training
🐶 Free Training (moderate intensity)
🚵 Free Ride
🧀 Fat 43.5%, 🍞 Carb 56.5%
🕯️ Matches 3.6
🔋 Maximum discharge 18.9%


🔗 https://strava.com/clubs/riduck
",9875,44.23,162.0,25,,,Shanyon,activities/16105968485.fit.gz,,7.7,9875.0,7847.0,44232.9,11.8,5.637,258.0,245.0,556.0,600.0,16.6,0.0,,,98.0,55.0,162.0,126.0,,74.0,813.0,,24.0,25.0,585414.0,,,,,,,,101.0,8011.0,,,0.0,,1.0,,1752278400.0,3.0,21.9,22.4,20.2,0.9,1006.3,2.6,6.4,255.0,0.1,1752280576.0,1752327936.0,0.625,10794160.0,,0.59,5.0,0.92,15725.0,0.0,,,,,0.0,4.479,727.5,,,,,,,197.0,94.0,,,,,,,,,,,,,""
15075409498,"Jul 11, 2025, 4:32:04 AM",Morning Weight Training,Weight Training,,2931,0,155.0,6,,,,activities/16095624585.fit.gz,,,2931.0,2931.0,0.0,0.0,0.0,0.0,0.0,0.0,0.0,0.0,0.0,,,,,155.0,107.0,,,301.0,,,6.0,,,,,,,,,,,,,0.0,,1.0,,,,,,,,,,,,,,,,,,,,,,,,,,,0.0,0.0,0.0,,,,,,,,,,,602.0,,,,,,,,,,""
15056191936,"Jul 9, 2025, 10:55:04 AM",Afternoon Weight Training,Weight Training,,3221,0,174.0,11,,,,activities/16074814018.fit.gz,,,3221.0,3221.0,0.0,0.0,0.0,0.0,0.0,0.0,0.0,0.0,0.0,,,,,174.0,130.0,,,480.0,,,11.0,,,,,,,,,,,,,0.0,,1.0,,,,,,,,,,,,,,,,,,,,,,,,,,,0.0,0.0,0.0,,,,,,,,,,,428.0,,,,,,,,,,""
15045939891,"Jul 8, 2025, 12:40:19 PM",Evening Weight Training,Weight Training,,3552,0,147.0,9,,,,activities/16063560040.fit.gz,,,3552.0,3552.0,0.0,0.0,0.0,0.0,0.0,0.0,0.0,0.0,0.0,,,,,147.0,114.0,,,422.0,,,9.0,,,,,,,,,,,,,0.0,,1.0,,,,,,,,,,,,,,,,,,,,,,,,,,,0.0,0.0,0.0,,,,,,,,,,,590.0,,,,,,,,,,""
14983298277,"Jul 2, 2025, 11:42:23 AM",Afternoon Weight Training,Weight Training,,2154,0,165.0,6,,,,activities/15994376932.fit.gz,,,2154.0,2154.0,0.0,0.0,0.0,0.0,0.0,0.0,0.0,0.0,0.0,,,,,165.0,120.0,,,292.0,,,6.0,,,,,,,,,,,,,0.0,,1.0,,,,,,,,,,,,,,,,,,,,,,,,,,,0.0,0.0,0.0,,,,,,,,,,,296.0,,,,,,,,,,""
14958761416,"Jun 30, 2025, 2:40:29 AM",Morning Weight Training,Weight Training,,3868,0,145.0,8,,,,activities/15967392195.fit.gz,,,3868.0,3868.0,0.0,0.0,0.0,0.0,0.0,0.0,0.0,0.0,0.0,,,,,145.0,106.0,,,385.0,,,8.0,,,,,,,,,,,,,0.0,,1.0,,,,,,,,,,,,,,,,,,,,,,,,,,,0.0,0.0,0.0,,,,,,,,,,,592.0,,,,,,,,,,""
14951815616,"Jun 29, 2025, 10:38:26 AM",Afternoon Tennis,Workout,,3848,0.05,162.0,11,,,,activities/15959746650.fit.gz,,,3848.0,3848.0,53.9,0.95,0.014,0.0,0.0,0.0,0.0,0.0,0.0,,,88.0,58.0,162.0,120.0,,,483.0,,,11.0,,,,,,,,,,,,,0.0,,1.0,,,,,,,,,,,,,,,,,,,,,,,,,,,0.0,0.014,0.0,,,,1152.0,,,,,,,1152.0,,,,,,,,,,""
15083972410,"Jun 28, 2025, 12:37:19 AM",Morning Ride,Ride,"😮 Need more training
🐶 Free Training (moderate intensity)
🚵 Hillclimb Ride
🧀 Fat 40.5%, 🍞 Carb 59.5%
🕯️ Matches 10.5
🔋 Maximum discharge 51.8%


🔗 https://strava.com/clubs/riduck
",12998,51.13,176.0,36,,,Shanyon,activities/16105053232.fit.gz,,7.7,12998.0,9284.0,51138.1,12.9,5.508,347.0,409.0,369.2,631.8,49.3,-0.3,,,98.0,57.0,176.0,132.0,,81.0,1030.0,,23.0,36.0,760213.0,,,,,,,,113.0,10195.0,,,0.0,,1.0,,1751068800.0,3.0,21.5,21.5,20.0,0.91,1004.7,3.0,7.7,230.0,0.5,1751070720.0,1751118336.0,0.125,10794160.0,,0.8,5.0,0.86,7703.0,0.0,,,,,0.0,3.934,3007.9,,,,,,,317.0,106.0,,,,,,,,,,,,,""
14913696978,"Jun 25, 2025, 12:19:43 PM",Afternoon Weight Training,Weight Training,,1822,0,156.0,5,,,,activities/15918016782.fit.gz,,,1822.0,1822.0,0.0,0.0,0.0,0.0,0.0,0.0,0.0,0.0,0.0,,,,,156.0,122.0,,,268.0,,,5.0,,,,,,,,,,,,,0.0,,1.0,,,,,,,,,,,,,,,,,,,,,,,,,,,0.0,0.0,0.0,,,,,,,,,,,316.0,,,,,,,,,,""
14900924218,"Jun 24, 2025, 12:33:51 PM",Evening Weight Training,Weight Training,,3842,0,161.0,10,,,,activities/15904248451.fit.gz,,,3842.0,3842.0,0.0,0.0,0.0,0.0,0.0,0.0,0.0,0.0,0.0,,,,,161.0,115.0,,,467.0,,,10.0,,,,,,,,,,,,,0.0,,1.0,,,,,,,,,,,,,,,,,,,,,,,,,,,0.0,0.0,0.0,,,,,,,,,,,596.0,,,,,,,,,,""
14900233747,"Jun 24, 2025, 12:23:53 PM",Afternoon Elliptical,Elliptical,,227,0,147.0,0,,,,activities/15903496182.fit.gz,,,227.0,227.0,0.0,0.0,0.0,0.0,0.0,0.0,0.0,0.0,0.0,,,67.0,67.0,147.0,122.0,,,39.0,,,0.0,,,,,,,,,,,,,0.0,,1.0,,,,,,,,,,,,,,,,,,,,,,,,,,,0.0,0.0,0.0,,,,94.0,,,,,,,94.0,,,,,,,,,,""
14876254625,"Jun 22, 2025, 1:49:16 AM",Morning Ride,Ride,"😮 Need more training
🐶 Free Training (moderate intensity)
🚵 Free Ride
🧀 Fat 36.9%, 🍞 Carb 63.1%
🕯️ Matches 7
🔋 Maximum discharge 35.7%


🔗 https://strava.com/clubs/riduck
",6584,33.47,172.0,27,,,Shanyon,activities/15877423516.fit.gz,,7.7,6584.0,5918.0,33469.2,13.64,5.655,186.0,182.0,564.0,608.8,39.7,0.0,,,105.0,60.0,172.0,137.0,,83.0,684.0,,25.0,27.0,509532.0,,,,,,,,111.0,6562.0,,,0.0,,1.0,,1750553984.0,3.0,22.3,21.8,20.4,0.89,1005.9,3.8,9.3,246.0,0.0,1750552192.0,1750599808.0,0.875,10794160.0,,0.8,5.0,0.84,11372.0,0.0,,,,,2.0,5.083,4268.4,,,,,,,122.0,82.0,,,,,,,,,,,,,""
14791755357,"Jun 14, 2025, 12:04:45 AM",Morning Ride,Ride,"😐 Fresh condition
🐶 Free Training (moderate intensity)
🚵 Irregular course Ride
🧀 Fat 39.3%, 🍞 Carb 60.7%
🕯️ Matches 6.1
🔋 Maximum discharge 25.1%


🔗 https://strava.com/clubs/riduck
",5741,37.29,160.0,25,,,Shanyon,activities/15785838526.fit.gz,,7.7,5741.0,5685.0,37291.1,11.62,6.56,95.0,101.0,10.8,40.8,14.1,0.0,,,94.0,64.0,160.0,141.0,,88.0,669.0,,28.0,25.0,504689.0,,,,,,,,106.0,5730.0,,,0.0,,1.0,,1749859456.0,3.0,26.3,27.2,22.9,0.82,1002.4,3.0,7.1,227.0,0.0,1749859968.0,1749906432.0,0.625,10794160.0,,0.53,5.0,0.91,26672.9,0.0,,,,,0.0,6.496,375.5,,,,,,,98.0,79.0,,,,,,,,,,,,,""
14772369910,"Jun 12, 2025, 12:26:51 AM",Morning Ride,Ride,"😐 Fresh condition
🐶 Free Training (moderate intensity)
🚵 Irregular course Ride
🧀 Fat 40.8%, 🍞 Carb 59.2%
🕯️ Matches 5.9
🔋 Maximum discharge 24.8%


🔗 https://strava.com/clubs/riduck
",6504,40.29,161.0,23,,,Shanyon,activities/15764850572.fit.gz,,7.7,6504.0,6152.0,40292.7,11.28,6.55,64.3,179.0,8.2,23.1,12.3,0.0,,,108.0,64.0,161.0,136.0,,81.0,689.0,,,23.0,510207.0,,,,,,,,99.0,6352.0,,,0.0,,1.0,,1749686400.0,3.0,26.2,27.1,23.8,0.87,1000.8,3.2,5.7,227.0,0.0,1749687168.0,1749733504.0,0.625,10794160.0,,0.77,5.0,0.91,23767.0,0.0,,,,,0.0,6.195,45.0,,,,,,,94.0,73.0,,,,,,,,,,,,,""
14756322314,"Jun 10, 2025, 3:01:23 PM",Evening Pickleball,Workout,,3295,0.99,159.0,7,,,,activities/15747600420.fit.gz,,,3295.0,1940.0,992.9,3.05,0.512,0.0,0.0,12.9,12.9,0.0,0.0,,,80.0,55.0,159.0,138.0,,,567.0,,,7.0,,,,,,,,,,,,,0.0,,1.0,,1749567616.0,3.0,28.5,30.3,25.1,0.82,1002.1,1.8,7.1,200.0,0.1,1749514368.0,1749560704.0,0.375,,,0.52,5.0,0.92,20306.0,0.0,,,,,0.0,0.301,0.0,,,,2222.0,,,,,,,2222.0,,,,,,,,,,""
14710055431,"Jun 6, 2025, 12:23:12 AM",Morning Ride,Ride,"😃 Keeping it steady
🐶 Free Training (moderate intensity)
🚵 Flat ground Ride
🧀 Fat 38.5%, 🍞 Carb 61.5%
🕯️ Matches 5.3
🔋 Maximum discharge 23.8%


🔗 https://strava.com/clubs/riduck
",5461,35.87,164.0,27,,,Shanyon,activities/15697515408.fit.gz,,7.7,5461.0,5295.0,35876.3,10.66,6.776,50.0,53.0,11.0,24.2,11.6,0.0,,,97.0,68.0,164.0,143.0,,87.0,624.0,,29.0,27.0,470593.0,,,,,,,,98.0,5462.0,,,0.0,,1.0,,1749168000.0,2.0,28.2,29.4,25.2,0.84,1007.6,2.9,6.6,203.0,0.0,1749168768.0,1749215104.0,0.375,10794160.0,,0.5,5.0,0.45,22012.0,0.0,,,,,0.0,6.57,0.0,,,,,,,80.0,73.0,,,,,,,,,,,,,""
14678755677,"Jun 3, 2025, 12:46:05 AM",Morning Ride,Ride,"😍 Best training status
🐗 Sweet Spot Training (moderate intensity)
🚵 Flat ground Ride
🧀 Fat 35.8%, 🍞 Carb 64.2%
🕯️ Matches 9.6
🔋 Maximum discharge 28%


🔗 https://strava.com/clubs/riduck
",7277,50.39,166.0,40,,,Shanyon,activities/15663945142.fit.gz,,7.7,7277.0,7277.0,50395.6,10.88,6.925,96.0,105.0,4.6,37.2,15.2,0.0,,,95.0,66.0,166.0,144.0,,90.0,878.0,,31.0,40.0,667740.0,,,,,,,,105.0,7278.0,,,0.0,,1.0,,1748908800.0,3.0,27.6,28.4,23.2,0.77,1006.2,2.8,6.2,237.0,0.0,1748909568.0,1748955776.0,0.25,10794160.0,,0.52,5.0,0.67,24531.0,0.0,,,,,0.0,6.925,227.8,,,,,,,122.0,78.0,,,,,,,,,,,,,""
14646894886,"May 30, 2025, 11:54:02 PM",Morning Ride,Ride,"😍 Best training status
🐗 Sweet Spot Training (moderate intensity)
🚵 Flat ground Ride
🧀 Fat 28.8%, 🍞 Carb 71.2%
🕯️ Matches 9.1
🔋 Maximum discharge 25.9%


🔗 https://strava.com/clubs/riduck
",9241,64.42,160.0,39,,,Shanyon,activities/15629653905.fit.gz,,7.7,9241.0,8990.0,64426.7,10.5,7.166,91.0,100.0,2.6,27.6,18.0,0.0,,,100.0,70.0,160.0,141.0,,100.0,1174.0,,28.0,39.0,913239.0,,,,,,,,110.0,9214.0,,,0.0,,1.0,,1748646016.0,3.0,26.6,28.5,24.3,0.87,1003.1,1.5,8.6,245.0,0.0,1748650368.0,1748696576.0,0.125,10794160.0,,0.0,1.0,0.8,25042.0,0.0,,,,,0.0,6.972,22.9,,,,,,,168.0,81.0,,,,,,,,,,,,,""
14631646370,"May 29, 2025, 1:34:18 PM",Evening Pickleball,Workout,,2495,1.03,159.0,5,,,,activities/15613258615.fit.gz,,,2495.0,1607.0,1029.6,2.186,0.641,0.0,0.0,11.5,13.0,1.4,0.1,,,79.0,54.0,159.0,135.0,,,349.0,,,5.0,,,,,,,,,,,,,0.0,,1.0,,1748523648.0,3.0,32.0,32.8,23.8,0.62,1000.1,3.6,6.8,237.0,0.0,1748477440.0,1748523648.0,0.125,,,0.46,5.0,0.95,27027.0,0.0,,,,,0.0,0.413,0.0,,,,1286.0,,,,,,,1286.0,,,,,,,,,,""
14631162902,"May 29, 2025, 12:50:08 PM",Evening Run,Run,,2066,4.00,176.0,22,,,Saucony Hurricane 23 Stable Hurricane,activities/15612738047.fit.gz,,,2066.0,2046.0,4005.0,4.24,1.957,28.0,34.0,-15.8,6.8,38.8,-0.2,,,80.0,69.0,176.0,152.0,,258.0,399.0,,31.0,22.0,523236.0,,,,,,,,281.0,2067.0,,,0.0,,1.0,4133.1,1748519936.0,3.0,32.6,32.8,23.6,0.59,999.4,4.0,7.9,242.0,0.0,1748477440.0,1748523648.0,0.125,,9758854.0,0.46,5.0,0.94,26340.0,0.0,,,,,0.0,1.939,748.9,,,,4644.0,,,248.0,208.0,2.02,,,,,,,,,,,,""
14616546816,"May 28, 2025, 12:15:40 AM",Morning Ride,Ride,"😄 Gradually improving
🚵 Flat ground Ride

🔗 https://strava.com/clubs/riduck
",6462,46.20,165.0,42,,,Shanyon,activities/15597022854.fit.gz,,7.7,6462.0,6421.0,46201.5,10.02,7.195,69.0,75.0,7.6,19.2,16.7,0.0,,,,,165.0,146.0,,108.0,1195.0,,29.0,42.0,,,,,,,,,,,,,0.0,,1.0,,1748390400.0,3.0,26.5,26.5,22.6,0.79,1000.8,4.3,8.7,255.0,0.0,1748391168.0,1748437248.0,0.125,10794160.0,,0.41,5.0,0.83,25964.0,0.0,,,,,0.0,7.15,0.0,,,,,,,,,,,,,,,,,,,,,""
14596111160,"May 26, 2025, 12:35:33 AM",Morning Ride,Ride,"😃 Keeping it steady
🚵 Flat ground Ride

🔗 https://strava.com/clubs/riduck
",5238,35.81,163.0,28,,,Shanyon,activities/15575048657.fit.gz,,7.7,5238.0,5065.0,35816.0,10.05,7.071,33.0,43.0,6.2,17.0,30.5,0.0,,,,,163.0,146.0,,100.0,944.0,,28.0,28.0,,,,,,,,,,,,,0.0,,1.0,,1748217600.0,3.0,27.4,28.1,23.4,0.79,1002.5,3.6,6.3,231.0,0.0,1748218368.0,1748264448.0,0.875,10794160.0,,0.47,5.0,0.98,24362.0,0.0,,,,,0.0,6.838,0.0,,,,,,,,,,,,,,,,,,,,,""
14549984991,"May 21, 2025, 11:36:11 AM",Afternoon Weight Training,Weight Training,,3344,0,146.0,8,,,,activities/15525400481.fit.gz,,,3344.0,3344.0,0.0,0.0,0.0,0.0,0.0,0.0,0.0,0.0,0.0,,,,,146.0,115.0,,,397.0,,,8.0,,,,,,,,,,,,,0.0,,1.0,,,,,,,,,,,,,,,,,,,,,,,,,,,0.0,0.0,0.0,,,,,,,,,,,604.0,,,,,,,,,,""
14535520202,"May 20, 2025, 12:32:28 AM",Morning Ride,Ride,"😍 Best training status
🐶 Free Training (moderate intensity)
🚵 Free Ride
🧀 Fat 41.2%, 🍞 Carb 58.8%
🕯️ Matches 9
🔋 Maximum discharge 43.7%


🔗 https://strava.com/clubs/riduck
",13730,54.15,172.0,34,,,Shanyon,activities/15509922513.fit.gz,,7.7,13730.0,9130.0,54157.6,14.18,5.932,269.0,276.0,543.0,612.6,14.5,0.0,,,97.0,57.0,172.0,131.0,,73.0,942.0,,26.0,34.0,677659.0,,,,,,,,105.0,9826.0,,,0.0,,1.0,,1747699200.0,3.0,23.4,25.1,22.1,0.92,1005.0,1.5,3.0,300.0,1.4,1747700992.0,1747747968.0,0.625,10794160.0,,0.82,5.0,0.88,11513.0,0.0,,,,,0.0,3.944,5300.3,,,,,,,165.0,78.0,,,,,,,,,,,,,""
14528280172,"May 19, 2025, 11:46:01 AM",Afternoon Weight Training,Weight Training,,3024,0,157.0,8,,,,activities/15502322363.fit.gz,,,3024.0,3024.0,0.0,,0.0,0.0,0.0,0.0,0.0,0.0,0.0,,,,,157.0,117.0,,,372.0,,,8.0,,,,,,,,,,,,,0.0,,1.0,,,,,,,,,,,,,,,,,,,,,,,,,,,0.0,0.0,0.0,,,,,,,,,,,574.0,,,,,,,,,,""
14514241296,"May 18, 2025, 12:50:48 AM",Morning Ride,Ride,"😃 Keeping it steady
🦁 Sprint Training (highest intensity)
🚵 Hillclimb Ride
🧀 Fat 18.2%, 🍞 Carb 81.8%
🕯️ Matches 44.7
🔋 Maximum discharge 100%


🔗 https://strava.com/clubs/riduck
",6859,43.08,184.0,67,,,Shanyon,activities/15486126556.fit.gz,,7.7,6859.0,6426.0,43083.3,15.7,6.705,443.0,454.0,575.2,657.8,18.0,-0.1,,,114.0,65.0,184.0,153.0,,129.0,1019.0,,24.0,67.0,832923.0,,,,,,,,166.0,6620.0,,,0.0,,1.0,,1747526400.0,3.0,22.6,24.2,21.0,0.91,1007.4,1.3,2.9,257.0,0.0,1747528192.0,1747575168.0,0.625,10794160.0,,0.48,5.0,0.95,18309.0,0.0,,,,,0.0,6.281,0.0,,,,,,,278.0,123.0,,,,,,,,,,,,,""
14498037771,"May 16, 2025, 11:49:32 AM",Afternoon Weight Training,Weight Training,,3482,0,149.0,9,,,,activities/15468191166.fit.gz,,,3482.0,3482.0,0.0,,0.0,0.0,0.0,0.0,0.0,0.0,0.0,,,,,149.0,116.0,,,420.0,,,9.0,,,,,,,,,,,,,0.0,,1.0,,,,,,,,,,,,,,,,,,,,,,,,,,,0.0,0.0,0.0,,,,,,,,,,,628.0,,,,,,,,,,""
14477344123,"May 14, 2025, 11:40:50 AM",Afternoon Weight Training,Weight Training,,2964,0,160.0,10,,,,activities/15446115915.fit.gz,,,2964.0,2964.0,0.0,0.0,0.0,0.0,0.0,0.0,0.0,0.0,0.0,,,,,160.0,131.0,,,456.0,,,10.0,,,,,,,,,,,,,0.0,,1.0,,,,,,,,,,,,,,,,,,,,,,,,,,,0.0,0.0,0.0,,,,,,,,,,,454.0,,,,,,,,,,""
14455623915,"May 12, 2025, 11:35:55 AM",Afternoon Weight Training,Weight Training,,3611,0,149.0,8,,,,activities/15423182003.fit.gz,,,3611.0,3611.0,0.0,0.0,0.0,0.0,0.0,0.0,0.0,0.0,0.0,,,,,149.0,110.0,,,383.0,,,8.0,,,,,,,,,,,,,0.0,,1.0,,,,,,,,,,,,,,,,,,,,,,,,,,,0.0,0.0,0.0,,,,,,,,,,,618.0,,,,,,,,,,""
14431045867,"May 10, 2025, 12:27:36 AM",Morning Ride,Ride,"😨 Overtraining warning
🐆 High Intensity Training (high intensity)
🚵 Concentrated Ride
🧀 Fat 25.6%, 🍞 Carb 74.4%
🕯️ Matches 30.3
🔋 Maximum discharge 56.2%


🔗 https://strava.com/clubs/riduck
",10557,57.15,177.0,61,,,Shanyon,activities/15397117363.fit.gz,,7.7,10557.0,7901.0,57156.6,13.46,7.234,281.0,290.0,536.6,620.0,11.0,0.0,,,112.0,67.0,177.0,148.0,,104.0,1062.0,,24.0,61.0,832979.0,,,,,,,,128.0,8442.0,,,0.0,,1.0,,1746835200.0,1.0,21.5,22.5,19.8,0.9,1009.3,0.5,1.0,180.0,0.0,1746837120.0,1746883712.0,0.375,10794160.0,,0.45,5.0,0.13,20192.0,0.0,,,,,0.0,5.414,6595.7,,,,,,,185.0,89.0,,,,,,,,,,,,,""
14411539949,"May 8, 2025, 12:38:27 AM",Morning Ride,Ride,"😄 Gradually improving
🐶 Free Training (moderate intensity)
🚵 Free Ride
🧀 Fat 29.2%, 🍞 Carb 70.8%
🕯️ Matches 14.1
🔋 Maximum discharge 38.5%


🔗 https://strava.com/clubs/riduck
",7363,43.07,169.0,34,,,Shanyon,activities/15376532585.fit.gz,,7.7,7363.0,7018.0,43075.5,15.24,6.138,260.0,276.0,545.8,641.8,13.1,-0.1,,,94.0,62.0,169.0,139.0,,91.0,851.0,,24.0,34.0,647453.0,,,,,,,,118.0,7283.0,,,0.0,,1.0,,1746662400.0,3.0,22.3,22.5,20.2,0.88,1007.7,2.6,5.5,246.0,0.0,1746664448.0,1746710912.0,0.375,10794160.0,,0.26,5.0,0.63,19322.0,0.0,,,,,0.0,5.85,8563.7,,,,,,,135.0,82.0,,,,,,,,,,,,,""
14390628582,"May 6, 2025, 12:29:25 AM",Morning Ride,Ride,"😄 Gradually improving
🐺 VO2Max Training (medium-high intensity)
🚵 Concentrated Ride
🧀 Fat 26.3%, 🍞 Carb 73.7%
🕯️ Matches 16.6
🔋 Maximum discharge 50%


🔗 https://strava.com/clubs/riduck
",7576,45.17,174.0,39,,,Shanyon,activities/15354628939.fit.gz,,7.7,7576.0,6850.0,45176.4,14.92,6.595,282.0,294.0,551.6,638.8,12.1,0.0,,,105.0,65.0,174.0,141.0,,94.0,853.0,,25.0,39.0,654432.0,,,,,,,,125.0,7343.0,,,0.0,,1.0,,1746489600.0,1.0,21.6,21.9,19.0,0.85,1009.5,1.9,3.9,243.0,0.0,1746491648.0,1746538112.0,0.375,10794160.0,,0.0,1.0,0.2,17664.0,0.0,,,,,0.0,5.963,3137.6,,,,,,,154.0,87.0,,,,,,,,,,,,,""
14354330180,"May 2, 2025, 12:07:43 PM",Afternoon Weight Training,Weight Training,,3384,0,151.0,9,,,,activities/15316443411.fit.gz,,,3384.0,3384.0,0.0,0.0,0.0,0.0,0.0,0.0,0.0,0.0,0.0,,,,,151.0,118.0,,,425.0,,,9.0,,,,,,,,,,,,,0.0,,1.0,,,,,,,,,,,,,,,,,,,,,,,,,,,0.0,0.0,0.0,,,,,,,,,,,488.0,,,,,,,,,,""
14339228819,"May 1, 2025, 12:23:39 AM",Morning Ride,Ride,"😐 Fresh condition
🐶 Free Training (moderate intensity)
🚵 Free Ride
🧀 Fat 35.3%, 🍞 Carb 64.7%
🕯️ Matches 14.9
🔋 Maximum discharge 25.6%


🔗 https://strava.com/clubs/riduck
",14107,55.96,179.0,40,,,Shanyon,activities/15300610026.fit.gz,,7.7,14107.0,8786.0,55960.1,15.0,6.369,293.0,305.0,539.4,613.2,15.8,0.0,,,102.0,59.0,179.0,135.0,,82.0,981.0,,28.0,40.0,725974.0,,,,,,,,108.0,9557.0,,,0.0,,1.0,,1746057600.0,1.0,22.7,22.6,17.4,0.72,1008.8,1.8,4.4,242.0,0.0,1746059904.0,1746105984.0,0.125,10794160.0,,0.0,1.0,0.15,21465.0,0.0,,,,,0.0,3.967,5918.8,,,,,,,149.0,75.0,,,,,,,,,,,,,""
14278966066,"Apr 25, 2025, 5:36:22 AM",Lunch Weight Training,Weight Training,,2449,0,164.0,8,,,,activities/15237529918.fit.gz,,,2449.0,2449.0,0.0,0.0,0.0,0.0,0.0,0.0,0.0,0.0,0.0,,,,,164.0,133.0,,,408.0,,,8.0,,,,,,,,,,,,,0.0,,1.0,,,,,,,,,,,,,,,,,,,,,,,,,,,0.0,0.0,0.0,,,,,,,,,,,316.0,,,,,,,,,,""
14209472899,"Apr 18, 2025, 4:12:22 AM",Morning Weight Training,Weight Training,,2909,0,147.0,7,,,,activities/15164841202.fit.gz,,,2909.0,2909.0,0.0,0.0,0.0,0.0,0.0,0.0,0.0,0.0,0.0,,,,,147.0,113.0,,,346.0,,,7.0,,,,,,,,,,,,,0.0,,1.0,,,,,,,,,,,,,,,,,,,,,,,,,,,0.0,0.0,0.0,,,,,,,,,,,426.0,,,,,,,,,,""
14209209772,"Apr 18, 2025, 12:25:22 AM",Morning Ride,Ride,"😄 Gradually improving
🐶 Free Training (moderate intensity)
🚵 Free Ride
🧀 Fat 43.4%, 🍞 Carb 56.6%
🕯️ Matches 7.7
🔋 Maximum discharge 54.7%


🔗 https://strava.com/clubs/riduck
",9885,44.53,173.0,26,,,Shanyon,activities/15164561736.fit.gz,,7.7,9885.0,7403.0,44536.7,14.8,6.016,265.0,276.0,555.6,646.4,8.0,-0.1,,,96.0,60.0,173.0,127.0,,79.0,795.0,,25.0,26.0,581577.0,,,,,,,,116.0,7727.0,,,0.0,,1.0,,1744934400.0,1.0,22.3,21.8,15.4,0.65,1008.1,1.9,4.3,246.0,0.0,1744937088.0,1744982528.0,0.625,10794160.0,,0.0,1.0,0.15,21969.0,0.0,,,,,0.0,4.505,4722.1,,,,,,,140.0,81.0,,,,,,,,,,,,,""
14161264673,"Apr 13, 2025, 1:08:29 AM",Morning Ride,Ride,"😐 Fresh condition
🐆 High Intensity Training (high intensity)
🚵 Concentrated Ride
🧀 Fat 23.9%, 🍞 Carb 76.1%
🕯️ Matches 28.3
🔋 Maximum discharge 93.2%


🔗 https://strava.com/clubs/riduck
",12103,37.37,173.0,39,,,Shanyon,activities/15114543360.fit.gz,,7.7,12103.0,5907.0,37372.4,13.68,6.327,250.0,257.0,540.2,652.2,11.3,-0.1,,,95.0,65.0,173.0,143.0,,111.0,832.0,,24.0,39.0,660950.0,,,,,,,,141.0,6409.0,,,0.0,,1.0,,1744505984.0,1.0,19.6,19.6,16.2,0.81,1011.7,1.3,2.6,248.0,0.0,1744505344.0,1744550528.0,0.5,10794160.0,,0.0,1.0,0.04,16922.0,0.0,,,,,0.0,3.088,7765.2,,,,,,,182.0,101.0,,,,,,,,,,,,,""
14145566433,"Apr 11, 2025, 11:40:29 AM",Afternoon Weight Training,Weight Training,,4307,0,157.0,9,,,,activities/15098055580.fit.gz,,,4307.0,4307.0,0.0,0.0,0.0,0.0,0.0,0.0,0.0,0.0,0.0,,,,,157.0,103.0,,,406.0,,,9.0,,,,,,,,,,,,,0.0,,1.0,,,,,,,,,,,,,,,,,,,,,,,,,,,0.0,0.0,0.0,,,,,,,,,,,572.0,,,,,,,,,,""
14125799561,"Apr 9, 2025, 10:54:32 AM",Afternoon Weight Training,Weight Training,,2816,0,144.0,7,,,,activities/15077449061.fit.gz,,,2816.0,2816.0,0.0,0.0,0.0,0.0,0.0,0.0,0.0,0.0,0.0,,,,,144.0,117.0,,,353.0,,,7.0,,,,,,,,,,,,,0.0,,1.0,,,,,,,,,,,,,,,,,,,,,,,,,,,0.0,0.0,0.0,,,,,,,,,,,570.0,,,,,,,,,,""
14106350416,"Apr 7, 2025, 12:01:40 PM",Afternoon Weight Training,Weight Training,,4030,0,167.0,11,,,,activities/15057251169.fit.gz,,,4030.0,4030.0,0.0,0.0,0.0,0.0,0.0,0.0,0.0,0.0,0.0,,,,,167.0,120.0,,,502.0,,,11.0,,,,,,,,,,,,,0.0,,1.0,,,,,,,,,,,,,,,,,,,,,,,,,,,0.0,0.0,0.0,,,,,,,,,,,450.0,,,,,,,,,,""
14083210089,"Apr 4, 2025, 11:33:51 PM",Morning Ride,Ride,"😨 Overtraining warning
🐆 High Intensity Training (high intensity)
🚵 Event Race
🧀 Fat 27.3%, 🍞 Carb 72.7%
🕯️ Matches 52.2
🔋 Maximum discharge 81.9%


🔗 https://strava.com/clubs/riduck
",17006,101.88,177.0,73,,,Shanyon,activities/15032898792.fit.gz,,7.7,17006.0,14867.0,101879.6,18.74,6.853,670.0,724.0,537.4,642.8,11.5,-0.1,,,113.0,66.0,177.0,137.0,,99.0,1911.0,,23.0,73.0,1479202.0,,,,,,,,133.0,15586.0,,,0.0,,1.0,,1743807616.0,1.0,22.4,22.9,17.1,0.72,1011.1,0.4,1.4,11.0,0.0,1743814528.0,1743859200.0,0.25,10794160.0,,0.0,1.0,0.1,19314.0,0.0,,,,,0.0,5.991,6646.9,,,,,,,514.0,109.0,,,,,,,,,,,,,""
14058009738,"Apr 2, 2025, 11:47:33 AM",Afternoon Weight Training,Weight Training,,2972,0,167.0,9,,,,activities/15006392932.fit.gz,,,2972.0,2972.0,0.0,0.0,0.0,0.0,0.0,0.0,0.0,0.0,0.0,,,,,167.0,124.0,,,414.0,,,9.0,,,,,,,,,,,,,0.0,,1.0,,,,,,,,,,,,,,,,,,,,,,,,,,,0.0,0.0,0.0,,,,,,,,,,,398.0,,,,,,,,,,""
14036002035,"Mar 31, 2025, 5:47:47 AM",Lunch Weight Training,Weight Training,,4399,0,154.0,10,,,,activities/14982928691.fit.gz,,,4399.0,4399.0,0.0,0.0,0.0,0.0,0.0,0.0,0.0,0.0,0.0,,,,,154.0,111.0,,,468.0,,,10.0,,,,,,,,,,,,,0.0,,1.0,,,,,,,,,,,,,,,,,,,,,,,,,,,0.0,0.0,0.0,,,,,,,,,,,596.0,,,,,,,,,,""
14035331030,"Mar 31, 2025, 12:50:16 AM",Morning Ride,Ride,"😨 Overtraining warning
🐆 High Intensity Training (high intensity)
🚵 Concentrated Ride
🧀 Fat 27.4%, 🍞 Carb 72.6%
🕯️ Matches 26.5
🔋 Maximum discharge 53.1%


🔗 https://strava.com/clubs/riduck
",10728,47.02,169.0,28,,,Shanyon,activities/14982184426.fit.gz,,7.7,10728.0,7199.0,47026.7,13.54,6.532,291.0,294.0,546.6,604.4,9.5,0.0,,,109.0,66.0,169.0,132.0,,100.0,934.0,,25.0,28.0,725302.0,,,,,,,,129.0,7601.0,,,0.0,,1.0,,1743379200.0,2.0,24.2,24.2,11.1,0.44,1009.2,1.1,3.0,273.0,0.0,1743382784.0,1743427072.0,0.125,10794160.0,,0.0,1.0,0.56,19357.0,0.0,,,,,0.0,4.384,2984.6,,,,,,,236.0,106.0,,,,,,,,,,,,,""
14016292719,"Mar 29, 2025, 12:28:13 AM",Morning Ride,Ride,"😍 Best training status
🐶 Free Training (moderate intensity)
🚵 Hillclimb Ride
🧀 Fat 32.5%, 🍞 Carb 67.5%
🕯️ Matches 25.5
🔋 Maximum discharge 69.2%


🔗 https://strava.com/clubs/riduck
",14964,57.12,172.0,37,,,Shanyon,activities/14961672663.fit.gz,,7.7,14964.0,9744.0,57119.6,15.26,5.862,403.0,415.0,541.0,632.4,14.2,0.0,,,96.0,59.0,172.0,131.0,,89.0,1153.0,,25.0,37.0,871341.0,,,,,,,,123.0,10267.0,,,0.0,,1.0,,1743206400.0,1.0,22.9,23.1,15.4,0.63,1008.3,0.5,1.3,312.0,0.0,1743210112.0,1743254272.0,0.875,10794160.0,,0.0,1.0,0.23,19693.0,0.0,,,,,0.0,3.817,11925.3,,,,,,,290.0,101.0,,,,,,,,,,,,,""
14010546148,"Mar 28, 2025, 11:50:09 AM",Afternoon Weight Training,Weight Training,,2669,0,165.0,9,,,,activities/14955472509.fit.gz,,,2669.0,2669.0,0.0,0.0,0.0,0.0,0.0,0.0,0.0,0.0,0.0,,,,,165.0,128.0,,,400.0,,,9.0,,,,,,,,,,,,,0.0,,1.0,,,,,,,,,,,,,,,,,,,,,,,,,,,0.0,0.0,0.0,,,,,,,,,,,346.0,,,,,,,,,,""
13998310715,"Mar 27, 2025, 12:26:00 AM",Morning Ride,Ride,"😃 Keeping it steady
🐆 High Intensity Training (high intensity)
🚵 Irregular course Ride
🧀 Fat 25.1%, 🍞 Carb 74.9%
🕯️ Matches 17
🔋 Maximum discharge 63.8%


🔗 https://strava.com/clubs/riduck
",4939,28.68,167.0,21,,,Shanyon,activities/14942291713.fit.gz,,7.7,4939.0,4566.0,28686.5,13.68,6.283,193.0,205.0,559.0,650.4,12.0,0.0,,,108.0,64.0,167.0,137.0,,104.0,612.0,,23.0,21.0,480238.0,,,,,,,,136.0,4797.0,,,0.0,,1.0,,1743033600.0,1.0,21.0,20.1,10.4,0.51,1010.0,1.8,3.7,258.0,0.0,1743037440.0,1743081472.0,0.875,10794160.0,,0.0,1.0,0.23,21496.0,0.0,,,,,0.0,5.808,8964.3,,,,,,,173.0,114.0,,,,,,,,,,,,,""
13982190238,"Mar 25, 2025, 11:44:43 AM",Afternoon Weight Training,Weight Training,,5022,0,154.0,10,,,,activities/14925105062.fit.gz,,,5022.0,5022.0,0.0,0.0,0.0,0.0,0.0,0.0,0.0,0.0,0.0,,,,,154.0,102.0,,,458.0,,,10.0,,,,,,,,,,,,,0.0,,1.0,,,,,,,,,,,,,,,,,,,,,,,,,,,0.0,0.0,0.0,,,,,,,,,,,596.0,,,,,,,,,,""
13941360014,"Mar 20, 2025, 11:37:36 PM",Morning Ride,Ride,"😃 Keeping it steady
🐆 High Intensity Training (high intensity)
🚵 Irregular course Ride
🧀 Fat 23.4%, 🍞 Carb 76.6%
🕯️ Matches 19
🔋 Maximum discharge 45.2%


🔗 https://strava.com/clubs/riduck
",5018,34.36,170.0,30,,,Shanyon,activities/14881166696.fit.gz,,7.7,5018.0,4920.0,34368.5,12.34,6.985,184.0,193.0,545.2,605.6,9.6,0.0,,,103.0,71.0,170.0,145.0,,105.0,668.0,,23.0,30.0,525004.0,,,,,,,,126.0,5019.0,,,0.0,,1.0,,1742511616.0,1.0,20.9,19.8,4.9,0.35,1013.9,1.2,3.7,270.0,0.0,1742519296.0,1742562944.0,0.625,10794160.0,,0.0,1.0,0.04,21569.0,0.0,,,,,0.0,6.849,4132.8,,,,,,,156.0,106.0,,,,,,,,,,,,,""
13885185654,"Mar 15, 2025, 1:05:14 AM",Morning Ride,Ride,"😄 Gradually improving
🐶 Free Training (moderate intensity)
🚵 Free Ride
🧀 Fat 42.8%, 🍞 Carb 57.2%
🕯️ Matches 6.6
🔋 Maximum discharge 47.1%


🔗 https://strava.com/clubs/riduck
",7376,45.01,173.0,25,,,Shanyon,activities/14820265436.fit.gz,,7.7,7376.0,6887.0,45009.4,16.3,6.535,276.0,284.0,555.8,645.2,14.4,0.0,,,108.0,68.0,173.0,132.0,,98.0,881.0,,23.0,25.0,681260.0,,,,,,,,130.0,7058.0,,,0.0,,1.0,,1742000384.0,1.0,22.1,21.3,7.8,0.4,1011.4,0.9,2.0,237.0,0.0,1742001152.0,1742044416.0,0.5,10794160.0,,0.0,1.0,0.06,21435.0,0.0,,,,,0.0,6.102,5424.2,,,,,,,233.0,109.0,,,,,,,,,,,,,""
13829094485,"Mar 9, 2025, 1:43:43 AM",Morning Mountain Bike Ride,Ride,"😐 Fresh condition
🚵 Hillclimb Ride

🔗 Powered by Riduck
",9536,22.03,177.0,62,,,The raider,activities/14760246693.fit.gz,,18.0,9536.0,7106.0,22033.9,12.0,3.101,457.0,474.0,584.8,986.4,34.7,0.2,,,,,177.0,147.0,,130.0,1352.0,,28.0,62.0,,,,,,,,,,,,,0.0,,1.0,,1741481984.0,1.0,19.5,18.7,8.8,0.5,1010.0,1.0,1.8,87.0,0.0,1741483136.0,1741526016.0,0.375,10404546.0,,0.0,1.0,0.01,22303.0,0.0,,1.0,41.1,2.1,0.0,2.311,0.0,,,,,,,,,,,,,,,,,,,,,""
13755453001,"Mar 1, 2025, 3:57:50 AM",Morning Ride,Ride,"😃 Keeping it steady
🐶 Free Training (moderate intensity)
🚵 Free Ride
🧀 Fat 49.4%, 🍞 Carb 50.6%
🕯️ Matches 1.3
🔋 Maximum discharge 21.8%


🔗 Powered by Riduck
",1318,6.18,164.0,4,,,Shanyon,activities/14680276855.fit.gz,,7.7,1318.0,1274.0,6183.3,7.14,4.853,43.0,10.0,581.2,620.8,10.4,0.6,,,86.0,49.0,164.0,133.0,,68.0,124.0,,28.0,4.0,87678.0,,,,,,,,103.0,1319.0,,,0.0,,1.0,,1740797952.0,1.0,23.5,25.7,14.3,0.56,1014.6,0.6,2.0,131.0,0.0,1740792192.0,1740834688.0,0.125,10794160.0,,0.0,1.0,0.32,20212.0,1.0,,,,,0.0,4.691,1182.2,,,,,,,28.0,88.0,,,,,,,,,,,,,""
13755285075,"Mar 1, 2025, 12:39:07 AM",Morning Ride,Ride,"😃 Keeping it steady
🐶 Free Training (moderate intensity)
🚵 Hillclimb Ride
🧀 Fat 40.1%, 🍞 Carb 59.9%
🕯️ Matches 10
🔋 Maximum discharge 44.8%


🔗 Powered by Riduck
",9054,54.02,181.0,43,,,Shanyon,activities/14680091459.fit.gz,,7.7,9054.0,7803.0,54021.6,17.52,6.923,313.0,358.0,551.4,636.0,16.7,-0.1,,,128.0,67.0,181.0,138.0,,92.0,954.0,,22.0,43.0,727939.0,,,,,,,,134.0,8152.0,,,0.0,,1.0,,1740787200.0,1.0,20.7,20.7,13.9,0.65,1012.0,0.6,1.2,209.0,0.0,1740792192.0,1740834688.0,0.125,10794160.0,,0.0,1.0,0.15,19967.0,0.0,,,,,0.0,5.967,6453.5,,,,,,,298.0,115.0,,,,,,,,,,,,,""
13729103781,"Feb 26, 2025, 12:33:24 AM",Morning Ride,Ride,"😐 Fresh condition
🐶 Free Training (moderate intensity)
🚵 Free Ride
🧀 Fat 45.4%, 🍞 Carb 54.6%
🕯️ Matches 6.9
🔋 Maximum discharge 40%


🔗 Powered by Riduck
",11467,43.33,173.0,31,,,Shanyon,activities/14651661847.fit.gz,,7.7,11467.0,7162.0,43332.1,16.52,6.05,264.0,283.0,539.6,633.6,9.7,-0.1,,,133.0,62.0,173.0,129.0,,83.0,812.0,,21.0,31.0,604259.0,,,,,,,,115.0,7853.0,,,0.0,,1.0,,1740528000.0,1.0,18.8,18.4,10.6,0.59,1015.8,0.5,1.2,194.0,0.0,1740533120.0,1740575360.0,0.875,10794160.0,,0.0,1.0,0.01,20731.0,0.0,,,,,0.0,3.779,7411.8,,,,,,,59.0,52.0,,,,,,,,,,,,,""
13666218912,"Feb 19, 2025, 12:36:14 AM",Morning Ride,Ride,"😐 Fresh condition
🚵 Concentrated Ride

🔗 Powered by Riduck
",13425,46.87,187.0,39,,,Shanyon,activities/14583076904.fit.gz,,7.7,13425.0,7469.0,46875.2,13.92,6.276,263.0,261.0,526.6,607.4,9.5,-0.1,,,101.0,57.0,187.0,131.0,,96.0,1133.0,,20.0,39.0,,,,,,,,,,,,,0.0,,1.0,,1739923200.0,1.0,19.8,19.5,11.6,0.59,1012.1,0.4,1.3,198.0,0.0,1739928576.0,1739970432.0,0.625,10794160.0,,0.0,1.0,0.0,20299.0,0.0,,,,,0.0,3.492,2034.4,,,,,,,,,,,,,,,,,,,,,""
13269331811,"Jan 4, 2025, 6:38:30 PM",Night Ride,Ride,"😨 Overtraining warning
🐶 Free Training (moderate intensity)
🚵 Hillclimb Ride
🧀 Fat 44.3%, 🍞 Carb 55.7%
🕯️ Matches 17.4
🔋 Maximum discharge 24.2%


🔗 Powered by Riduck
",33614,162.69,166.0,93,,,Shanyon,activities/14152037596.fit.gz,,7.7,33614.0,25304.0,162690.4,15.96,6.429,934.0,1494.0,43.4,684.0,20.2,-0.3,,,107.0,68.0,166.0,131.0,,86.0,2923.0,,19.0,93.0,2189229.0,,,,,,,,115.0,27549.0,,,0.0,,1.0,,1736013568.0,1.0,17.3,16.9,8.5,0.56,1014.2,0.6,1.1,176.0,0.0,1735954688.0,1735994496.0,0.125,10794160.0,,0.0,1.0,0.1,21703.0,0.0,,,,,0.0,4.84,1589.5,,,,,,,333.0,66.0,,,,,,,,,,,,,""
13260084677,"Jan 4, 2025, 12:53:12 AM",Morning Ride,Ride,"😃 Keeping it steady
🚵 Concentrated Ride

🔗 Powered by Riduck
",6745,36.87,173.0,28,,,Shanyon,activities/14142052796.fit.gz,,7.7,6745.0,6139.0,36873.4,12.68,6.006,227.0,227.0,560.2,666.0,24.4,0.0,,,98.0,62.0,173.0,133.0,,91.0,884.0,,14.0,28.0,,,,,,,,,,,,,0.0,,1.0,,1735948800.0,1.0,13.3,12.5,5.7,0.6,1014.0,1.2,2.7,138.0,0.0,1735954688.0,1735994496.0,0.125,10794160.0,,0.0,1.0,0.27,22132.0,0.0,,,,,0.0,5.467,10765.4,,,,,,,,,,,,,,,,,,,,,""
13243219240,"Jan 2, 2025, 2:34:18 AM",Morning Ride,Ride,"😮 Need more training
🚵 Irregular course Ride

🔗 Powered by Riduck
",5851,20.00,159.0,11,,,Shanyon,activities/14123942248.fit.gz,,7.7,5851.0,3253.0,20006.4,12.64,6.15,110.0,117.0,547.8,611.6,15.4,-0.1,,,113.0,58.0,159.0,128.0,,92.0,522.0,,20.0,11.0,,,,,,,,,,,,,0.0,,1.0,,1735783168.0,1.0,16.3,17.3,14.1,0.87,1015.9,0.9,1.9,107.0,0.0,1735781888.0,1735821568.0,0.125,10794160.0,,0.0,1.0,0.13,16272.0,0.0,,,,,0.0,3.419,2864.1,,,,,,,,,,,,,,,,,,,,,""
13212783578,"Dec 29, 2024, 1:33:55 AM",Morning Ride,Ride,"😮 Need more training
🐶 Free Training (moderate intensity)
🚵 Irregular course Ride
🧀 Fat 55.8%, 🍞 Carb 44.2%
🕯️ Matches 1.7
🔋 Maximum discharge 27.7%


🔗 Powered by Riduck
",8389,19.68,164.0,12,,,Shanyon,activities/14090919318.fit.gz,,7.7,8389.0,4607.0,19681.1,9.5,4.272,131.0,139.0,552.6,608.4,10.8,-0.1,,,87.0,54.0,164.0,115.0,,57.0,397.0,,22.0,12.0,264460.0,,,,,,,,99.0,5099.0,,,0.0,,1.0,,1735433984.0,1.0,17.9,18.3,16.1,0.89,1016.2,1.0,2.1,77.0,0.0,1735436160.0,1735475840.0,0.875,10794160.0,,0.0,1.0,0.26,16856.0,0.0,,,,,0.0,2.346,5923.5,,,,,,,45.0,57.0,,,,,,,,,,,,,""
13153239803,"Dec 20, 2024, 12:50:29 AM",Morning Ride,Ride,"😨 Overtraining warning
🐗 Sweet Spot Training (moderate intensity)
🚵 Medio Fondo
🧀 Fat 29.1%, 🍞 Carb 70.9%
🕯️ Matches 31.4
🔋 Maximum discharge 76.5%


🔗 Powered by Riduck
",24131,103.77,182.0,172,,,Shanyon,activities/14026832672.fit.gz,,7.7,24131.0,18460.0,103775.4,19.62,5.622,1419.0,793.0,575.8,1304.4,46.3,0.7,,,117.0,69.0,182.0,151.0,,133.0,2991.0,,22.0,172.0,2456009.0,,,,,,,,149.0,20561.0,,,0.0,,1.0,,1734652800.0,1.0,13.8,13.6,10.4,0.8,1011.7,0.6,1.0,201.0,0.0,1734658304.0,1734697984.0,0.625,10794160.0,,0.0,1.0,0.08,20250.0,0.0,,,,,0.0,4.301,386.1,,,,,,,420.0,86.0,,,,,,,,,,,,,""
13146273701,"Dec 19, 2024, 12:52:50 AM",Morning Ride,Ride,"😨 Overtraining warning
🐴 Racepace Training (threshold intensity)
🚵 Concentrated Ride
🧀 Fat 36.8%, 🍞 Carb 63.2%
🕯️ Matches 13.5
🔋 Maximum discharge 71.9%


🔗 Powered by Riduck
",11293,33.59,182.0,30,,,Shanyon,activities/14019323397.fit.gz,,7.7,11293.0,5468.0,33593.8,14.18,6.144,229.0,241.0,537.2,652.4,12.0,-0.1,,,98.0,68.0,182.0,138.0,,107.0,747.0,,14.0,30.0,589444.0,,,,,,,,142.0,5974.0,,,0.0,,1.0,,1734566400.0,1.0,11.6,11.2,6.8,0.72,1011.8,0.8,1.0,168.0,0.0,1734571904.0,1734611584.0,0.625,10794160.0,,0.0,1.0,0.19,20311.0,0.0,,,,,0.0,2.975,6837.8,,,,,,,149.0,95.0,,,,,,,,,,,,,""
13131912473,"Dec 17, 2024, 12:36:05 AM",Morning Ride,Ride,"😨 Overtraining warning
🐴 Racepace Training (threshold intensity)
🚵 Concentrated Ride
🧀 Fat 40.6%, 🍞 Carb 59.4%
🕯️ Matches 12
🔋 Maximum discharge 71.6%


🔗 Powered by Riduck
",11099,48.04,173.0,33,,,Shanyon,activities/14003979928.fit.gz,,7.7,11099.0,7285.0,48044.4,19.38,6.595,292.0,311.0,542.2,636.6,17.1,-0.1,,,118.0,68.0,173.0,134.0,,105.0,979.0,,14.0,33.0,767801.0,,,,,,,,139.0,8157.0,,,0.0,,1.0,,1734393600.0,1.0,11.5,10.6,4.5,0.62,1013.6,0.8,1.0,177.0,0.0,1734398976.0,1734438656.0,0.625,10794160.0,,0.0,1.0,0.0,21095.0,0.0,,,,,0.0,4.329,5378.3,,,,,,,164.0,85.0,,,,,,,,,,,,,""
13111007807,"Dec 14, 2024, 12:49:43 AM",Morning Ride,Ride,"😅 Slightly overtrained
🚵 Concentrated Ride

🔗 Powered by Riduck
",15465,59.43,173.0,45,,,Shanyon,activities/13981550784.fit.gz,,7.7,15465.0,9396.0,59436.1,12.017,6.326,257.0,270.0,522.0,603.4,9.3,0.0,,,99.0,62.0,173.0,134.0,,95.0,1525.0,,17.0,45.0,,,,,,,,,,,,,0.0,,1.0,,1734134400.0,3.0,13.5,13.5,9.7,0.78,1014.6,1.4,3.1,108.0,0.0,1734139776.0,1734179456.0,0.375,10794160.0,,0.0,1.0,0.77,19731.0,0.0,,,,,0.0,3.843,17241.6,,,,,,,,,,,,,,,,,,,,,""
13097405847,"Dec 12, 2024, 12:42:09 AM",Morning Ride,Ride,"😍 Best training status
🚵 Concentrated Ride

🔗 Powered by Riduck
",9766,35.38,171.0,25,,,Shanyon,activities/13966972769.fit.gz,,7.7,9766.0,5926.0,35386.1,13.62,5.971,221.0,269.0,547.2,662.0,44.7,-0.2,,,97.0,58.0,171.0,131.0,,89.0,914.0,,16.0,25.0,,,,,,,,,,,,,0.0,,1.0,,1733961600.0,1.0,15.2,14.9,11.8,0.8,1012.3,0.9,1.4,147.0,0.0,1733966848.0,1734006528.0,0.375,10794160.0,,0.0,1.0,0.07,18170.0,0.0,,,,,0.0,3.623,11942.6,,,,,,,,,,,,,,,,,,,,,""
13083132678,"Dec 10, 2024, 12:47:52 AM",Morning Ride,Ride,"😍 Best training status
🐆 High Intensity Training (high intensity)
🚵 Concentrated Ride
🧀 Fat 33.4%, 🍞 Carb 66.6%
🕯️ Matches 12.8
🔋 Maximum discharge 33.6%


🔗 Powered by Riduck
",9547,33.01,162.0,14,,,Shanyon,activities/13951695519.fit.gz,,7.7,9547.0,5350.0,33013.5,18.78,6.171,224.0,236.0,542.0,655.4,11.3,-0.1,,,98.0,65.0,162.0,117.0,,101.0,696.0,,17.0,14.0,541532.0,,,,,,,,131.0,6012.0,,,0.0,,1.0,,1733788800.0,1.0,14.3,13.7,8.9,0.7,1013.0,1.0,2.2,92.0,0.0,1733793920.0,1733833728.0,0.375,10794160.0,,0.0,1.0,0.16,20351.0,0.0,,,,,0.0,3.458,6291.2,,,,,,,107.0,80.0,,,,,,,,,,,,,""
13069096124,"Dec 8, 2024, 1:10:06 AM",Morning Ride,Ride,"😃 Keeping it steady
🐶 Free Training (moderate intensity)
🚵 Free Ride
🧀 Fat 38.6%, 🍞 Carb 61.4%
🕯️ Matches 1.6
🔋 Maximum discharge 12.7%


🔗 Powered by Riduck
",1272,8.01,148.0,3,,,Shanyon,activities/13936781222.fit.gz,,7.7,1272.0,1225.0,8011.2,13.0,6.54,46.0,55.0,563.0,605.4,36.6,-0.1,,,94.0,69.0,148.0,123.0,,105.0,165.0,,20.0,3.0,130118.0,,,,,,,,117.0,1273.0,,,0.0,,1.0,,1733619584.0,3.0,16.4,17.0,12.7,0.79,1011.8,0.8,1.5,216.0,0.0,1733621120.0,1733660928.0,0.125,10794160.0,,0.0,1.0,0.79,19007.0,0.0,,,,,0.0,6.298,1131.5,,,,,,,19.0,75.0,,,,,,,,,,,,,""
13062726485,"Dec 7, 2024, 3:46:03 AM",Morning Ride,Ride,"😃 Keeping it steady
🦆 ETC Training ()
🚵 Concentrated Ride
🧀 Fat 35.8%, 🍞 Carb 64.2%
🕯️ Matches 2
🔋 Maximum discharge 34.5%


🔗 Powered by Riduck
",1103,5.67,163.0,4,,,Shanyon,activities/13929944025.fit.gz,,7.7,1103.0,1061.0,5676.2,8.66,5.35,52.0,20.0,571.4,617.4,14.5,0.7,,,89.0,62.0,163.0,127.0,,106.0,144.0,,25.0,4.0,113691.0,,,,,,,,139.0,1063.0,,,0.0,,1.0,,1733540352.0,2.0,21.9,24.5,18.9,0.83,1013.3,0.5,1.9,194.0,0.0,1733534720.0,1733574528.0,0.125,10794160.0,,0.0,1.0,0.42,19189.0,1.0,,,,,0.0,5.146,1346.1,,,,,,,23.0,89.0,,,,,,,,,,,,,""
13062606886,"Dec 7, 2024, 12:40:50 AM",Morning Ride,Ride,"😃 Keeping it steady
🐶 Free Training (moderate intensity)
🚵 Free Ride
🧀 Fat 44.7%, 🍞 Carb 55.3%
🕯️ Matches 8.4
🔋 Maximum discharge 39.4%


🔗 Powered by Riduck
",8651,46.23,164.0,21,,,Shanyon,activities/13929811488.fit.gz,,7.7,8651.0,7294.0,46232.0,14.62,6.338,212.0,255.0,541.2,609.4,21.8,-0.1,,,107.0,63.0,164.0,119.0,,88.0,860.0,,22.0,21.0,648512.0,,,,,,,,114.0,7711.0,,,0.0,,1.0,,1733529600.0,2.0,20.5,21.5,18.3,0.87,1011.4,0.6,1.0,170.0,0.0,1733534720.0,1733574528.0,0.125,10794160.0,,0.0,1.0,0.4,18196.0,0.0,,,,,0.0,5.344,1998.2,,,,,,,113.0,73.0,,,,,,,,,,,,,""
13050186409,"Dec 5, 2024, 12:40:30 AM",Morning Ride,Ride,"😐 Fresh condition
🐶 Free Training (moderate intensity)
🚵 Free Ride
🧀 Fat 44.7%, 🍞 Carb 55.3%
🕯️ Matches 7.1
🔋 Maximum discharge 61.2%


🔗 Powered by Riduck
",8528,42.90,176.0,23,,,Shanyon,activities/13916510989.fit.gz,,7.7,8528.0,6794.0,42899.2,15.22,6.314,224.0,265.0,540.0,607.2,25.0,-0.1,,,111.0,62.0,176.0,127.0,,81.0,755.0,,22.0,23.0,558506.0,,,,,,,,123.0,7242.0,,,0.0,,1.0,,1733356800.0,2.0,20.4,21.5,18.9,0.91,1012.1,1.2,2.5,87.0,0.0,1733361792.0,1733401600.0,0.125,10794160.0,,0.0,1.0,0.6,17915.0,0.0,,,,,0.0,5.03,2781.2,,,,,,,122.0,78.0,,,,,,,,,,,,,""
12999391542,"Nov 28, 2024, 12:43:23 AM",Morning Ride,Ride,"😨 Overtraining warning
🚵 Free Ride

🔗 Powered by Riduck
",11682,38.00,160.0,23,,,The ultimate canyon,activities/13862094881.fit.gz,,7.7,11682.0,6963.0,38003.8,12.61,5.458,269.0,262.0,537.4,651.4,10.8,-0.1,,,82.0,81.0,160.0,124.0,,87.0,987.0,,15.0,23.0,,,,,,,,,,,0.0,,0.0,,1.0,,1732752000.0,1.0,12.9,11.8,8.8,0.76,1013.1,1.6,3.1,108.0,0.0,1732756736.0,1732796800.0,0.875,10388125.0,,0.0,1.0,0.16,21117.0,0.0,,,,,0.0,3.253,9946.2,,,,,,,,,,,,,,,,,,,,,""
12992144251,"Nov 27, 2024, 1:22:27 AM",Morning Ride,Ride,"😨 Overtraining warning
🚵 Free Ride

🔗 Powered by Riduck
",7059,35.87,153.0,19,,,Litespeed,activities/13854350649.fit.gz,,7.7,7059.0,6466.0,35872.6,15.9,5.548,218.0,232.0,545.0,621.6,11.1,-0.1,,,107.0,68.0,153.0,124.0,,186.0,829.0,,16.0,19.0,,,,,,,,,,,0.0,,0.0,,1.0,,1732669184.0,1.0,12.7,12.1,9.1,0.79,1013.8,1.3,2.5,111.0,0.0,1732670336.0,1732710400.0,0.875,14312577.0,,0.0,1.0,0.24,19351.0,0.0,,,,,0.0,5.082,15073.5,,,,,,,,,,,,,,,,,,,,,""
12984386871,"Nov 26, 2024, 1:18:18 AM",Recovery Ride,Ride,"😨 Overtraining warning
🚵 Concentrated Ride

🔗 Powered by Riduck
",7101,31.06,163.0,20,,,Litespeed,activities/13846062998.fit.gz,,7.7,7101.0,5230.0,31061.6,15.576,5.939,188.0,181.0,551.6,602.6,26.0,0.0,,,112.0,70.0,163.0,133.0,,204.0,867.0,,16.0,20.0,,,,,,,,,,,0.0,,0.0,,1.0,,1732582784.0,2.0,13.4,13.1,10.0,0.8,1014.5,1.3,1.8,119.0,0.0,1732583808.0,1732624000.0,0.875,14312577.0,,0.0,1.0,0.44,19345.0,0.0,,,,,0.0,4.374,3367.0,,,,,,,,,,,,,,,,,,,,,media/ffa7ee9f-799b-4665-8b25-ecb69a0465eb.jpg
12962652890,"Nov 23, 2024, 1:03:48 AM",Morning Ride,Ride,"😨 Overtraining warning
🐶 Free Training (moderate intensity)
🚵 Hillclimb Ride
🧀 Fat 34.9%, 🍞 Carb 65.1%
🕯️ Matches 30.5
🔋 Maximum discharge 54.6%


🔗 Powered by Riduck
",25033,113.68,170.0,79,,,Shanyon,activities/13823064574.fit.gz,,7.7,25033.0,19165.0,113682.9,18.02,5.932,995.0,1562.0,19.4,614.6,47.1,-0.5,,,114.0,62.0,170.0,135.0,,94.0,2380.0,,26.0,79.0,1820594.0,,,,,,,,126.0,20400.0,,,0.0,,1.0,,1732323584.0,1.0,16.6,15.8,13.1,0.8,1012.9,2.0,4.4,96.0,0.0,1732323968.0,1732364928.0,0.75,10794160.0,,0.0,1.0,0.36,22831.0,0.0,,,,,0.0,4.541,1011.0,,,,,,,370.0,81.0,,,,,,,,,,,,,""
12956298946,"Nov 22, 2024, 1:00:38 AM",TOK day 3: Sagara-> Sirsi,Ride,"😨 Overtraining warning
🐴 Racepace Training (threshold intensity)
🚵 Medio Fondo
🧀 Fat 31.3%, 🍞 Carb 68.7%
🕯️ Matches 30.7
🔋 Maximum discharge 38.8%


🔗 Powered by Riduck
",22167,91.98,162.0,60,,,Shanyon,activities/13816189078.fit.gz,,7.7,22167.0,16539.0,91985.1,18.16,5.562,1064.0,1060.0,469.6,613.8,40.0,0.0,,,114.0,62.0,162.0,132.0,,102.0,2181.0,,25.0,60.0,1700812.0,,,,,,,,131.0,17382.0,0.0,,0.0,,1.0,,1732237184.0,2.0,17.4,17.0,14.4,0.83,1011.8,2.0,5.4,79.0,0.0,1732237440.0,1732278528.0,0.625,10794160.0,,0.0,1.0,0.58,19659.6,0.0,,,,,0.0,4.15,5.9,,,,,,,340.0,84.0,,,,,,,,,,,,,media/72344b6d-d04a-4324-863f-76597c6aed08.jpg|media/03f129db-64ae-4fbe-83e4-7d63565e1345.jpg|media/404ff52a-4186-449f-9a78-11716e7e43c5.jpg|media/d9442468-9f70-4f30-8f0f-66b22818608c.jpg
12950792921,"Nov 21, 2024, 1:01:52 AM",TOK day 2: Udupi -> Sagara,Ride,"😨 Overtraining warning
🐗 Sweet Spot Training (moderate intensity)
🚵 Hillclimb Ride
🧀 Fat 34.7%, 🍞 Carb 65.3%
🕯️ Matches 23.9
🔋 Maximum discharge 33.6%


🔗 Powered by Riduck
",36328,126.21,160.0,119,,,Shanyon,activities/13810469433.fit.gz,,7.7,36328.0,25990.0,126214.2,15.42,4.856,1651.0,1163.0,-25.0,609.0,33.0,0.4,,,112.0,62.0,160.0,138.0,,104.0,3473.0,,30.0,119.0,2718530.0,,,,,,,,124.0,28617.0,0.0,,0.0,,1.0,,1732150784.0,1.0,22.9,23.1,20.0,0.84,1009.6,2.1,3.9,71.0,0.0,1732151040.0,1732192256.0,0.625,10794160.0,,0.0,1.0,0.22,22627.0,0.0,,,,,0.0,3.474,7.1,,,,,,,499.0,79.0,,,,,,,,,,,,,media/ea6f2787-7707-4be2-adfd-88567bf605fc.jpg|media/22d00252-c598-4b56-bc6c-22dd88f37baf.jpg|media/db2a4b52-a027-4fad-a9f4-e5cae88b23f9.jpg|media/795acd5c-16fe-41e2-a62c-30a94f45fa1d.jpg|media/f6749f20-8dfd-4f79-aa25-eb582be83313.jpg
12942027802,"Nov 20, 2024, 1:09:54 AM",TOK Day 1- Dharmsthala -> Udupi,Ride,"😨 Overtraining warning
🐆 High Intensity Training (high intensity)
🚵 Event Race
🧀 Fat 30.9%, 🍞 Carb 69.1%
🕯️ Matches 55.5
🔋 Maximum discharge 59.8%


🔗 Powered by Riduck
",26148,118.35,179.0,153,,,Shanyon,activities/13801095710.fit.gz,,7.7,26148.0,18920.0,118354.3,18.16,6.256,955.0,1007.0,38.4,163.0,47.2,0.0,,,104.0,64.0,179.0,148.0,,105.0,2552.0,,30.0,153.0,2003224.0,,,,,,,,138.0,20289.0,0.0,,0.0,,1.0,,1732064384.0,2.0,22.4,22.9,18.6,0.79,1011.0,1.8,3.9,63.0,0.0,1732064384.0,1732105728.0,0.625,10794160.0,,0.0,1.0,0.56,23361.0,0.0,,,,,0.0,4.526,5939.4,,,,,,,438.0,88.0,,,,,,,,,,,,,media/9c1de8a7-c4d0-4b2e-99fc-695dd60bdd48.jpg|media/4fa17439-392f-4657-81ea-aa618cb94d28.jpg|media/ea1bc7e4-94c1-4a43-ba36-c8c8aa7b3756.mp4|media/43002860-1968-4051-a914-b2bc178abf2e.mp4|media/a8b5c96c-a12a-4d37-bec3-5e5d0c2dd417.mp4
12910937367,"Nov 16, 2024, 12:47:48 AM",Morning Ride,Ride,"😃 Keeping it steady
🐶 Free Training (moderate intensity)
🚵 Free Ride
🧀 Fat 43.1%, 🍞 Carb 56.9%
🕯️ Matches 7.5
🔋 Maximum discharge 34.3%


🔗 Powered by Riduck
",22249,46.80,169.0,27,,,Shanyon,activities/13767609196.fit.gz,,7.7,22249.0,8084.0,46801.3,14.0,5.789,270.0,280.0,540.8,606.6,15.7,0.0,,,109.0,56.0,169.0,127.0,,76.0,858.0,,24.0,27.0,623337.0,,,,,,,,105.0,8675.0,,,0.0,,1.0,,1731715200.0,2.0,20.0,21.0,17.7,0.87,1011.8,0.8,1.8,116.0,0.0,1731719552.0,1731760000.0,0.5,10794160.0,,0.44,5.0,0.54,18156.0,0.0,,,,,0.0,2.104,4744.1,,,,,,,108.0,67.0,,,,,,,,,,,,,""
12903580283,"Nov 15, 2024, 12:53:31 AM",Morning Ride,Ride,"😐 Fresh condition
🐶 Free Training (moderate intensity)
🚵 Hillclimb Ride
🧀 Fat 41.4%, 🍞 Carb 58.6%
🕯️ Matches 7.8
🔋 Maximum discharge 56.5%


🔗 Powered by Riduck
",10613,35.01,174.0,27,,,Shanyon,activities/13759649294.fit.gz,,7.7,10613.0,6687.0,35014.9,15.94,5.236,301.0,302.0,546.4,660.2,36.6,0.0,,,95.0,55.0,174.0,130.0,,87.0,779.0,,23.0,27.0,585277.0,,,,,,,,120.0,7439.0,,,0.0,,1.0,,1731628800.0,3.0,20.0,20.9,17.2,0.84,1012.5,1.3,3.0,102.0,0.0,1731633152.0,1731673600.0,0.375,10794160.0,,0.35,5.0,0.78,22137.0,0.0,,,,,0.0,3.299,10687.1,,,,,,,153.0,86.0,,,,,,,,,,,,,""
12891074396,"Nov 13, 2024, 11:45:57 AM",Afternoon Weight Training,Weight Training,,3939,0,159.0,11,,,,activities/13746252704.fit.gz,,,3939.0,3939.0,0.0,0.0,0.0,0.0,0.0,0.0,0.0,0.0,0.0,,,,,159.0,123.0,,,512.0,,,11.0,,,,,,,,,,,,,0.0,,1.0,,,,,,,,,,,,,,,,,,,,,,,,,,,0.0,0.0,0.0,,,,,,,,,,,526.0,,,,,,,,,,""
12875417062,"Nov 11, 2024, 12:43:00 PM",Evening Weight Training,Weight Training,,3488,0,147.0,8,,,,activities/13729490274.fit.gz,,,3488.0,3488.0,0.0,0.0,0.0,0.0,0.0,0.0,0.0,0.0,0.0,,,,,147.0,110.0,,,377.0,,,8.0,,,,,,,,,,,,,0.0,,1.0,,,,,,,,,,,,,,,,,,,,,,,,,,,0.0,0.0,0.0,,,,,,,,,,,692.0,,,,,,,,,,""
12849317597,"Nov 8, 2024, 2:40:37 AM",Morning Weight Training,Weight Training,,3008,0,155.0,6,,,,activities/13701321175.fit.gz,,,3008.0,3008.0,0.0,0.0,0.0,0.0,0.0,0.0,0.0,0.0,0.0,,,,,155.0,107.0,,,318.0,,,6.0,,,,,,,,,,,,,0.0,,1.0,,,,,,,,,,,,,,,,,,,,,,,,,,,0.0,0.0,0.0,,,,,,,,,,,452.0,,,,,,,,,,""
12836815728,"Nov 6, 2024, 12:48:41 PM",Evening Weight Training,Weight Training,,3652,0,154.0,8,,,,activities/13687949143.fit.gz,,,3652.0,3652.0,0.0,0.0,0.0,0.0,0.0,0.0,0.0,0.0,0.0,,,,,154.0,111.0,,,400.0,,,8.0,,,,,,,,,,,,,0.0,,1.0,,,,,,,,,,,,,,,,,,,,,,,,,,,0.0,0.0,0.0,,,,,,,,,,,728.0,,,,,,,,,,""
12833866913,"Nov 6, 2024, 1:46:23 AM",Morning Ride,Ride,"😮 Need more training
🐶 Free Training (moderate intensity)
🚵 Irregular course Ride
🧀 Fat 36.6%, 🍞 Carb 63.4%
🕯️ Matches 5.8
🔋 Maximum discharge 49.2%


🔗 Powered by Riduck
",6974,19.53,173.0,17,,,Shanyon,activities/13684751407.fit.gz,,7.7,6974.0,3133.0,19535.0,13.8,6.235,104.0,111.0,548.2,608.8,11.8,-0.1,,,123.0,64.0,173.0,140.0,,93.0,385.0,,22.0,17.0,294597.0,,,,,,,,132.0,3479.0,,,0.0,,1.0,,1730854784.0,1.0,18.7,18.8,14.0,0.74,1014.7,0.5,1.3,264.0,0.0,1730855168.0,1730896128.0,0.125,10794160.0,,0.0,1.0,0.12,19555.0,0.0,,,,,0.0,2.801,2296.3,,,,,,,87.0,95.0,,,,,,,,,,,,,""
12820361822,"Nov 4, 2024, 11:57:25 AM",Afternoon Weight Training,Weight Training,,3552,0,171.0,12,,,,activities/13670338647.fit.gz,,,3552.0,3552.0,0.0,0.0,0.0,0.0,0.0,0.0,0.0,0.0,0.0,,,,,171.0,126.0,,,507.0,,,12.0,,,,,,,,,,,,,0.0,,1.0,,,,,,,,,,,,,,,,,,,,,,,,,,,0.0,0.0,0.0,,,,,,,,,,,470.0,,,,,,,,,,""
12819875541,"Nov 4, 2024, 11:42:27 AM",Afternoon Elliptical,Elliptical,,242,0,161.0,1,,,,activities/13669813459.fit.gz,,,242.0,242.0,0.0,0.0,0.0,0.0,0.0,0.0,0.0,0.0,0.0,,,83.0,76.0,161.0,148.0,,,57.0,,,1.0,,,,,,,,,,,,,0.0,,1.0,,,,,,,,,,,,,,,,,,,,,,,,,,,0.0,0.0,0.0,,,,556.0,,,,,,,556.0,,,,,,,,,,""
12778857711,"Oct 30, 2024, 5:19:53 AM",Morning Weight Training,Weight Training,,3744,0,149.0,10,,,,activities/13625618277.fit.gz,,,3744.0,3744.0,0.0,0.0,0.0,0.0,0.0,0.0,0.0,0.0,0.0,,,,,149.0,117.0,,,451.0,,,10.0,,,,,,,,,,,,,0.0,,1.0,,,,,,,,,,,,,,,,,,,,,,,,,,,0.0,0.0,0.0,,,,,,,,,,,606.0,,,,,,,,,,""
12778533753,"Oct 30, 2024, 3:36:40 AM",Morning Ride,Ride,"😨 Overtraining warning
🚵 Concentrated Ride

🔗 Powered by Riduck
",1834,8.12,176.0,8,,,Shanyon,activities/13625261614.fit.gz,,7.7,1834.0,1530.0,8119.8,9.4,5.307,49.0,24.0,556.6,599.6,9.5,0.3,,,,,176.0,141.0,,96.0,310.0,,28.0,8.0,,,,,,,,,,,,,0.0,,1.0,,1730257152.0,1.0,22.9,26.6,19.6,0.82,1012.7,0.4,2.2,12.0,0.0,1730250240.0,1730291584.0,0.875,10794160.0,,0.48,5.0,0.09,11298.0,2.0,,,,,0.0,4.427,1868.4,,,,,,,,,,,,,,,,,,,,,""
12778408155,"Oct 30, 2024, 12:58:42 AM",Morning Ride,Ride,"😨 Overtraining warning
🐶 Free Training (moderate intensity)
🚵 Irregular course Ride
🧀 Fat 32.2%, 🍞 Carb 67.8%
🕯️ Matches 13.4
🔋 Maximum discharge 28%


🔗 Powered by Riduck
",7082,51.21,169.0,29,,,Shanyon,activities/13625125889.fit.gz,,7.7,7082.0,6804.0,51218.7,13.34,7.528,182.0,216.0,536.4,596.8,5.5,-0.1,,,98.0,67.0,169.0,136.0,,102.0,900.0,,23.0,29.0,701877.0,,,,,,,,121.0,7083.0,,,0.0,,1.0,,1730246400.0,1.0,19.5,20.3,18.0,0.91,1010.6,0.7,1.2,212.0,0.0,1730250240.0,1730291584.0,0.875,10794160.0,,0.43,5.0,0.23,15707.0,0.0,,,,,0.0,7.232,2721.4,,,,,,,173.0,94.0,,,,,,,,,,,,,""
12764865282,"Oct 28, 2024, 11:56:06 AM",Afternoon Weight Training,Weight Training,,3576,0,159.0,8,,,,activities/13610624710.fit.gz,,,3576.0,3576.0,0.0,0.0,0.0,0.0,0.0,0.0,0.0,0.0,0.0,,,,,159.0,110.0,,,380.0,,,8.0,,,,,,,,,,,,,0.0,,1.0,,,,,,,,,,,,,,,,,,,,,,,,,,,0.0,0.0,0.0,,,,,,,,,,,610.0,,,,,,,,,,""
12762380733,"Oct 28, 2024, 12:02:46 AM",Morning Ride,Ride,"😨 Overtraining warning
🐗 Sweet Spot Training (moderate intensity)
🚵 Hillclimb Ride
🧀 Fat 33.1%, 🍞 Carb 66.9%
🕯️ Matches 8.3
🔋 Maximum discharge 25.8%


🔗 Powered by Riduck
",14207,71.86,168.0,59,,,Shanyon,activities/13607904540.fit.gz,,7.7,14207.0,12082.0,71861.3,17.42,5.948,660.0,681.0,568.6,867.2,39.2,-0.1,,,98.0,65.0,168.0,138.0,,104.0,1620.0,,22.0,59.0,1267687.0,,,,,,,,128.0,12994.0,,,0.0,,1.0,,1730073600.0,1.0,19.4,19.9,16.4,0.83,1009.0,0.8,1.8,225.0,0.0,1730077440.0,1730118784.0,0.875,10794160.0,,0.0,1.0,0.27,18880.0,0.0,,,,,0.0,5.058,2386.4,,,,,,,354.0,99.0,,,,,,,,,,,,,""
12745705804,"Oct 26, 2024, 12:00:57 AM",Morning Ride,Ride,"😨 Overtraining warning
🚵 Century Ride(km)

🔗 Powered by Riduck
",17557,101.44,,,,,Shanyon,activities/12745705804.fit,,7.7,17557.0,13966.0,101446.8,15.18,7.264,668.0,664.0,539.6,645.0,23.1,0.0,,,,,,,,148.0,2311.0,,23.0,,,,,,,,,,,,,,0.0,,1.0,,1729900800.0,1.0,19.0,19.0,14.4,0.75,1011.9,0.5,1.2,222.0,0.0,1729904512.0,1729946112.0,0.875,10794160.0,,0.0,1.0,0.04,19656.0,0.0,,,,,0.0,5.778,2194.9,,,,,,,,,,,,,,,,,,,,,""
12741352076,"Oct 25, 2024, 12:45:08 PM",Evening Weight Training,Weight Training,,4084,0,146.0,10,,,,activities/13585085340.fit.gz,,,4084.0,4084.0,0.0,0.0,0.0,0.0,0.0,0.0,0.0,0.0,0.0,,,,,146.0,112.0,,,446.0,,,10.0,,,,,,,,,,,,,0.0,,1.0,,,,,,,,,,,,,,,,,,,,,,,,,,,0.0,0.0,0.0,,,,,,,,,,,742.0,,,,,,,,,,""
12725492369,"Oct 23, 2024, 11:58:09 AM",Afternoon Weight Training,Weight Training,,3274,0,148.0,7,,,,activities/13568058962.fit.gz,,,3274.0,3274.0,0.0,0.0,0.0,0.0,0.0,0.0,0.0,0.0,0.0,,,,,148.0,109.0,,,349.0,,,7.0,,,,,,,,,,,,,0.0,,1.0,,,,,,,,,,,,,,,,,,,,,,,,,,,0.0,0.0,0.0,,,,,,,,,,,426.0,,,,,,,,,,""
12713280457,"Oct 21, 2024, 11:27:40 PM",🦜 ride,Ride,"No lighting on lakshmi road, which was the entire point of taking this route

😄 Gradually improving
🐴 Racepace Training (threshold intensity)
🚵 Concentrated Ride
🧀 Fat 31.5%, 🍞 Carb 68.5%
🕯️ Matches 12.9
🔋 Maximum discharge 74.5%


🔗 Powered by Riduck
",5880,32.02,182.0,31,,,Shanyon,activities/13554982270.fit.gz,,7.7,5880.0,5185.0,32022.9,17.81,6.176,225.0,234.0,560.0,656.4,23.7,-0.1,,,105.0,63.0,182.0,142.0,,106.0,703.0,,23.0,31.0,552816.0,,,,,,,,145.0,5488.0,0.0,,0.0,,1.0,,1729551616.0,3.0,21.1,22.5,20.1,0.94,1011.6,1.1,2.0,50.0,0.9,1729558784.0,1729600640.0,0.625,10794160.0,,0.78,5.0,0.68,8892.0,0.0,,,,,0.0,5.446,6387.3,,,,,,,191.0,112.0,,,,,,,,,,,,,media/3dea2d6b-db21-417c-b42d-e7c85c6b4880.jpg|media/52f33d35-781a-4a93-a18c-ececcc3e1a70.mp4
12708719334,"Oct 21, 2024, 12:44:40 PM",Evening Weight Training,Weight Training,,3984,0,154.0,9,,,,activities/13550122457.fit.gz,,,3984.0,3984.0,0.0,0.0,0.0,0.0,0.0,0.0,0.0,0.0,0.0,,,,,154.0,108.0,,,402.0,,,9.0,,,,,,,,,,,,,0.0,,1.0,,,,,,,,,,,,,,,,,,,,,,,,,,,0.0,0.0,0.0,,,,,,,,,,,706.0,,,,,,,,,,""
12697411090,"Oct 20, 2024, 2:27:35 AM",Morning Ride,Ride,"😐 Fresh condition
🐆 High Intensity Training (high intensity)
🚵 Hillclimb Ride
🧀 Fat 16.9%, 🍞 Carb 83.1%
🕯️ Matches 23.4
🔋 Maximum discharge 100%


🔗 Powered by Riduck
",5435,25.44,172.0,42,,,Shanyon,activities/13537908419.fit.gz,,7.7,5435.0,5000.0,25441.9,16.966,5.088,388.0,391.0,592.0,874.6,38.5,-0.1,,,101.0,63.0,172.0,147.0,,123.0,764.0,,24.0,42.0,618960.0,,,,,,,,155.0,5436.0,,,0.0,,1.0,,1729389568.0,3.0,22.3,23.6,20.4,0.89,1013.0,1.1,3.1,81.0,0.0,1729385984.0,1729427968.0,0.625,10794160.0,,0.72,5.0,0.94,18858.0,0.0,,,,,0.0,4.681,4008.2,,,,,,,217.0,120.0,,,,,,,,,,,,,""
12652634045,"Oct 14, 2024, 11:30:01 AM",Afternoon Weight Training,Weight Training,,3282,0,153.0,7,,,,activities/13489947360.fit.gz,,,3282.0,3282.0,0.0,0.0,0.0,0.0,0.0,0.0,0.0,0.0,0.0,,,,,153.0,109.0,,,360.0,,,7.0,,,,,,,,,,,,,0.0,,1.0,,,,,,,,,,,,,,,,,,,,,,,,,,,0.0,0.0,0.0,,,,,,,,,,,680.0,,,,,,,,,,""
12641765886,"Oct 13, 2024, 12:46:01 AM",Morning Ride,Ride,"😄 Gradually improving
🦁 Sprint Training (highest intensity)
🚵 Hillclimb Ride
🧀 Fat 23.7%, 🍞 Carb 76.3%
🕯️ Matches 43.1
🔋 Maximum discharge 100%


🔗 Powered by Riduck
",11506,56.05,178.0,54,,,Shanyon,activities/13478200068.fit.gz,,7.7,11506.0,9034.0,56056.4,15.12,6.205,363.0,377.0,542.8,624.6,17.7,0.0,,,111.0,60.0,178.0,140.0,,99.0,1161.0,,25.0,54.0,900033.0,,,,,,,,142.0,9513.0,,,0.0,,1.0,,1728777600.0,2.0,21.8,23.2,20.8,0.94,1009.5,1.0,2.2,96.0,0.0,1728781056.0,1728823424.0,0.375,10794160.0,,0.69,5.0,0.58,16649.0,0.0,,,,,0.0,4.872,17305.7,,,,,,,286.0,104.0,,,,,,,,,,,,,""
12626254800,"Oct 11, 2024, 2:51:53 AM",Morning Weight Training,Weight Training,,2148,0,145.0,4,,,,activities/13461410781.fit.gz,,,2148.0,2148.0,0.0,0.0,0.0,0.0,0.0,0.0,0.0,0.0,0.0,,,,,145.0,105.0,,,223.0,,,4.0,,,,,,,,,,,,,0.0,,1.0,,,,,,,,,,,,,,,,,,,,,,,,,,,0.0,0.0,0.0,,,,,,,,,,,402.0,,,,,,,,,,""
12597372276,"Oct 7, 2024, 12:19:06 PM",Afternoon Weight Training,Weight Training,,2705,0,154.0,6,,,,activities/13430642516.fit.gz,,,2705.0,2705.0,0.0,0.0,0.0,0.0,0.0,0.0,0.0,0.0,0.0,,,,,154.0,111.0,,,304.0,,,6.0,,,,,,,,,,,,,0.0,,1.0,,,,,,,,,,,,,,,,,,,,,,,,,,,0.0,0.0,0.0,,,,,,,,,,,444.0,,,,,,,,,,""
12576842310,"Oct 5, 2024, 12:38:38 AM",Morning Ride,Ride,,12457,53.69,164.0,34,,,Shanyon,activities/13409447754.fit.gz,,7.7,12457.0,9276.0,53695.3,11.13,5.789,275.0,282.0,545.4,597.8,39.8,0.0,,,98.0,57.0,164.0,131.0,,75.0,972.0,,23.0,34.0,702306.0,,,,,,,,103.0,9714.0,,,0.0,,1.0,,1728086400.0,2.0,20.3,21.4,19.3,0.94,1010.3,1.0,2.4,264.0,0.0,1728089728.0,1728132608.0,0.125,10794160.0,,0.34,5.0,0.53,10991.0,0.0,,,,,0.0,4.31,3393.5,,,,,,,155.0,76.0,,,,,,,,,,,,,""
12572005243,"Oct 4, 2024, 11:38:07 AM",Afternoon Weight Training,Weight Training,,3213,0,160.0,8,,,,activities/13404253135.fit.gz,,,3213.0,3213.0,0.0,0.0,0.0,0.0,0.0,0.0,0.0,0.0,0.0,,,,,160.0,117.0,,,407.0,,,8.0,,,,,,,,,,,,,0.0,,1.0,,,,,,,,,,,,,,,,,,,,,,,,,,,0.0,0.0,0.0,,,,,,,,,,,542.0,,,,,,,,,,""
12553482248,"Oct 2, 2024, 3:26:07 AM",Morning Ride,Virtual Ride,"😍 Best training status
🐶 Free Training (moderate intensity)
🧀 Fat 55.8%, 🍞 Carb 44.2%
🕯️ Matches 1.8
🔋 Maximum discharge 29.1%


🔗 Powered by Riduck
",2083,12.06,,,false,,,activities/13384409478.fit.gz,,,2083.0,2083.0,12067.4,10.854,5.793,17.0,13.2,-1.2,5.4,3.1,0.0,,,125.0,64.0,,0.0,,80.0,166.0,,32.0,,,,,,,,,,103.0,2084.0,,,0.0,,1.0,,,,,,,,,,,,,,,,,,,,,,,,,,,0.0,5.793,0.0,,,,,,,33.0,76.0,,,,,,,,,,,,,""
12547732455,"Oct 1, 2024, 11:53:15 AM",Afternoon Weight Training,Weight Training,,3118,0,153.0,7,,,,activities/13378322514.fit.gz,,,3118.0,3118.0,0.0,0.0,0.0,0.0,0.0,0.0,0.0,0.0,0.0,,,,,153.0,107.0,,,330.0,,,7.0,,,,,,,,,,,,,0.0,,1.0,,,,,,,,,,,,,,,,,,,,,,,,,,,0.0,0.0,0.0,,,,,,,,,,,594.0,,,,,,,,,,""
12528573533,"Sep 29, 2024, 12:45:00 AM",Morning Ride,Ride,"😄 Gradually improving
🐴 Racepace Training (threshold intensity)
🚵 Concentrated Ride
🧀 Fat 31.7%, 🍞 Carb 68.3%
🕯️ Matches 27.9
🔋 Maximum discharge 89.6%


🔗 Riduck Club
https://strava.com/clubs/riduck
",13288,64.81,183.0,49,,,Shanyon,activities/13357814010.fit.gz,,7.7,13288.0,10480.0,64809.9,16.838,6.184,350.0,368.0,539.2,614.2,16.3,0.0,,,110.0,60.0,183.0,135.0,,83.0,1180.0,,26.0,49.0,877422.0,,,,,,,,116.0,11552.0,,,0.0,,1.0,,1727568000.0,1.0,21.4,22.4,20.2,0.93,1010.4,1.3,2.1,228.0,0.0,1727571328.0,1727614464.0,0.875,10794160.0,,0.41,5.0,0.37,15730.0,0.0,,,,,0.0,4.877,3550.0,,,,,,,232.0,85.0,,,,,,,,,,,,,""
12515599314,"Sep 27, 2024, 11:45:19 AM",Afternoon Weight Training,Weight Training,,3788,0,132.0,7,,,,activities/13343945525.fit.gz,,,3788.0,3788.0,0.0,0.0,0.0,0.0,0.0,0.0,0.0,0.0,0.0,,,,,132.0,101.0,,,346.0,,,7.0,,,,,,,,,,,,,0.0,,1.0,,,,,,,,,,,,,,,,,,,,,,,,,,,0.0,0.0,0.0,,,,,,,,,,,602.0,,,,,,,,,,""
12508954263,"Sep 26, 2024, 2:01:29 PM",Night Ride,Virtual Ride,"😮 Need more training
🐶 Free Training (moderate intensity)
🧀 Fat 46.8%, 🍞 Carb 53.2%
🕯️ Matches 2.2
🔋 Maximum discharge 21.3%


🔗 Riduck Club
https://strava.com/clubs/riduck
",1791,11.59,148.0,5,false,,,activities/13336866000.fit.gz,,,1791.0,1791.0,11589.6,10.156,6.471,1.0,0.0,0.0,0.2,0.8,0.0,,,123.0,67.0,148.0,125.0,,100.0,178.0,,32.0,5.0,,,,,,,,,113.0,1792.0,,,0.0,,1.0,,,,,,,,,,,,,,,,,,,,,,,,,,,0.0,6.471,0.0,,,,,,,34.0,83.0,,,,,,,,,,,,,""
12441743576,"Sep 18, 2024, 12:41:39 PM",Evening Weight Training,Weight Training,,3630,0,151.0,8,,,,activities/13265110845.fit.gz,,,3630.0,3630.0,0.0,0.0,0.0,0.0,0.0,0.0,0.0,0.0,0.0,,,,,151.0,108.0,,,379.0,,,8.0,,,,,,,,,,,,,0.0,,1.0,,,,,,,,,,,,,,,,,,,,,,,,,,,0.0,0.0,0.0,,,,,,,,,,,566.0,,,,,,,,,,""
12404274275,"Sep 14, 2024, 12:52:39 AM",Morning Ride,Ride,"😃 Keeping it steady
🐆 High Intensity Training (high intensity)
🚵 Hillclimb Ride
🧀 Fat 29.3%, 🍞 Carb 70.7%
🕯️ Matches 26.1
🔋 Maximum discharge 57.8%


🔗 Riduck Club
https://strava.com/clubs/riduck
",16767,53.03,179.0,58,,,Shanyon,activities/13225015563.fit.gz,,7.7,16767.0,8171.0,53037.9,12.567,6.491,317.0,323.0,544.0,604.0,28.9,0.0,,,99.0,60.0,179.0,146.0,,103.0,1080.0,,24.0,58.0,844661.0,,,,,,,,133.0,8994.0,,,0.0,,1.0,,1726272000.0,3.0,20.4,21.2,19.1,0.92,1008.0,1.8,4.0,248.0,0.1,1726275200.0,1726319232.0,0.375,10794160.0,,0.54,5.0,0.68,17780.0,0.0,,,,,0.0,3.163,7295.2,,,,,,,90.0,60.0,,,,,,,,,,,,,""
12366236381,"Sep 9, 2024, 12:44:58 PM",Evening Weight Training,Weight Training,,3487,0,153.0,7,,,,activities/13184423930.fit.gz,,,3487.0,3487.0,0.0,0.0,0.0,0.0,0.0,0.0,0.0,0.0,0.0,,,,,153.0,103.0,,,304.0,,,7.0,,,,,,,,,,,,,0.0,,1.0,,,,,,,,,,,,,,,,,,,,,,,,,,,0.0,0.0,0.0,,,,,,,,,,,528.0,,,,,,,,,,""
12354570434,"Sep 8, 2024, 12:58:11 AM",Morning Ride,Ride,"😮 Need more training
🐶 Free Training (moderate intensity)
🚵 Irregular course Ride
🧀 Fat 47.8%, 🍞 Carb 52.2%
🕯️ Matches 3.1
🔋 Maximum discharge 12.3%


🔗 Riduck Club
https://strava.com/clubs/riduck
",12814,18.05,122.0,8,,,Shanyon,activities/13171866862.fit.gz,,7.7,12814.0,4533.0,18055.3,12.246,3.983,92.0,99.0,556.6,611.4,19.0,-0.1,,,97.0,48.0,122.0,99.0,,51.0,460.0,,25.0,8.0,225723.0,,,,,,,,71.0,6156.0,,,0.0,,1.0,,1725753600.0,3.0,21.7,22.7,20.2,0.91,1008.4,1.9,4.0,255.0,0.0,1725756672.0,1725801216.0,0.125,10794160.0,,0.58,5.0,0.81,14934.0,0.0,,,,,0.0,1.409,5889.3,,,,,,,17.0,32.0,,,,,,,,,,,,,""
12306047588,"Sep 2, 2024, 1:00:50 PM",Evening Weight Training,Weight Training,,2930,0,153.0,6,,,,activities/13118543910.fit.gz,,,2930.0,2930.0,0.0,0.0,0.0,0.0,0.0,0.0,0.0,0.0,0.0,,,,,153.0,109.0,,,298.0,,,6.0,,,,,,,,,,,,,0.0,,1.0,,,,,,,,,,,,,,,,,,,,,,,,,,,0.0,0.0,0.0,,,,,,,,,,,552.0,,,,,,,,,,""
12195316845,"Aug 20, 2024, 11:26:41 AM",Afternoon Weight Training,Weight Training,,3266,0,147.0,8,,,,activities/13001619715.fit.gz,,,3266.0,3266.0,0.0,0.0,0.0,0.0,0.0,0.0,0.0,0.0,0.0,,,,,147.0,112.0,,,335.0,,,8.0,,,,,,,,,,,,,0.0,,1.0,,,,,,,,,,,,,,,,,,,,,,,,,,,0.0,0.0,0.0,,,,,,,,,,,658.0,,,,,,,,,,""
12175424963,"Aug 18, 2024, 2:30:01 AM",Morning Walk,Walk,,1049,2.01,185.0,8,,,Saucony Hurricane 23 Stable Hurricane,activities/12979484519.fit.gz,,,1049.0,1049.0,2013.1,3.052,1.919,2.0,17.0,547.4,563.4,3.1,-0.8,,,80.0,63.0,185.0,143.0,,,174.0,,,8.0,,,,,,,,,,,,,0.0,,1.0,,1723946368.0,3.0,22.9,24.5,21.7,0.93,1008.3,0.8,2.0,329.0,0.4,1723942016.0,1723987712.0,0.375,,9758854.0,0.8,5.0,0.98,12649.0,1.0,,,,,0.0,1.919,1790.9,,,,2154.0,,,,,,,,,,,,,,,,,""
12175424612,"Aug 18, 2024, 2:13:57 AM",Morning Run,Run,,872,2.07,179.0,19,,,Saucony Hurricane 23 Stable Hurricane,activities/12979484136.fit.gz,,,872.0,865.0,2077.7,3.304,2.402,6.0,0.0,550.6,557.0,6.2,0.2,,,111.0,75.0,179.0,168.0,,346.0,205.0,,26.0,19.0,300034.0,,,,,,,,345.0,873.0,,,0.0,,1.0,2097.3,1723946368.0,3.0,22.9,24.5,21.7,0.93,1008.3,0.8,2.0,329.0,0.4,1723942016.0,1723987712.0,0.375,,9758854.0,0.8,5.0,0.98,12649.0,1.0,,,,,0.0,2.383,2078.9,,,,2150.0,,,59.0,157.0,2.425,,,,,,,,,,,,""
12127604616,"Aug 12, 2024, 11:42:41 AM",Afternoon Weight Training,Weight Training,,3515,0,165.0,8,,,,activities/12926464419.fit.gz,,,3515.0,3515.0,0.0,0.0,0.0,0.0,0.0,0.0,0.0,0.0,0.0,,,,,165.0,108.0,,,344.0,,,8.0,,,,,,,,,,,,,0.0,,1.0,,,,,,,,,,,,,,,,,,,,,,,,,,,0.0,0.0,0.0,,,,,,,,,,,594.0,,,,,,,,,,""
12115890212,"Aug 11, 2024, 12:56:39 AM",Morning Run,Run,,4050,10.01,190.0,104,,,Saucony Hurricane 23 Stable Hurricane,activities/12914118263.fit.gz,,,4050.0,4048.0,10013.4,3.594,2.474,82.0,73.0,578.2,612.2,9.9,0.1,,,82.0,75.0,190.0,173.0,,360.0,1004.0,,27.0,104.0,1455988.0,,,,,,,,362.0,4052.0,,,0.0,,1.0,10147.8,,,,,,,,,,,,,,,,9758854.0,,,,,,,,,,0.0,2.472,4972.2,,,,10060.0,,,305.0,165.0,2.507,,,,,,,,,,,,""
12073524181,"Aug 6, 2024, 1:59:43 AM",Morning Weight Training,Weight Training,,2672,0,147.0,6,,,,activities/12869727999.fit.gz,,,2672.0,2672.0,0.0,0.0,0.0,0.0,0.0,0.0,0.0,0.0,0.0,,,,,147.0,111.0,,,279.0,,,6.0,,,,,,,,,,,,,0.0,,1.0,,,,,,,,,,,,,,,,,,,,,,,,,,,0.0,0.0,0.0,,,,,,,,,,,598.0,,,,,,,,,,""
12048061398,"Aug 3, 2024, 1:27:01 AM",Morning Run,Run,,4335,9.09,175.0,57,,,Saucony Hurricane 23 Stable Hurricane,activities/12843085574.fit.gz,,,4335.0,4304.0,9095.7,3.902,2.113,46.0,45.0,558.2,595.6,11.1,0.0,,,76.0,72.0,175.0,160.0,,301.0,846.0,,26.0,57.0,1293910.0,,,,,,,,301.0,4336.0,,,0.0,,1.0,9183.2,,,,,,,,,,,,,,,,9758854.0,,,,,,,,,,0.0,2.098,1431.8,,,,10370.0,,,541.0,212.0,2.134,,,,,,,,,,,,""
12026988242,"Jul 31, 2024, 11:53:33 AM",Afternoon Weight Training,Weight Training,,2998,0,155.0,7,,,,activities/12821150006.fit.gz,,,2998.0,2998.0,0.0,0.0,0.0,0.0,0.0,0.0,0.0,0.0,0.0,,,,,155.0,116.0,,,333.0,,,7.0,,,,,,,,,,,,,0.0,,1.0,,,,,,,,,,,,,,,,,,,,,,,,,,,0.0,0.0,0.0,,,,,,,,,,,344.0,,,,,,,,,,""
11990248861,"Jul 27, 2024, 1:20:55 AM",Morning Run,Run,,7063,15.00,182.0,133,,,Saucony Hurricane 23 Stable Hurricane,activities/12782916001.fit.gz,,,7063.0,7034.0,15004.3,4.17,2.133,96.0,94.0,558.2,600.0,13.3,0.0,,,119.0,73.0,182.0,165.0,,301.0,1443.0,,27.0,133.0,2118579.0,,,,,,,,306.0,7064.0,,,0.0,,1.0,15215.2,,,,,,,,,,,,,,,,9758854.0,,,,,,,,,,0.0,2.124,2564.9,,,,17044.0,,,1121.0,239.0,2.163,,,,,,,,,,,,""
11982657959,"Jul 26, 2024, 2:29:06 AM",Morning Run,Run,,1525,3.01,180.0,24,,,Saucony Hurricane 23 Stable Hurricane,activities/12775007287.fit.gz,,,1525.0,1522.0,3014.0,3.694,1.98,81.0,81.0,586.0,665.4,21.8,0.0,,,108.0,69.0,180.0,163.0,,284.0,334.0,,26.0,24.0,431667.0,,,,,,,,297.0,1526.0,,,0.0,,1.0,3242.5,,,,,,,,,,,,,,,,9758854.0,,,,,,,,,,0.0,1.976,2620.7,,,,3438.0,,,228.0,232.0,2.13,,,,,,,,,,,,""
11959875307,"Jul 23, 2024, 11:46:59 AM",Afternoon Weight Training,Weight Training,,3079,0,144.0,7,,,,activities/12751429623.fit.gz,,,3079.0,3079.0,0.0,0.0,0.0,0.0,0.0,0.0,0.0,0.0,0.0,,,,,144.0,111.0,,,329.0,,,7.0,,,,,,,,,,,,,0.0,,1.0,,,,,,,,,,,,,,,,,,,,,,,,,,,0.0,0.0,0.0,,,,,,,,,,,568.0,,,,,,,,,,""
11931850975,"Jul 20, 2024, 2:00:05 AM",Morning Run,Run,,5812,12.01,179.0,97,,,Saucony Hurricane 23 Stable Hurricane,activities/12722278980.fit.gz,,,5812.0,5641.0,12010.7,3.97,2.129,71.0,101.0,558.0,600.0,13.5,-0.3,,,119.0,72.0,179.0,165.0,,298.0,1147.0,,28.0,97.0,1671713.0,,,,,,,,305.0,5815.0,,,0.0,,1.0,12106.3,1721440768.0,5.0,22.3,21.0,20.4,0.89,1003.0,4.4,9.9,255.0,0.8,1721435904.0,1721483008.0,0.375,,9758854.0,0.96,5.0,0.98,7740.0,1.0,,,,,0.0,2.067,3542.7,,,,13404.0,,,916.0,238.0,2.146,,,,,,,,,,,,""
11925304561,"Jul 19, 2024, 6:36:20 AM",Lunch Weight Training,Weight Training,,3342,0,160.0,7,,,,activities/12715474876.fit.gz,,,3342.0,3342.0,0.0,0.0,0.0,0.0,0.0,0.0,0.0,0.0,0.0,,,,,160.0,105.0,,,317.0,,,7.0,,,,,,,,,,,,,0.0,,1.0,,,,,,,,,,,,,,,,,,,,,,,,,,,0.0,0.0,0.0,,,,,,,,,,,624.0,,,,,,,,,,""
11910494828,"Jul 17, 2024, 11:54:20 AM",Afternoon Weight Training,Weight Training,,5134,0,165.0,13,,,,activities/12700141410.fit.gz,,,5134.0,5134.0,0.0,0.0,0.0,0.0,0.0,0.0,0.0,0.0,0.0,,,,,165.0,115.0,,,552.0,,,13.0,,,,,,,,,,,,,0.0,,1.0,,,,,,,,,,,,,,,,,,,,,,,,,,,0.0,0.0,0.0,,,,,,,,,,,522.0,,,,,,,,,,""
11901937601,"Jul 16, 2024, 12:35:21 PM",Evening Weight Training,Weight Training,,3753,0,152.0,9,,,,activities/12691296633.fit.gz,,,3753.0,3753.0,0.0,0.0,0.0,0.0,0.0,0.0,0.0,0.0,0.0,,,,,152.0,110.0,,,379.0,,,9.0,,,,,,,,,,,,,0.0,,1.0,,,,,,,,,,,,,,,,,,,,,,,,,,,0.0,0.0,0.0,,,,,,,,,,,564.0,,,,,,,,,,""
11898215187,"Jul 16, 2024, 1:05:12 AM",Morning Run,Run,,1780,4.00,187.0,21,,,Saucony Hurricane 23 Stable Hurricane,activities/12687431407.fit.gz,,,1780.0,1738.0,4002.6,5.292,2.303,32.0,26.0,547.4,578.8,11.3,0.2,,,82.0,73.0,187.0,160.0,,313.0,386.0,,25.0,21.0,538966.0,,,,,,,,318.0,1781.0,,,0.0,,1.0,4067.4,1721091584.0,3.0,22.5,23.7,20.8,0.9,1002.0,1.9,4.5,243.0,0.1,1721090176.0,1721137536.0,0.375,,9758854.0,0.97,5.0,0.99,10903.0,0.0,,,,,0.0,2.249,2304.0,,,,4178.0,,,304.0,248.0,2.34,,,,,,,,,,,,""
11882326750,"Jul 14, 2024, 1:07:27 AM",Morning Run,Run,,4918,10.02,182.0,68,,,Saucony Hurricane 23 Stable Hurricane,activities/12670962851.fit.gz,,,4918.0,4878.0,10026.4,4.242,2.055,198.9,334.0,585.7,680.6,49.9,-0.1,,,120.0,67.0,182.0,161.0,,282.0,1030.0,,24.0,68.0,1381569.0,,,,,,,,303.0,4919.0,,,0.0,,1.0,10472.1,1720918784.0,3.0,22.1,21.6,20.4,0.9,1003.4,4.0,9.6,257.0,0.2,1720917376.0,1720964736.0,0.25,,9758854.0,0.95,5.0,0.95,9643.0,0.0,,,,,0.0,2.039,5742.9,,,,10776.0,,,766.0,237.0,2.478,,,,,,,,,,,,""
11868082134,"Jul 12, 2024, 6:42:56 AM",Lunch Weight Training,Weight Training,,3427,0,140.0,8,,,,activities/12656186892.fit.gz,,,3427.0,3427.0,0.0,0.0,0.0,0.0,0.0,0.0,0.0,0.0,0.0,,,,,140.0,112.0,,,369.0,,,8.0,,,,,,,,,,,,,0.0,,1.0,,,,,,,,,,,,,,,,,,,,,,,,,,,0.0,0.0,0.0,,,,,,,,,,,514.0,,,,,,,,,,""
11859046205,"Jul 11, 2024, 2:02:14 AM",Morning Run,Run,,2585,5.16,180.0,37,,,Saucony Hurricane 23 Stable Hurricane,activities/12646810822.fit.gz,,,2585.0,2562.0,5160.4,4.042,2.014,151.0,131.0,593.6,671.0,47.2,0.4,,,108.0,68.0,180.0,162.0,,292.0,575.0,,27.0,37.0,747106.0,,,,,,,,306.0,2586.0,,,0.0,,1.0,5584.8,1720663168.0,3.0,23.3,23.3,21.0,0.87,1008.0,3.2,7.6,248.0,0.1,1720658176.0,1720705536.0,0.125,,9758854.0,0.84,5.0,0.88,11490.0,1.0,,,,,0.0,1.996,5161.8,,,,5800.0,,,410.0,239.0,2.18,,,,,,,,,,,,""
11854456797,"Jul 10, 2024, 12:47:07 PM",Evening Weight Training,Weight Training,,4812,0,142.0,12,,,,activities/12642085804.fit.gz,,,4812.0,4812.0,0.0,0.0,0.0,0.0,0.0,0.0,0.0,0.0,0.0,,,,,142.0,113.0,,,497.0,,,12.0,,,,,,,,,,,,,0.0,,1.0,,,,,,,,,,,,,,,,,,,,,,,,,,,0.0,0.0,0.0,,,,,,,,,,,586.0,,,,,,,,,,""
11853847153,"Jul 10, 2024, 12:40:59 PM",Evening Row,Rowing,,124,0,157.0,0,,,,activities/12641455432.fit.gz,,,124.0,124.0,0.0,0.0,0.0,0.0,0.0,0.0,0.0,0.0,0.0,,,42.0,37.0,157.0,138.0,,,25.0,,,0.0,,,,,,,,,,,,,0.0,,1.0,,,,,,,,,,,,,,,,,,,,,,,,,,,0.0,0.0,0.0,,,,,,,,,,,,,,,,,,,,,""
11850934375,"Jul 10, 2024, 1:28:00 AM",Morning Ride,Ride,"😐 Fresh condition
🚵 Irregular course Ride

🔗 Riduck Club
https://strava.com/clubs/riduck
",5014,27.16,165.0,22,,,Shanyon,activities/12638431513.fit.gz,,7.7,5014.0,4810.0,27167.1,13.925,5.648,188.0,189.0,549.2,649.0,8.2,-0.1,,,,,165.0,135.0,,87.0,801.0,,24.0,22.0,,,,,,,,,,,,,0.0,,1.0,,1720573184.0,3.0,22.3,24.0,20.4,0.89,1006.8,2.3,4.2,239.0,0.0,1720571648.0,1720619136.0,0.125,10794160.0,,0.8,5.0,0.88,13293.0,0.0,,,,,0.0,5.418,7621.6,,,,,,,,,,,,,,,,,,,,,""
11792004959,"Jul 2, 2024, 1:30:10 PM",Evening Walk,Walk,,1525,2.07,148.0,5,,,Saucony Hurricane 23 Stable Hurricane,activities/12577580518.fit.gz,,,1525.0,1525.0,2077.5,3.1,1.362,25.0,26.0,10.4,22.0,23.3,0.0,,,59.0,53.0,148.0,131.0,,,209.0,,,5.0,,,,,,,,,,,,,0.0,,1.0,,1719925248.0,3.0,29.2,34.2,25.6,0.81,1000.9,5.0,10.6,227.0,0.7,1719880448.0,1719928192.0,0.875,,9758854.0,0.95,5.0,0.95,15019.0,0.0,,,,,0.0,1.362,1378.2,,,,2664.0,,,,,,,,,,,,,,,,,""
11790223965,"Jul 2, 2024, 1:01:08 PM",Evening Run,Run,,1633,3.07,177.0,23,,,Saucony Hurricane 23 Stable Hurricane,activities/12575751456.fit.gz,,,1633.0,1452.0,3071.9,3.858,2.116,11.0,13.0,82.4,91.2,13.8,-0.2,,,80.0,71.0,177.0,162.0,,272.0,298.0,,30.0,23.0,388331.0,,,,,,,,268.0,1633.0,,,0.0,,1.0,3092.9,1719925248.0,3.0,29.2,34.2,25.6,0.81,1000.9,5.0,10.6,227.0,0.7,1719880448.0,1719928192.0,0.875,,9758854.0,0.95,5.0,0.95,15019.0,0.0,,,,,0.0,1.881,2141.8,,,,3414.0,,,198.0,209.0,2.13,,,,,,,,,,,,""
11760349712,"Jun 28, 2024, 12:43:13 PM",Evening Weight Training,Weight Training,,5824,0,148.0,11,,,,activities/12544873014.fit.gz,,,5824.0,5824.0,0.0,0.0,0.0,0.0,0.0,0.0,0.0,0.0,0.0,,,,,148.0,101.0,,,493.0,,,11.0,,,,,,,,,,,,,0.0,,1.0,,,,,,,,,,,,,,,,,,,,,,,,,,,0.0,0.0,0.0,,,,,,,,,,,,,,,,,,,,,""
11735312150,"Jun 25, 2024, 11:21:45 AM",Afternoon Weight Training,Weight Training,,3857,0,169.0,13,,,,activities/12519241570.fit.gz,,,3857.0,3857.0,0.0,0.0,0.0,0.0,0.0,0.0,0.0,0.0,0.0,,,,,169.0,126.0,,,505.0,,,13.0,,,,,,,,,,,,,0.0,,1.0,,,,,,,,,,,,,,,,,,,,,,,,,,,0.0,0.0,0.0,,,,,,,,,,,,,,,,,,,,,""
11732298436,"Jun 25, 2024, 1:38:36 AM",Morning Run,Run,,1433,3.00,178.0,23,,,Saucony Hurricane 23 Stable Hurricane,activities/12516124957.fit.gz,,,1433.0,1427.0,3006.3,4.556,2.107,78.0,74.0,585.0,658.0,15.8,0.1,,,97.0,70.0,178.0,163.0,,310.0,323.0,,27.0,23.0,443499.0,,,,,,,,322.0,1434.0,,,0.0,,1.0,3196.7,1719277184.0,3.0,23.2,25.3,21.4,0.89,1000.1,1.6,4.6,206.0,0.0,1719275392.0,1719323136.0,0.625,,9758854.0,0.86,5.0,0.74,18691.0,0.0,,,,,0.0,2.098,1944.2,,,,3320.0,,,252.0,252.0,2.24,,,,,,,,,,,,""
11727377590,"Jun 24, 2024, 11:53:25 AM",Afternoon Weight Training,Weight Training,,4631,0,150.0,10,,,,activities/12511083228.fit.gz,,,4631.0,4631.0,0.0,0.0,0.0,0.0,0.0,0.0,0.0,0.0,0.0,,,,,150.0,105.0,,,430.0,,,10.0,,,,,,,,,,,,,0.0,,1.0,,,,,,,,,,,,,,,,,,,,,,,,,,,0.0,0.0,0.0,,,,,,,,,,,,,,,,,,,,,""
11716528359,"Jun 23, 2024, 12:41:33 AM",Morning Ride,Ride,"😍 Best training status
🐗 Sweet Spot Training (moderate intensity)
🚵 Hillclimb Ride
🧀 Fat 35.4%, 🍞 Carb 64.6%
🕯️ Matches 11.5
🔋 Maximum discharge 29.2%


🔗 Riduck Club
https://strava.com/clubs/riduck
",11959,57.39,172.0,42,,,Shanyon,activities/12499859697.fit.gz,,7.7,11959.0,9601.0,57390.9,15.774,5.978,349.0,355.0,554.0,644.0,22.4,0.0,,,95.0,58.0,172.0,134.0,,85.0,1108.0,,26.0,42.0,829854.0,,,,,,,,118.0,9945.0,,,0.0,,1.0,,1719100800.0,3.0,22.8,24.6,20.7,0.88,1002.8,1.9,4.7,246.0,0.0,1719102592.0,1719150208.0,0.625,10794160.0,,0.83,5.0,0.94,14727.0,0.0,,,,,0.0,4.799,14728.9,,,,,,,234.0,92.0,,,,,,,,,,,,,""
11708685552,"Jun 22, 2024, 1:42:36 AM",Morning Ride,Ride,"😃 Keeping it steady
🐗 Sweet Spot Training (moderate intensity)
🚵 Irregular course Ride
🧀 Fat 30.1%, 🍞 Carb 69.9%
🕯️ Matches 8.6
🔋 Maximum discharge 36%


🔗 Riduck Club
https://strava.com/clubs/riduck
",4959,26.58,172.0,25,,,Shanyon,activities/12491764521.fit.gz,,7.7,4959.0,4675.0,26586.0,15.134,5.687,165.0,161.0,562.6,610.8,15.3,0.0,,,108.0,57.0,172.0,138.0,,87.0,546.0,,25.0,25.0,410816.0,,,,,,,,126.0,4960.0,,,0.0,,1.0,,1719017984.0,3.0,23.3,25.3,21.1,0.88,1003.5,2.3,5.4,245.0,0.0,1719016192.0,1719063808.0,0.5,10794160.0,,0.54,5.0,0.71,15761.0,0.0,,,,,0.0,5.361,5283.6,,,,,,,132.0,98.0,,,,,,,,,,,,,""
11702566870,"Jun 21, 2024, 5:35:33 AM",Lunch Weight Training,Weight Training,,4378,0,149.0,9,,,,activities/12485462453.fit.gz,,,4378.0,4378.0,0.0,0.0,0.0,0.0,0.0,0.0,0.0,0.0,0.0,,,,,149.0,107.0,,,424.0,,,9.0,,,,,,,,,,,,,0.0,,1.0,,,,,,,,,,,,,,,,,,,,,,,,,,,0.0,0.0,0.0,,,,,,,,,,,,,,,,,,,,,""
11702250761,"Jun 21, 2024, 5:28:04 AM",Morning Elliptical,Elliptical,,303,0,144.0,0,,,,activities/12485135197.fit.gz,,,303.0,303.0,0.0,0.0,0.0,0.0,0.0,0.0,0.0,0.0,0.0,,,76.0,74.0,144.0,128.0,,,53.0,,,0.0,,,,,,,,,,,,,0.0,,1.0,,,,,,,,,,,,,,,,,,,,,,,,,,,0.0,0.0,0.0,,,,438.0,,,,,,,,,,,,,,,,,""
11694216293,"Jun 20, 2024, 12:48:43 AM",Morning Ride with viplav,Ride,"Cut short by a huge puncture
😐 Fresh condition
🐺 VO2Max Training (medium-high intensity)
🚵 Concentrated Ride
🧀 Fat 25.4%, 🍞 Carb 74.6%
🕯️ Matches 15.8
🔋 Maximum discharge 36.3%


🔗 Riduck Club
https://strava.com/clubs/riduck
",6043,33.45,165.0,27,,,Shanyon,activities/12476858156.fit.gz,,7.7,6043.0,5400.0,33453.0,15.956,6.195,267.0,280.0,604.0,659.2,29.7,0.0,,,111.0,60.0,165.0,139.0,,112.0,766.0,,24.0,27.0,609140.0,,,,,,,,139.0,5813.0,0.0,,0.0,,1.0,,1718841600.0,3.0,22.5,24.3,20.7,0.89,1003.8,2.8,7.6,236.0,0.0,1718843392.0,1718891008.0,0.375,10794160.0,,0.81,5.0,0.88,16113.0,0.0,,,,,0.0,5.536,0.0,,,,,,,191.0,109.0,,,,,,,,,,,,,media/f4b359f4-2e0b-4ac5-8378-fd238beb3d9d.jpg|media/8b043e71-dfda-4f05-bd98-ce4e5a4b913a.jpg
11689498414,"Jun 19, 2024, 12:18:26 PM",Afternoon Weight Training,Weight Training,,6472,0,139.0,13,,,,activities/12472026795.fit.gz,,,6472.0,6472.0,0.0,0.0,0.0,0.0,0.0,0.0,0.0,0.0,0.0,,,,,139.0,102.0,,,544.0,,,13.0,,,,,,,,,,,,,0.0,,1.0,,,,,,,,,,,,,,,,,,,,,,,,,,,0.0,0.0,0.0,,,,,,,,,,,,,,,,,,,,,""
11672650354,"Jun 17, 2024, 11:34:14 AM",Afternoon Weight Training,Weight Training,,3602,0,159.0,9,,,,activities/12454703155.fit.gz,,,3602.0,3602.0,0.0,0.0,0.0,0.0,0.0,0.0,0.0,0.0,0.0,,,,,159.0,114.0,,,402.0,,,9.0,,,,,,,,,,,,,0.0,,1.0,,,,,,,,,,,,,,,,,,,,,,,,,,,0.0,0.0,0.0,,,,,,,,,,,,,,,,,,,,,""
11672208662,"Jun 17, 2024, 11:24:45 AM",Afternoon Elliptical,Elliptical,,326,0,144.0,0,,,,activities/12454249187.fit.gz,,,326.0,326.0,0.0,0.0,0.0,0.0,0.0,0.0,0.0,0.0,0.0,,,61.0,54.0,144.0,121.0,,,50.0,,,0.0,,,,,,,,,,,,,0.0,,1.0,,,,,,,,,,,,,,,,,,,,,,,,,,,0.0,0.0,0.0,,,,584.0,,,,,,,,,,,,,,,,,""
11662058281,"Jun 16, 2024, 1:15:13 AM",Morning Run,Run,,2205,5.00,187.0,41,,,Saucony Hurricane 23 Stable Hurricane,activities/12443731491.fit.gz,,,2205.0,2196.0,5003.2,5.042,2.278,40.0,40.0,557.8,595.4,9.1,0.0,,,84.0,73.0,187.0,166.0,,304.0,493.0,,26.0,41.0,666892.0,,,,,,,,315.0,2206.0,,,0.0,,1.0,5063.3,1718499584.0,3.0,22.9,24.8,21.0,0.89,1007.4,1.6,3.5,246.0,0.0,1718497664.0,1718545408.0,0.375,,9758854.0,0.46,5.0,0.86,15708.0,0.0,,,,,0.0,2.269,1357.3,,,,5306.0,,,376.0,248.0,2.306,,,,,,,,,,,,""
11654383378,"Jun 15, 2024, 1:03:59 AM",Morning Ride,Ride,"😐 Fresh condition
🐆 High Intensity Training (high intensity)
🚵 Concentrated Ride
🧀 Fat 23.8%, 🍞 Carb 76.2%
🕯️ Matches 9
🔋 Maximum discharge 53.7%


🔗 Riduck Club
https://strava.com/clubs/riduck
",4610,21.11,181.0,23,,,The ultimate canyon,activities/12435802389.fit.gz,,7.7,4610.0,3795.0,21113.6,20.692,5.564,164.0,164.0,559.0,659.4,19.7,-0.1,,,100.0,55.0,181.0,140.0,,88.0,444.0,,25.0,23.0,333607.0,,,,,,,,131.0,4230.0,0.0,,0.0,,1.0,,1718413184.0,3.0,22.9,24.8,20.8,0.88,1006.8,2.0,4.3,243.0,0.3,1718411264.0,1718459008.0,0.25,10388125.0,,0.57,5.0,0.73,16507.0,0.0,,,,,0.0,4.58,4439.3,,,,,,,124.0,103.0,,,,,,,,,,,,,""
11634981216,"Jun 12, 2024, 11:48:36 AM",Afternoon Weight Training,Weight Training,,5350,0,145.0,13,,,,activities/12415878017.fit.gz,,,5350.0,5350.0,0.0,0.0,0.0,0.0,0.0,0.0,0.0,0.0,0.0,,,,,145.0,114.0,,,567.0,,,13.0,,,,,,,,,,,,,0.0,,1.0,,,,,,,,,,,,,,,,,,,,,,,,,,,0.0,0.0,0.0,,,,,,,,,,,,,,,,,,,,,""
11634150308,"Jun 12, 2024, 11:09:38 AM",Afternoon Elliptical,Elliptical,,901,0,172.0,11,,,,activities/12415026180.fit.gz,,,901.0,901.0,0.0,0.0,0.0,0.0,0.0,0.0,0.0,0.0,0.0,,,79.0,75.0,172.0,159.0,,,221.0,,,11.0,,,,,,,,,,,,,0.0,,1.0,,,,,,,,,,,,,,,,,,,,,,,,,,,0.0,0.0,0.0,,,,1076.0,,,,,,,,,,,,,,,,,""
11623743402,"Jun 11, 2024, 1:11:42 AM",Morning Ride,Ride,"😐 Fresh condition
🐺 VO2Max Training (medium-high intensity)
🚵 Irregular course Ride
🧀 Fat 22%, 🍞 Carb 78%
🕯️ Matches 11.8
🔋 Maximum discharge 30.8%


🔗 Riduck Club
https://strava.com/clubs/riduck
",7733,30.34,172.0,25,,,The ultimate canyon,activities/12404317272.fit.gz,,7.7,7733.0,5138.0,30340.3,14.93,5.905,194.0,187.0,564.2,657.6,41.2,0.0,,,99.0,52.0,172.0,137.0,,86.0,591.0,,26.0,25.0,442035.0,,,,,,,,122.0,5657.0,0.0,,0.0,,1.0,,1718067584.0,3.0,23.1,25.3,21.6,0.91,1007.7,2.9,6.4,267.0,0.1,1718065664.0,1718113280.0,0.125,10388125.0,,0.84,5.0,0.93,15868.0,0.0,,,,,0.0,3.923,9590.9,,,,,,,133.0,92.0,,,,,,,,,,,,,""
11563014295,"Jun 3, 2024, 12:04:07 PM",Afternoon Weight Training,Weight Training,,4099,0,163.0,11,,,,activities/12341878563.fit.gz,,,4099.0,4099.0,0.0,0.0,0.0,0.0,0.0,0.0,0.0,0.0,0.0,,,,,163.0,116.0,,,459.0,,,11.0,,,,,,,,,,,,,0.0,,1.0,,,,,,,,,,,,,,,,,,,,,,,,,,,0.0,0.0,0.0,,,,,,,,,,,,,,,,,,,,,""
11562520442,"Jun 3, 2024, 11:39:25 AM",Afternoon Elliptical,Elliptical,,959,0,163.0,4,,,,activities/12341370078.fit.gz,,,959.0,959.0,0.0,0.0,0.0,0.0,0.0,0.0,0.0,0.0,0.0,,,80.0,68.0,163.0,142.0,,,202.0,,,4.0,,,,,,,,,,,,,0.0,,1.0,,,,,,,,,,,,,,,,,,,,,,,,,,,0.0,0.0,0.0,,,,522.0,,,,,,,,,,,,,,,,,""
11539633865,"May 31, 2024, 12:20:13 PM",Afternoon Elliptical,Elliptical,,683,0,158.0,2,,,,activities/12317753584.fit.gz,,,683.0,683.0,0.0,0.0,0.0,0.0,0.0,0.0,0.0,0.0,0.0,,,78.0,74.0,158.0,146.0,,,151.0,,,2.0,,,,,,,,,,,,,0.0,,1.0,,,,,,,,,,,,,,,,,,,,,,,,,,,0.0,0.0,0.0,,,,316.0,,,,,,,,,,,,,,,,,""
11532621009,"May 30, 2024, 12:13:42 PM",Afternoon Weight Training,Weight Training,,5027,0,151.0,15,,,,activities/12310535193.fit.gz,,,5027.0,5027.0,0.0,0.0,0.0,0.0,0.0,0.0,0.0,0.0,0.0,,,,,151.0,125.0,,,634.0,,,15.0,,,,,,,,,,,,,0.0,,1.0,,,,,,,,,,,,,,,,,,,,,,,,,,,0.0,0.0,0.0,,,,,,,,,,,,,,,,,,,,,""
11532005928,"May 30, 2024, 12:01:36 PM",Afternoon Elliptical,Elliptical,,598,0,179.0,12,,,,activities/12309902464.fit.gz,,,598.0,598.0,0.0,0.0,0.0,0.0,0.0,0.0,0.0,0.0,0.0,,,91.0,65.0,179.0,167.0,,,154.0,,,12.0,,,,,,,,,,,,,0.0,,1.0,,,,,,,,,,,,,,,,,,,,,,,,,,,0.0,0.0,0.0,,,,516.0,,,,,,,,,,,,,,,,,""
11497946365,"May 26, 2024, 12:15:05 AM",Morning Run,Run,"",4423,10.01,178.0,54,,,HOKA Bondi 8,activities/12274774699.fit.gz,,,4423.0,4413.0,10009.6,3.564,2.268,37.0,45.0,550.8,573.2,24.1,-0.1,,,117.0,74.0,178.0,157.0,,322.0,983.0,,28.0,54.0,1421701.0,,,,,,,,331.0,4423.0,0.0,,0.0,,1.0,10075.3,1716681600.0,3.0,24.2,26.5,21.8,0.86,1004.7,3.9,8.9,270.0,0.0,1716683264.0,1716730496.0,0.625,,17595588.0,0.52,5.0,0.73,16946.0,0.0,,,,,0.0,2.263,6001.3,,,,10844.0,,,615.0,224.0,2.283,,,,,,,,,,,,""
11490415962,"May 25, 2024, 3:43:47 AM",Morning Ride,Ride,"😐 Fresh condition
🚵 Concentrated Ride

🔗 Riduck Club
https://strava.com/clubs/riduck
",3067,5.67,171.0,5,,,Shanyon,activities/12266986081.fit.gz,,7.7,3067.0,1156.0,5673.3,10.634,4.908,52.0,16.0,570.4,611.8,27.6,0.6,,,96.0,53.0,171.0,138.0,,102.0,219.0,,28.0,5.0,,,,,,,,,,,,,0.0,,1.0,,1716605952.0,2.0,26.8,29.0,20.9,0.7,1005.2,4.9,10.7,276.0,0.0,1716596864.0,1716644096.0,0.625,10794160.0,,0.0,1.0,0.49,18407.0,3.0,,,,,0.0,1.85,357.1,,,,,,,,,,,,,,,,,,,,,""
11490165794,"May 25, 2024, 12:46:11 AM",Morning Ride,Ride,"😮 Need more training
🚵 Irregular course Ride

🔗 Riduck Club
https://strava.com/clubs/riduck
",6275,30.06,149.0,14,,,The ultimate canyon,activities/12266723209.fit.gz,,7.7,6275.0,5361.0,30064.1,9.82,5.608,118.0,161.0,543.0,609.6,7.6,-0.2,,,86.0,48.0,149.0,116.0,,67.0,581.0,,26.0,14.0,,,,,,,,,,,0.0,,0.0,,1.0,,1716595200.0,1.0,23.5,25.1,20.0,0.81,1003.3,3.1,7.2,260.0,0.0,1716596864.0,1716644096.0,0.625,10388125.0,,0.0,1.0,0.23,18005.0,0.0,,,,,0.0,4.791,11179.2,,,,,,,,,,,,,,,,,,,,,""
11484090655,"May 24, 2024, 4:38:23 AM",Morning Weight Training,Weight Training,,5429,0,164.0,12,,,,activities/12260457975.fit.gz,,,5429.0,5429.0,0.0,0.0,0.0,0.0,0.0,0.0,0.0,0.0,0.0,,,,,164.0,109.0,,,522.0,,,12.0,,,,,,,,,,,,,0.0,,1.0,,,,,,,,,,,,,,,,,,,,,,,,,,,0.0,0.0,0.0,,,,,,,,,,,,,,,,,,,,,""
11483645349,"May 24, 2024, 4:25:17 AM",Morning Run,Run,,482,0.66,173.0,2,,,Saucony Hurricane 23 Stable Hurricane,activities/12259995897.fit.gz,,,482.0,482.0,667.4,2.876,1.385,0.0,0.0,0.0,0.0,0.0,0.0,,,116.0,66.0,173.0,131.0,,180.0,86.0,,,2.0,86680.0,,,,,,,,227.0,483.0,,,0.0,,1.0,667.4,,,,,,,,,,,,,,,,9758854.0,,,,,,,,,,0.0,1.385,0.0,,,,916.0,,,31.0,153.0,,,,,,,,,,,,,""
11454943251,"May 20, 2024, 12:39:43 PM",Evening Elliptical,Elliptical,,605,0,169.0,4,,,,activities/12230504076.fit.gz,,,605.0,605.0,0.0,0.0,0.0,0.0,0.0,0.0,0.0,0.0,0.0,,,94.0,78.0,169.0,148.0,,,135.0,,,4.0,,,,,,,,,,,,,0.0,,1.0,,,,,,,,,,,,,,,,,,,,,,,,,,,0.0,0.0,0.0,,,,,,,,,,,,,,,,,,,,,""
11442932168,"May 18, 2024, 1:54:54 PM",Evening Ride,Ride,"
",35594,158.07,169.0,136,,,Shanyon,activities/12218072520.fit.gz,,7.7,35594.0,27217.0,158070.7,17.93,5.808,1694.0,1424.0,554.9,1042.5,32.7,0.0,,,107.0,60.0,169.0,138.0,,94.0,3371.0,,27.0,136.0,2581126.0,,,,,,,,124.0,29388.0,0.0,,0.0,,1.0,,1716037248.0,1.0,31.1,33.4,20.5,0.53,1003.8,3.7,7.1,294.0,0.0,1715992192.0,1716039168.0,0.375,10794160.0,,0.49,5.0,0.36,16829.0,0.0,,,,,0.0,4.441,5494.2,,,,,,,578.0,84.0,,,,,,,,,,,,,""
11429293168,"May 17, 2024, 5:03:01 AM",Morning Weight Training,Weight Training,,4806,0,124.0,7,,,,activities/12204002527.fit.gz,,,4806.0,4806.0,0.0,0.0,0.0,0.0,0.0,0.0,0.0,0.0,0.0,,,,,124.0,91.0,,,329.0,,,7.0,,,,,,,,,,,,,0.0,,1.0,,,,,,,,,,,,,,,,,,,,,,,,,,,0.0,0.0,0.0,,,,,,,,,,,,,,,,,,,,,""
11428991232,"May 17, 2024, 4:37:24 AM",Morning Elliptical,Elliptical,,1352,0,159.0,5,,,,activities/12203688892.fit.gz,,,1352.0,1352.0,0.0,0.0,0.0,0.0,0.0,0.0,0.0,0.0,0.0,,,80.0,51.0,159.0,139.0,,,268.0,,,5.0,,,,,,,,,,,,,0.0,,1.0,,,,,,,,,,,,,,,,,,,,,,,,,,,0.0,0.0,0.0,,,,,,,,,,,,,,,,,,,,,""
11421790384,"May 16, 2024, 1:29:46 AM",Morning Ride,Ride,"😃 Keeping it steady
🚵 Concentrated Ride

🔗 Riduck Club
https://strava.com/clubs/riduck
",7838,35.04,174.0,25,,,Litespeed,activities/12196286579.fit.gz,,7.7,7838.0,5604.0,35048.1,11.414,6.254,229.0,227.0,548.6,598.4,45.2,0.0,,,97.0,60.0,174.0,137.0,,218.0,962.0,,,25.0,,,,,,,,,,,0.0,,0.0,,1.0,,1715821184.0,1.0,24.0,25.4,19.2,0.74,1010.8,1.0,1.7,114.0,0.0,1715819392.0,1715866368.0,0.25,14312577.0,,0.32,5.0,0.01,19631.0,0.0,,,,,0.0,4.472,3519.6,,,,,,,,,,,,,,,,,,,,,""
11416278822,"May 15, 2024, 11:43:56 AM",Afternoon Weight Training,Weight Training,,4854,0,163.0,14,,,,activities/12190641596.fit.gz,,,4854.0,4854.0,0.0,0.0,0.0,0.0,0.0,0.0,0.0,0.0,0.0,,,,,163.0,119.0,,,573.0,,,14.0,,,,,,,,,,,,,0.0,,1.0,,,,,,,,,,,,,,,,,,,,,,,,,,,0.0,0.0,0.0,,,,,,,,,,,,,,,,,,,,,""
11415693954,"May 15, 2024, 11:29:50 AM",Afternoon Elliptical,Elliptical,,451,0,161.0,2,,,,activities/12190039888.fit.gz,,,451.0,451.0,0.0,0.0,0.0,0.0,0.0,0.0,0.0,0.0,0.0,,,88.0,70.0,161.0,147.0,,,101.0,,,2.0,,,,,,,,,,,,,0.0,,1.0,,,,,,,,,,,,,,,,,,,,,,,,,,,0.0,0.0,0.0,,,,,,,,,,,,,,,,,,,,,""
11405335115,"May 14, 2024, 12:44:34 AM",Morning Ride,Ride,"😐 Fresh condition
🐶 Free Training (moderate intensity)
🚵 Free Ride
🧀 Fat 36.9%, 🍞 Carb 63.1%
🕯️ Matches 9.1
🔋 Maximum discharge 34.8%


🔗 Riduck Club
https://strava.com/clubs/riduck
",9599,36.39,168.0,22,,,Shanyon,activities/12179397727.fit.gz,,7.7,9599.0,6409.0,36390.7,13.512,5.678,229.0,234.0,549.8,653.6,12.0,0.0,,,94.0,53.0,168.0,126.0,,80.0,707.0,,25.0,22.0,520338.0,,,,,,,,117.0,6898.0,,,0.0,,1.0,,1715644800.0,1.0,23.0,24.6,20.3,0.85,1009.4,0.7,1.7,242.0,0.0,1715646720.0,1715693440.0,0.125,10794160.0,,0.31,5.0,0.14,17866.0,0.0,,,,,0.0,3.791,12507.4,,,,,,,122.0,80.0,,,,,,,,,,,,,""
11398513706,"May 13, 2024, 6:43:08 AM",Lunch Weight Training,Weight Training,,3087,0,134.0,7,,,,activities/12172402644.fit.gz,,,3087.0,3087.0,0.0,0.0,0.0,0.0,0.0,0.0,0.0,0.0,0.0,,,,,134.0,108.0,,,309.0,,,7.0,,,,,,,,,,,,,0.0,,1.0,,,,,,,,,,,,,,,,,,,,,,,,,,,0.0,0.0,0.0,,,,,,,,,,,,,,,,,,,,,""
11398281647,"May 13, 2024, 6:23:15 AM",Lunch Elliptical,Elliptical,,918,0,163.0,4,,,,activities/12172157883.fit.gz,,,918.0,918.0,0.0,0.0,0.0,0.0,0.0,0.0,0.0,0.0,0.0,,,83.0,73.0,163.0,146.0,,,202.0,,,4.0,,,,,,,,,,,,,0.0,,1.0,,,,,,,,,,,,,,,,,,,,,,,,,,,0.0,0.0,0.0,,,,,,,,,,,,,,,,,,,,,""
11381331910,"May 11, 2024, 1:51:04 AM",Morning Ride,Ride,"😮 Need more training
🐆 High Intensity Training (high intensity)
🚵 Concentrated Ride
🧀 Fat 28.9%, 🍞 Carb 71.1%
🕯️ Matches 4.8
🔋 Maximum discharge 45.7%


🔗 Riduck Club
https://strava.com/clubs/riduck
",2168,8.17,171.0,10,,,Shanyon,activities/12154635729.fit.gz,,7.7,2168.0,2093.0,8174.0,10.812,3.905,117.0,116.0,587.0,681.8,16.3,0.1,,,90.0,43.0,171.0,133.0,,84.0,235.0,,27.0,10.0,175225.0,,,,,,,,140.0,2169.0,,,0.0,,1.0,,1715389184.0,1.0,24.0,25.9,20.6,0.81,1010.5,0.5,1.6,299.0,0.0,1715387520.0,1715434240.0,0.125,10794160.0,,0.52,5.0,0.27,18647.0,0.0,,,,,0.0,3.77,5191.3,,,,,,,54.0,95.0,,,,,,,,,,,,,""
11349516772,"May 7, 2024, 12:41:06 AM",Morning Walk,Walk,"",1860,2.16,157.0,5,,,HOKA Bondi 8,activities/12121948318.fit.gz,,,1860.0,1628.0,2166.6,2.553,1.331,19.0,24.0,2.4,11.8,43.6,-0.1,,,107.0,54.0,157.0,132.0,,,213.0,,,5.0,,,,,,,,,,,0.0,,0.0,,1.0,,1715040000.0,2.0,29.8,35.9,27.0,0.85,1007.2,4.6,9.0,195.0,0.0,1715041024.0,1715086592.0,0.875,,17595588.0,0.53,5.0,0.46,17796.0,0.0,,,,,0.0,1.165,0.0,,,,2790.0,,,,,,,,,,,,,,,,,""
11349515604,"May 6, 2024, 11:43:40 PM",Morning Run,Run,"",3360,7.01,191.0,51,,,HOKA Bondi 8,activities/12121946964.fit.gz,,,3360.0,3335.0,7013.7,3.968,2.103,31.0,35.0,-9.4,7.6,45.4,-0.1,,,81.0,74.0,191.0,163.0,,299.0,670.0,,31.0,51.0,999491.0,,,,,,,,308.0,3361.0,0.0,,0.0,,1.0,7230.4,1715036416.0,2.0,29.9,36.0,27.0,0.84,1006.8,4.8,8.6,194.0,0.0,1715041024.0,1715086592.0,0.875,,17595588.0,0.0,1.0,0.45,17772.0,0.0,,,,,0.0,2.087,0.0,,,,8190.0,,,410.0,210.0,2.168,,,,,,,,,,,,""
11334232535,"May 5, 2024, 1:13:17 AM",Morning Run,Run,"",2399,5.02,172.0,23,,,HOKA Bondi 8,activities/12106210596.fit.gz,,,2399.0,2399.0,5021.1,3.38,2.093,5.0,12.0,-5.0,3.4,20.0,-0.1,,,80.0,75.0,172.0,156.0,,302.0,456.0,,31.0,23.0,723561.0,,,,,,,,303.0,2400.0,0.0,,0.0,,1.0,5058.2,1714870784.0,1.0,29.9,35.5,26.4,0.82,1005.8,5.6,10.4,200.0,0.0,1714868224.0,1714913664.0,0.875,,17595588.0,0.0,1.0,0.17,19013.0,0.0,,,,,0.0,2.093,1275.5,,,,5952.0,,,283.0,206.0,2.108,,,,,,,,,,,,""
11319386654,"May 3, 2024, 12:34:55 AM",Morning Run,Run,"",3329,7.01,184.0,42,,,HOKA Bondi 8,activities/12090933638.fit.gz,,,3329.0,3329.0,7017.7,4.188,2.108,33.0,36.0,-9.2,5.4,41.3,0.0,,,86.0,74.0,184.0,159.0,,307.0,666.0,,31.0,42.0,1021941.0,,,,,,,,312.0,3330.0,0.0,,0.0,,1.0,7192.6,1714694400.0,2.0,28.8,33.8,25.8,0.84,1005.0,4.5,9.1,201.0,0.0,1714695424.0,1714740864.0,0.875,,17595588.0,0.0,1.0,0.61,19499.0,0.0,,,,,0.0,2.108,0.0,,,,8210.0,,,416.0,212.0,2.161,,,,,,,,,,,,""
11303025708,"May 1, 2024, 12:17:35 AM",Morning Run,Run,,2100,5.01,183.0,45,,,Saucony Hurricane 23 Stable Hurricane,activities/12074111245.fit.gz,,,2100.0,2100.0,5010.7,3.13,2.386,5.0,8.0,-6.0,1.2,9.7,-0.1,,,120.0,77.0,183.0,167.0,,336.0,500.0,,30.0,45.0,704280.0,,,,,,,,336.0,2101.0,,,0.0,,1.0,5037.0,1714521600.0,2.0,28.5,33.7,26.3,0.88,1005.0,4.8,7.8,203.0,0.0,1714522624.0,1714568064.0,0.625,,9758854.0,0.0,1.0,0.53,19535.0,0.0,,,,,0.0,2.386,0.0,,,,5338.0,,,305.0,229.0,2.399,,,,,,,,,,,,""
11279796724,"Apr 28, 2024, 2:50:46 AM",Morning Walk,Walk,,1034,1.14,144.0,2,,,Saucony Hurricane 23 Stable Hurricane,activities/12050268584.fit.gz,,,1034.0,874.0,1139.8,3.556,1.304,5.0,4.0,550.0,553.2,6.7,-0.1,,,57.0,54.0,144.0,126.0,,,129.0,,,2.0,,,,,,,,,,,,,0.0,,1.0,,1714269568.0,1.0,26.1,26.4,15.4,0.52,1009.3,0.7,2.5,356.0,0.0,1714264704.0,1714310784.0,0.625,,9758854.0,0.53,5.0,0.08,19824.0,1.0,,,,,0.0,1.102,1140.1,,,,1498.0,,,,,,,,,,,,,,,,,""
11279796352,"Apr 28, 2024, 1:31:39 AM",Morning Run,Run,,4616,10.00,172.0,51,,,Saucony Hurricane 23 Stable Hurricane,activities/12050268143.fit.gz,,,4616.0,4609.0,10005.2,3.66,2.171,43.0,44.0,550.6,587.8,11.8,0.0,,,88.0,75.0,172.0,159.0,,308.0,940.0,,29.0,51.0,1418440.0,,,,,,,,311.0,4617.0,,,0.0,,1.0,10082.7,1714265984.0,1.0,25.5,25.9,15.8,0.55,1008.8,1.0,2.2,32.0,0.0,1714264704.0,1714310784.0,0.625,,9758854.0,0.53,5.0,0.17,19957.0,0.0,,,,,0.0,2.167,7153.0,,,,11452.0,,,575.0,212.0,2.188,,,,,,,,,,,,""
11272362394,"Apr 27, 2024, 3:21:42 AM",Morning Ride,Ride,"😍 Best training status
🐶 Free Training (moderate intensity)
🚵 Free Ride
🧀 Fat 34.6%, 🍞 Carb 65.4%
🕯️ Matches 2.4
🔋 Maximum discharge 15.5%


🔗 Riduck Club
https://strava.com/clubs/riduck
",4462,6.60,168.0,8,,,Shanyon,activities/12042572550.fit.gz,,7.7,4462.0,1318.0,6606.7,9.528,5.013,55.0,18.0,566.2,608.6,46.1,0.6,,,86.0,51.0,168.0,143.0,,82.0,148.0,,35.0,8.0,110128.0,,,,,,,,109.0,1559.0,,,0.0,,1.0,,1714186752.0,1.0,29.1,30.5,18.5,0.53,1009.8,1.9,4.3,59.0,0.0,1714178432.0,1714224256.0,0.625,10794160.0,,0.53,5.0,0.08,19621.0,3.0,,,,,0.0,1.481,675.8,,,,,,,23.0,74.0,,,,,,,,,,,,,""
11272209842,"Apr 27, 2024, 12:48:03 AM",Morning Ride,Ride,"😄 Gradually improving
🐆 High Intensity Training (high intensity)
🚵 Concentrated Ride
🧀 Fat 27.3%, 🍞 Carb 72.7%
🕯️ Matches 34
🔋 Maximum discharge 56.8%


🔗 Riduck Club
https://strava.com/clubs/riduck
",9165,66.24,175.0,59,,,Shanyon,activities/12042410270.fit.gz,,7.7,9165.0,8392.0,66240.6,18.632,7.893,358.0,413.0,534.2,633.8,14.9,-0.1,,,107.0,61.0,175.0,146.0,,114.0,1210.0,,28.0,59.0,966591.0,,,,,,,,150.0,8610.0,,,0.0,,1.0,,1714176000.0,1.0,25.0,26.2,18.7,0.68,1007.8,0.6,1.8,24.0,0.0,1714178432.0,1714224256.0,0.625,10794160.0,,0.0,1.0,0.18,18756.0,0.0,,,,,0.0,7.228,3057.3,,,,,,,274.0,107.0,,,,,,,,,,,,,""
11258280091,"Apr 25, 2024, 1:40:24 AM",Morning Run,Run,,3272,7.00,188.0,35,,,Saucony Hurricane 23 Stable Hurricane,activities/12027831492.fit.gz,,,3272.0,3268.0,7003.1,3.736,2.143,25.0,22.0,545.4,556.0,10.0,0.0,,,80.0,74.0,188.0,156.0,,306.0,670.0,,27.0,35.0,999045.0,,,,,,,,311.0,3274.0,,,0.0,,1.0,7064.0,1714006784.0,1.0,23.0,24.0,18.0,0.73,1008.6,1.0,2.0,260.0,0.0,1714005632.0,1714051456.0,0.625,,9758854.0,0.49,5.0,0.05,17823.0,0.0,,,,,0.0,2.14,6883.5,,,,8026.0,,,448.0,222.0,2.162,,,,,,,,,,,,""
11253618122,"Apr 24, 2024, 12:26:07 PM",Afternoon Weight Training,Weight Training,,3340,0,159.0,7,,,,activities/12023074809.fit.gz,,,3340.0,3340.0,0.0,0.0,0.0,0.0,0.0,0.0,0.0,0.0,0.0,,,,,159.0,109.0,,,352.0,,,7.0,,,,,,,,,,,,,0.0,,1.0,,,,,,,,,,,,,,,,,,,,,,,,,,,0.0,0.0,0.0,,,,,,,,,,,,,,,,,,,,,""
11253253367,"Apr 24, 2024, 12:00:05 PM",Afternoon Elliptical,Elliptical,,1290,0,178.0,7,,,,activities/12022696660.fit.gz,,,1290.0,1290.0,0.0,0.0,0.0,0.0,0.0,0.0,0.0,0.0,0.0,,,83.0,74.0,178.0,148.0,,,302.0,,,7.0,,,,,,,,,,,,,0.0,,1.0,,,,,,,,,,,,,,,,,,,,,,,,,,,0.0,0.0,0.0,,,,,,,,,,,,,,,,,,,,,""
11238396108,"Apr 22, 2024, 11:42:29 AM",Afternoon Weight Training,Weight Training,,4531,0,167.0,12,,,,activities/12007438327.fit.gz,,,4531.0,4531.0,0.0,0.0,0.0,0.0,0.0,0.0,0.0,0.0,0.0,,,,,167.0,117.0,,,549.0,,,12.0,,,,,,,,,,,,,0.0,,1.0,,,,,,,,,,,,,,,,,,,,,,,,,,,0.0,0.0,0.0,,,,,,,,,,,,,,,,,,,,,""
11237925472,"Apr 22, 2024, 11:30:20 AM",Afternoon Elliptical,Elliptical,,463,0,159.0,1,,,,activities/12006954725.fit.gz,,,463.0,463.0,0.0,0.0,0.0,0.0,0.0,0.0,0.0,0.0,0.0,,,122.0,83.0,159.0,140.0,,,102.0,,,1.0,,,,,,,,,,,,,0.0,,1.0,,,,,,,,,,,,,,,,,,,,,,,,,,,0.0,0.0,0.0,,,,,,,,,,,,,,,,,,,,,""
11228252905,"Apr 21, 2024, 4:06:25 AM",Morning Ride,Ride,"😮 Need more training
🦆 ETC Training ()
🚵 Free Ride
🧀 Fat 52.4%, 🍞 Carb 47.6%
🕯️ Matches 0.4
🔋 Maximum discharge 5.8%


🔗 Riduck Club
https://strava.com/clubs/riduck
",634,2.46,154.0,2,,,Shanyon,activities/11996933016.fit.gz,,7.7,634.0,634.0,2467.8,6.624,3.892,29.7,700.0,569.3,599.1,9.3,1.2,,,75.0,43.0,154.0,135.0,,67.0,62.0,,,2.0,43878.0,,,,,,,,95.0,635.0,,,0.0,,1.0,,1713671936.0,1.0,29.7,30.1,15.4,0.42,1010.3,1.0,2.8,344.0,0.0,1713660160.0,1713705856.0,0.375,10794160.0,,0.0,1.0,0.16,17722.0,5.0,,,,,0.0,3.892,274.5,,,,,,,8.0,68.0,,,,,,,,,,,,,""
11228415764,"Apr 21, 2024, 12:43:05 AM",Morning Ride,Ride,"😐 Fresh condition
🐶 Free Training (moderate intensity)
🚵 Concentrated Ride
🧀 Fat 35.1%, 🍞 Carb 64.9%
🕯️ Matches 12.4
🔋 Maximum discharge 56.4%


🔗 Riduck Club
https://strava.com/clubs/riduck
",12001,31.73,185.0,29,,,Shanyon,activities/11997104805.fit.gz,,7.7,12001.0,4883.0,31738.6,18.03,6.5,188.0,216.0,542.6,655.0,16.2,-0.1,,,109.0,56.0,185.0,140.0,,95.0,613.0,,24.0,29.0,470777.0,,,,,,,,133.0,5331.0,,,0.0,,1.0,,1713657600.0,1.0,23.0,23.9,17.9,0.73,1008.6,1.3,2.7,260.0,0.0,1713660160.0,1713705856.0,0.375,10794160.0,,0.0,1.0,0.2,17242.0,0.0,,,,,0.0,2.645,7686.7,,,,,,,133.0,95.0,,,,,,,,,,,,,""
11216421289,"Apr 19, 2024, 11:43:05 AM",Afternoon Weight Training,Weight Training,,3362,0,162.0,9,,,,activities/11984736535.fit.gz,,,3362.0,3362.0,0.0,0.0,0.0,0.0,0.0,0.0,0.0,0.0,0.0,,,,,162.0,117.0,,,415.0,,,9.0,,,,,,,,,,,,,0.0,,1.0,,,,,,,,,,,,,,,,,,,,,,,,,,,0.0,0.0,0.0,,,,,,,,,,,,,,,,,,,,,""
11216068771,"Apr 19, 2024, 11:24:47 AM",Afternoon Elliptical,Elliptical,,902,0,178.0,5,,,,activities/11984374507.fit.gz,,,902.0,902.0,0.0,0.0,0.0,0.0,0.0,0.0,0.0,0.0,0.0,,,79.0,72.0,178.0,151.0,,,220.0,,,5.0,,,,,,,,,,,,,0.0,,1.0,,,,,,,,,,,,,,,,,,,,,,,,,,,0.0,0.0,0.0,,,,,,,,,,,,,,,,,,,,,""
11209927988,"Apr 18, 2024, 12:44:30 PM",Evening Weight Training,Weight Training,,4218,0,139.0,9,,,,activities/11978075779.fit.gz,,,4218.0,4218.0,0.0,0.0,0.0,0.0,0.0,0.0,0.0,0.0,0.0,,,,,139.0,104.0,,,408.0,,,9.0,,,,,,,,,,,,,0.0,,1.0,,,,,,,,,,,,,,,,,,,,,,,,,,,0.0,0.0,0.0,,,,,,,,,,,,,,,,,,,,,""
11199715482,"Apr 17, 2024, 2:13:53 AM",Morning Run,Run,,503,1.08,161.0,2,,,Saucony Hurricane 23 Stable Hurricane,activities/11967588453.fit.gz,,,503.0,500.0,1086.6,3.204,2.173,4.0,2.0,589.8,594.4,5.9,0.2,,,76.0,74.0,161.0,142.0,,306.0,98.0,,28.0,2.0,154177.0,,,,,,,,301.0,504.0,,,0.0,,1.0,1099.3,1713319168.0,2.0,27.6,28.5,17.1,0.53,1010.3,0.9,2.9,305.0,0.0,1713314816.0,1713360128.0,0.375,,9758854.0,0.0,1.0,0.52,19391.0,1.0,,,,,0.0,2.16,0.0,,,,1236.0,,,64.0,215.0,2.199,,,,,,,,,,,,""
11199714536,"Apr 17, 2024, 1:53:32 AM",Morning Walk,Walk,,1177,1.67,122.0,2,,,Saucony Hurricane 23 Stable Hurricane,activities/11967587554.fit.gz,,,1177.0,1177.0,1671.6,2.527,1.42,19.0,27.0,582.0,608.4,7.8,-0.4,,,58.0,54.0,122.0,101.0,,,132.0,,,2.0,,,,,,,,,,,,,0.0,,1.0,,1713315584.0,2.0,26.2,27.0,17.3,0.58,1009.6,0.8,2.0,281.0,0.0,1713314816.0,1713360128.0,0.375,,9758854.0,0.0,1.0,0.6,18957.0,0.0,,,,,0.0,1.42,0.0,,,,2110.0,,,,,,,,,,,,,,,,,""
11187521694,"Apr 15, 2024, 11:54:31 AM",Afternoon Weight Training,Weight Training,,5376,0,163.0,13,,,,activities/11955144235.fit.gz,,,5376.0,5376.0,0.0,0.0,0.0,0.0,0.0,0.0,0.0,0.0,0.0,,,,,163.0,111.0,,,579.0,,,13.0,,,,,,,,,,,,,0.0,,1.0,,,,,,,,,,,,,,,,,,,,,,,,,,,0.0,0.0,0.0,,,,,,,,,,,,,,,,,,,,,""
11186955937,"Apr 15, 2024, 11:47:12 AM",Afternoon Row,Rowing,,89,0,142.0,0,,,,activities/11954561419.fit.gz,,,89.0,89.0,0.0,0.0,0.0,0.0,0.0,0.0,0.0,0.0,0.0,,,37.0,33.0,142.0,122.0,,,15.0,,,0.0,,,,,,,,,,,,,0.0,,1.0,,,,,,,,,,,,,,,,,,,,,,,,,,,0.0,0.0,0.0,,,,,,,,,,,,,,,,,,,,,""
11186934908,"Apr 15, 2024, 11:43:49 AM",Afternoon Elliptical,Elliptical,,65,0,138.0,0,,,,activities/11954539566.fit.gz,,,65.0,65.0,0.0,0.0,0.0,0.0,0.0,0.0,0.0,0.0,0.0,,,61.0,57.0,138.0,123.0,,,11.0,,,0.0,,,,,,,,,,,,,0.0,,1.0,,,,,,,,,,,,,,,,,,,,,,,,,,,0.0,0.0,0.0,,,,,,,,,,,,,,,,,,,,,""
11168349018,"Apr 13, 2024, 2:25:17 AM",Morning Walk,Walk,,718,0.96,130.0,2,,,Saucony Hurricane 23 Stable Hurricane,activities/11935291578.fit.gz,,,718.0,718.0,963.8,2.46,1.342,0.0,10.0,557.2,568.6,3.8,-1.2,,,100.0,55.0,130.0,122.0,,,80.0,,,2.0,,,,,,,,,,,,,0.0,,1.0,,1712973568.0,1.0,22.4,22.3,13.8,0.58,1012.1,0.9,1.8,161.0,0.0,1712969344.0,1713014528.0,0.125,,9758854.0,0.0,1.0,0.04,18564.0,1.0,,,,,0.0,1.342,642.9,,,,1290.0,,,,,,,,,,,,,,,,,""
11168348319,"Apr 13, 2024, 1:38:41 AM",Morning Run,Run,,2637,5.50,180.0,28,,,Saucony Hurricane 23 Stable Hurricane,activities/11935290755.fit.gz,,,2637.0,2621.0,5505.0,4.394,2.1,15.0,52.0,553.2,599.8,6.7,-0.7,,,104.0,73.0,180.0,158.0,,292.0,542.0,,25.0,28.0,758238.0,,,,,,,,297.0,2640.0,,,0.0,,1.0,5460.3,1712969984.0,1.0,20.4,20.4,13.7,0.65,1011.5,1.0,1.5,228.0,0.0,1712969344.0,1713014528.0,0.125,,9758854.0,0.0,1.0,0.07,17655.0,0.0,,,,,0.0,2.088,2487.7,,,,6358.0,,,329.0,212.0,2.083,,,,,,,,,,,,""
11164314496,"Apr 12, 2024, 12:51:55 PM",Evening Weight Training,Weight Training,,2936,0,139.0,6,,,,activities/11931156332.fit.gz,,,2936.0,2936.0,0.0,0.0,0.0,0.0,0.0,0.0,0.0,0.0,0.0,,,,,139.0,108.0,,,310.0,,,6.0,,,,,,,,,,,,,0.0,,1.0,,,,,,,,,,,,,,,,,,,,,,,,,,,0.0,0.0,0.0,,,,,,,,,,,,,,,,,,,,,""
11154239891,"Apr 11, 2024, 2:09:59 AM",Morning Walk,Walk,,4047,3.81,116.0,5,,,Saucony Hurricane 23 Stable Hurricane,activities/11920807654.fit.gz,,,4047.0,3037.0,3810.3,2.408,1.255,44.0,49.0,583.6,610.8,12.1,0.2,,,58.0,52.0,116.0,95.0,,,305.0,,,5.0,,,,,,,,,,,,,0.0,,1.0,,1712800768.0,2.0,23.9,23.6,12.5,0.49,1011.8,0.7,2.4,254.0,0.0,1712796672.0,1712841600.0,0.125,,9758854.0,0.0,1.0,0.48,18478.0,1.0,,,,,0.0,0.942,54.5,,,,5202.0,,,,,,,,,,,,,,,,,""
11149477313,"Apr 10, 2024, 12:45:30 PM",Evening Weight Training,Weight Training,,3121,0,139.0,6,,,,activities/11915932230.fit.gz,,,3121.0,3121.0,0.0,0.0,0.0,0.0,0.0,0.0,0.0,0.0,0.0,,,,,139.0,100.0,,,282.0,,,6.0,,,,,,,,,,,,,0.0,,1.0,,,,,,,,,,,,,,,,,,,,,,,,,,,0.0,0.0,0.0,,,,,,,,,,,,,,,,,,,,,""
11139056591,"Apr 9, 2024, 12:37:29 AM",Morning Ride,Ride,,12497,46.08,162.0,23,,,Shanyon,activities/11905258039.fit.gz,,7.7,12497.0,7571.0,46082.4,11.691,6.087,251.0,271.0,533.2,611.6,26.8,-0.1,,,101.0,53.0,162.0,121.0,,74.0,786.0,,24.0,23.0,565650.0,,,,,,,,105.0,8052.0,,,0.0,,1.0,,1712620800.0,1.0,20.8,20.6,12.7,0.6,1009.1,1.5,2.5,275.0,0.0,1712624000.0,1712668800.0,0.0,10794160.0,,0.0,1.0,0.06,18873.0,0.0,,,,,0.0,3.687,3245.6,,,,,,,125.0,75.0,,,,,,,,,,,,,""
11134176458,"Apr 8, 2024, 11:43:35 AM",Afternoon Weight Training,Weight Training,,5325,0,162.0,12,,,,activities/11900271384.fit.gz,,,5325.0,5325.0,0.0,0.0,0.0,0.0,0.0,0.0,0.0,0.0,0.0,,,,,162.0,110.0,,,560.0,,,12.0,,,,,,,,,,,,,0.0,,1.0,,,,,,,,,,,,,,,,,,,,,,,,,,,0.0,0.0,0.0,,,,,,,,,,,,,,,,,,,,,""
11133616628,"Apr 8, 2024, 11:33:32 AM",Afternoon Elliptical,Elliptical,,483,0,149.0,1,,,,activities/11899696542.fit.gz,,,483.0,483.0,0.0,0.0,0.0,0.0,0.0,0.0,0.0,0.0,0.0,,,76.0,70.0,149.0,136.0,,,101.0,,,1.0,,,,,,,,,,,,,0.0,,1.0,,,,,,,,,,,,,,,,,,,,,,,,,,,0.0,0.0,0.0,,,,,,,,,,,,,,,,,,,,,""
11123331411,"Apr 7, 2024, 1:58:05 AM",Morning Walk,Walk,,2562,3.67,173.0,7,,,Saucony Hurricane 23 Stable Hurricane,activities/11888959716.fit.gz,,,2562.0,2534.0,3673.1,4.81,1.45,97.0,83.0,591.4,677.0,25.7,0.4,,,117.0,55.0,173.0,116.0,,,335.0,,,7.0,,,,,,,,,,,,,0.0,,1.0,,1712451584.0,2.0,23.5,23.2,12.4,0.5,1009.3,0.7,1.3,258.0,0.0,1712451200.0,1712496000.0,0.875,,9758854.0,0.0,1.0,0.51,19836.0,0.0,,,,,0.0,1.434,1903.6,,,,4560.0,,,,,,,,,,,,,,,,,""
11115770939,"Apr 6, 2024, 12:50:32 AM",Morning Ride,Ride,,14850,80.21,177.0,85,,,Shanyon,activities/11881181710.fit.gz,,7.7,14850.0,12427.0,80217.6,16.178,6.455,672.2,626.0,561.3,654.2,33.2,0.0,,,103.0,58.0,177.0,145.0,,109.0,1718.0,,28.0,85.0,1357425.0,,,,,,,,144.0,13332.0,,,0.0,,1.0,,1712361600.0,1.0,22.5,22.2,12.0,0.51,1009.6,0.9,2.3,54.0,0.0,1712364928.0,1712409600.0,0.875,10794160.0,,0.0,1.0,0.3,18936.0,0.0,,,,,0.0,5.402,2116.5,,,,,,,455.0,111.0,,,,,,,,,,,,,""
11111752625,"Apr 5, 2024, 12:37:32 PM",Evening Weight Training,Weight Training,,4291,0,159.0,9,,,,activities/11877017481.fit.gz,,,4291.0,4291.0,0.0,0.0,0.0,0.0,0.0,0.0,0.0,0.0,0.0,,,,,159.0,107.0,,,429.0,,,9.0,,,,,,,,,,,,,0.0,,1.0,,,,,,,,,,,,,,,,,,,,,,,,,,,0.0,0.0,0.0,,,,,,,,,,,,,,,,,,,,,""
11111322822,"Apr 5, 2024, 12:32:27 PM",Evening Run,Run,,148,0.26,147.0,0,,,Saucony Hurricane 23 Stable Hurricane,activities/11876571866.fit.gz,,,148.0,132.0,263.1,2.328,1.993,0.0,0.0,0.0,0.0,0.0,0.0,,,75.0,73.0,147.0,136.0,,246.0,28.0,,,0.0,36717.0,,,,,,,,261.0,150.0,,,0.0,,1.0,262.7,,,,,,,,,,,,,,,,9758854.0,,,,,,,,,,0.0,1.778,0.0,,,,292.0,,,16.0,201.0,,,,,,,,,,,,,""
11097337983,"Apr 3, 2024, 11:43:18 AM",Afternoon Weight Training,Weight Training,,2587,0,149.0,6,,,,activities/11862210300.fit.gz,,,2587.0,2587.0,0.0,0.0,0.0,0.0,0.0,0.0,0.0,0.0,0.0,,,,,,113.0,,,300.0,,,6.0,,,,,,,,,,,,,0.0,,1.0,,,,,,,,,,,,,,,,,,,,,,,,,,,0.0,0.0,0.0,,,,,,,,,,,,,,,,,,,,,""
11097030393,"Apr 3, 2024, 11:21:01 AM",Afternoon Elliptical,Elliptical,,912,0,163.0,6,,,,activities/11861890817.fit.gz,,,912.0,912.0,0.0,0.0,0.0,0.0,0.0,0.0,0.0,0.0,0.0,,,87.0,74.0,,153.0,,,225.0,,,6.0,,,,,,,,,,,,,0.0,,1.0,,,,,,,,,,,,,,,,,,,,,,,,,,,0.0,0.0,0.0,,,,,,,,,,,,,,,,,,,,,""
11083462961,"Apr 1, 2024, 11:55:25 AM",Afternoon Weight Training,Weight Training,,5656,0,155.0,14,,,,activities/11847648246.fit.gz,,,5656.0,5656.0,0.0,0.0,0.0,0.0,0.0,0.0,0.0,0.0,0.0,,,,,,114.0,,,617.0,,,14.0,,,,,,,,,,,,,0.0,,1.0,,,,,,,,,,,,,,,,,,,,,,,,,,,0.0,0.0,0.0,,,,,,,,,,,,,,,,,,,,,""
11082713974,"Apr 1, 2024, 11:40:52 AM",Afternoon Elliptical,Elliptical,,608,0,175.0,8,,,,activities/11846847961.fit.gz,,,608.0,608.0,0.0,0.0,0.0,0.0,0.0,0.0,0.0,0.0,0.0,,,85.0,73.0,,157.0,,,150.0,,,8.0,,,,,,,,,,,,,0.0,,1.0,,,,,,,,,,,,,,,,,,,,,,,,,,,0.0,0.0,0.0,,,,,,,,,,,,,,,,,,,,,""
11073402009,"Mar 31, 2024, 12:32:56 AM",Morning Ride,Ride,,9388,50.46,158.0,25,,,Shanyon,activities/11836712684.fit.gz,,7.7,9388.0,7615.0,50468.9,12.842,6.628,222.0,234.0,534.6,599.2,10.4,0.0,,,95.0,56.0,,129.0,,81.0,851.0,,27.0,25.0,629562.0,,,,,,,,101.0,8144.0,,,0.0,,1.0,,1711843200.0,1.0,24.4,24.7,15.2,0.56,1013.5,0.8,1.7,291.0,0.0,1711846784.0,1711891072.0,0.625,10794160.0,,0.0,1.0,0.28,19201.0,0.0,,,,,0.0,5.376,2821.8,,,,,,,,,,,,,,,,,,,,,""
11065756878,"Mar 30, 2024, 1:25:27 AM",Morning Mountain Bike Ride,Ride,,1972,5.97,185.0,10,,,The raider,activities/11828192780.fit.gz,,18.0,1972.0,1291.0,5969.3,8.75,4.624,67.0,85.0,584.8,640.8,43.1,-0.1,,,93.0,48.0,,144.0,,156.0,252.0,,24.0,10.0,,,,,,,,,,,,,0.0,,1.0,,1711760384.0,1.0,23.6,24.6,18.0,0.71,1012.1,1.4,2.3,314.0,0.0,1711760384.0,1711804672.0,0.625,10404546.0,,0.0,1.0,0.27,18697.0,0.0,,0.0,1.6,1.4,0.0,3.027,1251.1,,,,,,,,,,,,,,,,,,,,,""
11059414565,"Mar 29, 2024, 5:39:20 AM",Lunch Weight Training,Weight Training,,3276,0,141.0,8,,,,activities/11821597825.fit.gz,,,3276.0,3276.0,0.0,0.0,0.0,0.0,0.0,0.0,0.0,0.0,0.0,,,,,,113.0,,,380.0,,,8.0,,,,,,,,,,,,,0.0,,1.0,,,,,,,,,,,,,,,,,,,,,,,,,,,0.0,0.0,0.0,,,,,,,,,,,,,,,,,,,,,""
11059196076,"Mar 29, 2024, 2:25:26 AM",Morning Ride,Ride,,7371,8.00,165.0,6,,,Shanyon,activities/11821365651.fit.gz,,7.7,7371.0,1901.0,8008.2,8.904,4.213,46.0,38.0,539.8,624.4,8.5,-0.5,,,100.0,54.0,,126.0,,60.0,291.0,,31.0,6.0,,,,,,,,,,,,,0.0,,1.0,,1711677568.0,1.0,24.4,24.8,15.5,0.58,1011.7,1.0,2.5,272.0,0.0,1711674112.0,1711718272.0,0.625,10794160.0,,0.0,1.0,0.28,18214.0,0.0,,,,,0.0,1.086,3113.7,,,,,,,,,,,,,,,,,,,,,""
11058973782,"Mar 29, 2024, 1:41:24 AM",Morning Mountain Bike Ride,Ride,,2624,5.30,179.0,11,,,The raider,activities/11821133761.fit.gz,,18.0,2624.0,1659.0,5304.0,8.502,3.197,79.0,103.0,528.6,671.2,46.3,0.9,,,132.0,53.0,,141.0,,133.0,306.0,,27.0,11.0,,,,,,,,,,,,,0.0,,1.0,,1711673984.0,1.0,22.8,22.9,14.3,0.59,1011.0,1.1,2.3,239.0,0.0,1711674112.0,1711718272.0,0.625,10404546.0,,0.0,1.0,0.29,19437.0,0.0,,0.0,9.1,3.6,0.0,2.021,4898.2,,,,,,,,,,,,,,,,,,,,,""
11058852251,"Mar 29, 2024, 1:14:21 AM",Morning Ride,Ride,,1590,6.33,155.0,4,,,Shanyon,activities/11821008922.fit.gz,,7.7,1590.0,1356.0,6336.3,11.372,4.673,51.0,34.0,571.2,618.4,39.3,0.4,,,88.0,59.0,,130.0,,80.0,239.0,,26.0,4.0,,,,,,,,,,,,,0.0,,1.0,,1711673984.0,1.0,22.8,22.9,14.3,0.59,1011.0,1.1,2.3,239.0,0.0,1711674112.0,1711718272.0,0.625,10794160.0,,0.0,1.0,0.29,19437.0,0.0,,,,,0.0,3.985,2448.1,,,,,,,,,,,,,,,,,,,,,""
11048569651,"Mar 27, 2024, 12:37:39 PM",Evening Weight Training,Weight Training,,3438,0,170.0,10,,,,activities/11810322803.fit.gz,,,3438.0,3438.0,0.0,0.0,0.0,0.0,0.0,0.0,0.0,0.0,0.0,,,,,,119.0,,,429.0,,,10.0,,,,,,,,,,,,,0.0,,1.0,,,,,,,,,,,,,,,,,,,,,,,,,,,0.0,0.0,0.0,,,,,,,,,,,,,,,,,,,,,""
11048194047,"Mar 27, 2024, 12:27:52 PM",Afternoon Weight Training,Weight Training,,347,0,140.0,0,,,,activities/11809932969.fit.gz,,,347.0,347.0,0.0,0.0,0.0,0.0,0.0,0.0,0.0,0.0,0.0,,,,,,102.0,,,39.0,,,0.0,,,,,,,,,,,,,0.0,,1.0,,,,,,,,,,,,,,,,,,,,,,,,,,,0.0,0.0,0.0,,,,,,,,,,,,,,,,,,,,,""
11025169046,"Mar 24, 2024, 4:31:31 AM",Morning Ride,Ride,,1235,7.06,187.0,11,,,Shanyon,activities/11785770074.fit.gz,,7.7,1235.0,1142.0,7063.5,10.344,6.185,47.0,22.0,589.8,633.8,26.1,0.6,,,92.0,61.0,,152.0,,109.0,159.0,,36.0,11.0,126129.0,,,,,,,,153.0,1233.0,,,0.0,,1.0,,1711252736.0,2.0,28.0,26.8,8.2,0.29,1013.3,0.9,2.8,321.0,0.0,1711242368.0,1711286144.0,0.375,10794160.0,,0.0,1.0,0.38,21755.0,4.0,,,,,0.0,5.719,4088.9,,,,,,,,,,,,,,,,,,,,,""
11024967928,"Mar 24, 2024, 12:09:09 AM",Morning Ride,Ride,,9208,54.66,175.0,39,,,Shanyon,activities/11785558115.fit.gz,,7.7,9208.0,8132.0,54664.9,15.61,6.722,323.0,368.0,545.6,644.2,18.5,-0.1,,,100.0,61.0,,135.0,,98.0,1035.0,,22.0,39.0,799009.0,,,,,,,,138.0,8534.0,,,0.0,,1.0,,1711238400.0,1.0,19.9,19.1,8.2,0.47,1011.3,1.4,2.8,248.0,0.0,1711242368.0,1711286272.0,0.375,10794160.0,,0.0,1.0,0.04,21327.0,0.0,,,,,0.0,5.937,3364.2,,,,,,,,,,,,,,,,,,,,,""
11000327629,"Mar 20, 2024, 12:48:02 PM",Evening Weight Training,Weight Training,,2496,0,167.0,7,,,,activities/11760188475.fit.gz,,,2496.0,2496.0,0.0,0.0,0.0,0.0,0.0,0.0,0.0,0.0,0.0,,,,,,118.0,,,318.0,,,7.0,,,,,,,,,,,,,0.0,,1.0,,,,,,,,,,,,,,,,,,,,,,,,,,,0.0,0.0,0.0,,,,,,,,,,,,,,,,,,,,,""
11000033073,"Mar 20, 2024, 12:38:49 PM",Evening Elliptical,Elliptical,,292,0,126.0,0,,,,activities/11759883344.fit.gz,,,292.0,292.0,0.0,0.0,0.0,0.0,0.0,0.0,0.0,0.0,0.0,,,71.0,61.0,,105.0,,,35.0,,,0.0,,,,,,,,,,,,,0.0,,1.0,,,,,,,,,,,,,,,,,,,,,,,,,,,0.0,0.0,0.0,,,,,,,,,,,,,,,,,,,,,""
10985842494,"Mar 18, 2024, 12:54:03 PM",Evening Weight Training,Weight Training,,3281,0,143.0,7,,,,activities/11745192026.fit.gz,,,3281.0,3281.0,0.0,0.0,0.0,0.0,0.0,0.0,0.0,0.0,0.0,,,,,,106.0,,,340.0,,,7.0,,,,,,,,,,,,,0.0,,1.0,,,,,,,,,,,,,,,,,,,,,,,,,,,0.0,0.0,0.0,,,,,,,,,,,,,,,,,,,,,""
10985518760,"Mar 18, 2024, 12:37:43 PM",Evening Elliptical,Elliptical,,791,0,175.0,2,,,,activities/11744854688.fit.gz,,,791.0,791.0,0.0,0.0,0.0,0.0,0.0,0.0,0.0,0.0,0.0,,,67.0,60.0,,126.0,,,134.0,,,2.0,,,,,,,,,,,,,0.0,,1.0,,,,,,,,,,,,,,,,,,,,,,,,,,,0.0,0.0,0.0,,,,,,,,,,,,,,,,,,,,,""
10975780609,"Mar 16, 2024, 10:39:54 PM",Morning Ride,Ride,,16239,100.24,159.0,60,,,Shanyon,activities/11734379438.fit.gz,,7.7,16239.0,15470.0,100242.7,12.9,6.48,442.0,464.0,558.2,635.4,31.5,0.0,,,92.0,61.0,,134.0,,92.0,1888.0,,20.0,60.0,1437574.0,,,,,,,,114.0,16225.0,,,0.0,,1.0,,1710626432.0,1.0,18.5,18.1,11.0,0.62,1011.5,1.2,2.0,270.0,0.0,1710637824.0,1710681344.0,0.25,10794160.0,,0.0,1.0,0.16,19186.0,0.0,,,,,0.0,6.173,15303.2,,,,,,,,,,,,,,,,,,,,,""
10962202199,"Mar 15, 2024, 1:23:07 AM",Morning Ride,Ride,,4505,15.83,136.0,10,,,Shanyon,activities/11720285664.fit.gz,,7.7,4505.0,4037.0,15834.4,9.532,3.922,124.0,112.0,563.4,607.4,42.4,0.1,,,79.0,45.0,,114.0,,54.0,334.0,,21.0,10.0,217474.0,,,,,,,,78.0,4506.0,,,0.0,,1.0,,1710464384.0,1.0,16.7,15.9,8.5,0.58,1013.4,0.9,1.6,236.0,0.0,1710465152.0,1710508416.0,0.125,10794160.0,,0.0,1.0,0.08,18501.0,0.0,,,,,0.0,3.515,5024.3,,,,,,,,,,,,,,,,,,,,,""
10950442421,"Mar 13, 2024, 12:55:19 PM",Evening Weight Training,Weight Training,,1462,0,144.0,3,,,,activities/11708161011.fit.gz,,,1462.0,1462.0,0.0,0.0,0.0,0.0,0.0,0.0,0.0,0.0,0.0,,,,,,114.0,,,188.0,,,3.0,,,,,,,,,,,,,0.0,,1.0,,,,,,,,,,,,,,,,,,,,,,,,,,,0.0,0.0,0.0,,,,,,,,,,,,,,,,,,,,,""
10926956629,"Mar 10, 2024, 1:58:37 AM",Morning Ride,Ride,,3587,17.02,168.0,12,,,Shanyon,activities/11683738290.fit.gz,,7.7,3587.0,2705.0,17020.2,13.11,6.292,79.0,90.0,558.4,605.2,28.6,-0.1,,,93.0,61.0,,137.0,,97.0,479.0,,21.0,12.0,,,,,,,,,,,,,0.0,,1.0,,1710032384.0,1.0,16.7,15.9,7.4,0.54,1014.0,0.7,1.5,236.0,0.0,1710033408.0,1710076416.0,0.875,10794160.0,,0.0,1.0,0.0,19585.0,0.0,,,,,0.0,4.745,2332.4,,,,,,,,,,,,,,,,,,,,,""
10902114198,"Mar 6, 2024, 12:05:23 PM",Afternoon Elliptical,Elliptical,,908,0,143.0,3,,,,activities/11657862539.fit.gz,,,908.0,908.0,0.0,0.0,0.0,0.0,0.0,0.0,0.0,0.0,0.0,,,70.0,60.0,,131.0,,,169.0,,,3.0,,,,,,,,,,,,,0.0,,1.0,,,,,,,,,,,,,,,,,,,,,,,,,,,0.0,0.0,0.0,,,,,,,,,,,,,,,,,,,,,""
10892659542,"Mar 5, 2024, 12:43:09 AM",Morning Ride,Ride,,8517,39.22,168.0,26,,,Shanyon,activities/11644794169.fit.gz,,7.7,8517.0,6490.0,39221.4,14.314,6.043,267.0,273.0,545.4,655.4,14.7,-0.1,,,108.0,59.0,,129.0,,98.0,826.0,,18.0,26.0,637388.0,,,,,,,,135.0,7285.0,,,0.0,,1.0,,1709596800.0,1.0,16.2,15.6,9.2,0.63,1013.8,0.6,1.6,90.0,0.0,1709601664.0,1709644288.0,0.875,10794160.0,,0.0,1.0,0.17,18906.0,0.0,,,,,0.0,4.605,14937.6,,,,,,,,,,,,,,,,,,,,,""
10887820947,"Mar 4, 2024, 12:44:21 PM",Evening Elliptical,Elliptical,,957,0,146.0,3,,,,activities/11638151042.fit.gz,,,957.0,957.0,0.0,0.0,0.0,0.0,0.0,0.0,0.0,0.0,0.0,,,71.0,62.0,,130.0,,,174.0,,,3.0,,,,,,,,,,,,,0.0,,1.0,,,,,,,,,,,,,,,,,,,,,,,,,,,0.0,0.0,0.0,,,,,,,,,,,,,,,,,,,,,""
10878108143,"Mar 3, 2024, 1:31:10 AM",Morning Ride,Ride,,7921,31.76,177.0,17,,,Shanyon,activities/11626993955.fit.gz,,7.7,7921.0,6312.0,31762.5,12.718,5.032,198.0,205.0,549.2,609.4,11.6,-0.1,,,94.0,53.0,,113.0,,68.0,618.0,,21.0,17.0,433779.0,,,,,,,,110.0,7246.0,,,0.0,,1.0,,1709427584.0,1.0,17.6,17.9,15.9,0.9,1013.9,2.4,5.3,263.0,0.0,1709428864.0,1709471488.0,0.625,10794160.0,,0.0,1.0,0.16,16234.0,0.0,,,,,0.0,4.01,16323.8,,,,,,,,,,,,,,,,,,,,,""
10866866678,"Mar 1, 2024, 11:30:25 AM",Afternoon Elliptical,Elliptical,,610,0,155.0,2,,,,activities/11615392037.fit.gz,,,610.0,610.0,0.0,0.0,0.0,0.0,0.0,0.0,0.0,0.0,0.0,,,80.0,69.0,,141.0,,,134.0,,,2.0,,,,,,,,,,,,,0.0,,1.0,,,,,,,,,,,,,,,,,,,,,,,,,,,0.0,0.0,0.0,,,,,,,,,,,,,,,,,,,,,""
10865467084,"Mar 1, 2024, 1:50:13 AM",Morning Ride,Ride,,10497,30.43,180.0,19,,,Shanyon,activities/11613932308.fit.gz,,7.7,10497.0,5448.0,30431.9,10.772,5.586,152.0,150.0,548.8,600.0,28.8,0.0,,,93.0,55.0,,123.0,,81.0,598.0,,25.0,19.0,440143.0,,,,,,,,116.0,6308.0,,,0.0,,1.0,,1709254784.0,2.0,21.9,22.0,14.6,0.63,1013.5,0.8,1.6,66.0,0.0,1709256192.0,1709298688.0,0.625,10794160.0,,0.0,1.0,0.41,18074.0,0.0,,,,,0.0,2.899,5950.1,,,,,,,,,,,,,,,,,,,,,""
10839887347,"Feb 26, 2024, 11:34:31 AM",Afternoon Elliptical,Elliptical,,307,0,149.0,1,,,,activities/11587643141.fit.gz,,,307.0,307.0,0.0,0.0,0.0,0.0,0.0,0.0,0.0,0.0,0.0,,,76.0,67.0,,138.0,,,65.0,,,1.0,,,,,,,,,,,,,0.0,,1.0,,,,,,,,,,,,,,,,,,,,,,,,,,,0.0,0.0,0.0,,,,,,,,,,,,,,,,,,,,,""
10824006480,"Feb 24, 2024, 1:30:48 AM",Morning Ride,Ride,,10652,43.00,175.0,24,,,Shanyon,activities/11571114130.fit.gz,,7.7,10652.0,7279.0,43000.4,12.174,5.907,219.0,236.0,541.8,608.2,15.5,-0.1,,,117.0,56.0,,125.0,,76.0,774.0,,19.0,24.0,562231.0,,,,,,,,105.0,8167.0,,,0.0,,1.0,,1708736384.0,1.0,14.8,14.1,8.6,0.67,1013.5,0.5,1.2,152.0,0.0,1708738048.0,1708780160.0,0.375,10794160.0,,0.0,1.0,0.0,19264.0,0.0,,,,,0.0,4.037,10889.9,,,,,,,,,,,,,,,,,,,,,""
10819574158,"Feb 23, 2024, 11:34:30 AM",Afternoon Elliptical,Elliptical,,943,0,171.0,4,,,,activities/11566552046.fit.gz,,,943.0,943.0,0.0,0.0,0.0,0.0,0.0,0.0,0.0,0.0,0.0,,,94.0,69.0,,145.0,,,212.0,,,4.0,,,,,,,,,,,,,0.0,,1.0,,,,,,,,,,,,,,,,,,,,,,,,,,,0.0,0.0,0.0,,,,,,,,,,,,,,,,,,,,,""
10807214610,"Feb 21, 2024, 1:02:47 PM",Evening Elliptical,Elliptical,,783,0,171.0,9,,,,activities/11553859667.fit.gz,,,783.0,783.0,0.0,0.0,0.0,0.0,0.0,0.0,0.0,0.0,0.0,,,113.0,65.0,,160.0,,,202.0,,,9.0,,,,,,,,,,,,,0.0,,1.0,,,,,,,,,,,,,,,,,,,,,,,,,,,0.0,0.0,0.0,,,,,,,,,,,,,,,,,,,,,""
10797461647,"Feb 20, 2024, 12:12:07 AM",Morning Ride,Ride,,4489,23.47,165.0,13,,,Shanyon,activities/11543822476.fit.gz,,7.7,4489.0,3940.0,23474.3,13.484,5.958,140.0,148.0,551.8,608.2,9.6,-0.1,,,90.0,60.0,,128.0,,87.0,460.0,,18.0,13.0,345841.0,,,,,,,,113.0,4287.0,,,0.0,,1.0,,1708387200.0,1.0,17.9,17.0,7.1,0.49,1013.4,1.3,1.9,251.0,0.0,1708392576.0,1708434432.0,0.375,10794160.0,,0.0,1.0,0.21,20623.0,0.0,,,,,0.0,5.229,4223.3,,,,,,,,,,,,,,,,,,,,,""
10740945718,"Feb 11, 2024, 6:56:55 AM",Lunch Workout,Workout,,175,0,,,,,,activities/11485535326.fit.gz,,,175.0,175.0,0.0,0.0,0.0,0.0,0.0,0.0,0.0,0.0,0.0,,,,,,,,,,,,,,,,,,,,,,,,,0.0,,1.0,,,,,,,,,,,,,,,,,,,,,,,,,,,0.0,0.0,0.0,,,,,,,,,,,,,,,,,,,,,""
10648645034,"Jan 28, 2024, 3:56:14 PM",Night Ride,Ride,,2146,6.58,135.0,3,,,Shanyon,activities/11390362575.fit.gz,,7.7,2146.0,1408.0,6583.4,9.029,4.676,79.0,41.0,552.2,615.8,27.9,0.6,,,93.0,61.0,,110.0,,103.0,162.0,,,3.0,,,,,,,,,,,,,0.0,,1.0,,1706454016.0,1.0,22.9,22.7,12.8,0.53,1016.7,1.1,2.9,254.0,0.0,1706406016.0,1706446592.0,0.625,10794160.0,,0.0,1.0,0.32,20625.0,0.0,,,,,0.0,3.068,2027.3,,,,,,,,,,,,,,,,,,,,,""
10643742005,"Jan 28, 2024, 2:22:00 AM",Morning Ride,Ride,"",1032,5.58,129.0,1,,,The raider,activities/11385055423.fit.gz,,7.7,1032.0,1008.0,5585.6,12.156,5.541,48.0,58.0,545.4,583.0,46.6,-0.1,,,94.0,66.0,,91.0,,210.0,76.0,,,1.0,,,,,,,,,,,0.0,,0.0,,1.0,,1706407168.0,2.0,16.3,15.7,9.7,0.65,1017.5,0.8,1.3,156.0,0.0,1706405888.0,1706446592.0,0.625,10404546.0,,0.0,1.0,0.46,19158.0,0.0,,,,,0.0,5.412,1378.8,,,,,,,,,,,,,,,,,,,,,""
10586014291,"Jan 19, 2024, 1:06:21 AM",Morning Ride,Ride,,6182,27.01,168.0,16,,,Shanyon,activities/11325678423.fit.gz,,7.7,6182.0,5109.0,27013.6,12.956,5.287,172.0,181.0,550.2,622.0,10.7,-0.1,,,91.0,58.0,,124.0,,79.0,548.0,,15.0,16.0,401076.0,,,,,,,,104.0,5384.0,,,0.0,,1.0,,1705625984.0,1.0,13.4,13.0,11.3,0.87,1014.3,0.6,1.2,176.0,0.0,1705628416.0,1705668608.0,0.375,10794160.0,,0.0,1.0,0.1,13107.0,0.0,,,,,0.0,4.37,14147.4,,,,,,,,,,,,,,,,,,,,,""
10581935115,"Jan 18, 2024, 10:44:59 AM",Afternoon Ride,Ride,,8400,34.26,173.0,34,,,Shanyon,activities/11321487486.fit.gz,,7.7,8400.0,6558.0,34259.0,13.932,5.224,233.0,236.0,549.4,650.0,13.4,0.0,,,102.0,56.0,,140.0,,83.0,729.0,,25.0,34.0,540938.0,,,,,,,,119.0,7646.0,,,0.0,,1.0,,1705571968.0,1.0,27.4,26.8,11.2,0.36,1010.3,3.1,5.9,236.0,0.0,1705542016.0,1705582208.0,0.25,10794160.0,,0.0,1.0,0.04,20478.0,4.0,,,,,0.0,4.078,12170.1,,,,,,,,,,,,,,,,,,,,,""
10547333317,"Jan 13, 2024, 12:58:43 AM",Morning Ride,Ride,,12059,55.03,175.0,39,,,Shanyon,activities/11285542788.fit.gz,,7.7,12059.0,7793.0,55033.1,13.026,7.062,216.0,266.0,530.2,601.4,7.3,-0.1,,,111.0,67.0,,139.0,,101.0,1014.0,,19.0,39.0,788920.0,,,,,,,,130.0,8370.0,,,0.0,,1.0,,1705104000.0,1.0,18.9,18.7,12.8,0.68,1014.6,0.5,1.6,105.0,0.0,1705110016.0,1705149952.0,0.125,10794160.0,,0.0,1.0,0.0,19465.0,0.0,,,,,0.0,4.564,3427.0,,,,,,,,,,,,,,,,,,,,,""
10541454702,"Jan 12, 2024, 3:30:10 AM",Morning Ride,Ride,,1871,7.02,175.0,7,,,Shanyon,activities/11279386233.fit.gz,,7.7,1871.0,1532.0,7024.3,9.508,4.585,56.0,27.0,564.0,606.6,16.9,0.4,,,84.0,54.0,,138.0,,85.0,173.0,,22.0,7.0,130013.0,,,,,,,,111.0,1769.0,,,0.0,,1.0,,1705028352.0,1.0,19.4,19.7,15.3,0.77,1016.5,1.5,3.5,90.0,0.0,1705023616.0,1705063552.0,0.125,10794160.0,,0.0,1.0,0.15,18729.0,1.0,,,,,0.0,3.754,3742.4,,,,,,,,,,,,,,,,,,,,,""
10541396531,"Jan 12, 2024, 12:45:13 AM",Morning Ride,Ride,,8120,52.34,173.0,39,,,Shanyon,activities/11279324062.fit.gz,,7.7,8120.0,7512.0,52347.9,14.34,6.969,310.0,347.0,569.0,650.4,47.6,0.0,,,106.0,66.0,,137.0,,105.0,1006.0,,19.0,39.0,788869.0,,,,,,,,139.0,7967.0,,,0.0,,1.0,,1705017600.0,1.0,17.8,17.9,14.8,0.83,1014.3,1.4,3.2,99.0,0.0,1705023616.0,1705063552.0,0.125,10794160.0,,0.0,1.0,0.0,19347.0,0.0,,,,,0.0,6.447,2554.6,,,,,,,,,,,,,,,,,,,,,""
10521658525,"Jan 9, 2024, 12:40:53 AM",Morning Ride,Ride,,3863,21.03,173.0,17,,,Shanyon,activities/11258492221.fit.gz,,7.7,3863.0,3453.0,21031.7,14.224,6.091,144.0,150.0,550.4,601.4,10.0,0.0,,,96.0,61.0,,136.0,,99.0,443.0,,22.0,17.0,343071.0,,,,,,,,129.0,3821.0,,,0.0,,1.0,,1704758400.0,2.0,18.0,18.3,15.5,0.85,1013.7,1.4,2.7,104.0,0.0,1704764288.0,1704804224.0,0.875,10794160.0,,0.36,5.0,0.4,17914.0,0.0,,,,,0.0,5.444,4759.7,,,,,,,,,,,,,,,,,,,,,""
10496485827,"Jan 5, 2024, 3:39:10 AM",Morning Ride,Ride,,1411,6.13,161.0,4,,,Shanyon,activities/11232002951.fit.gz,,7.7,1411.0,1299.0,6131.2,7.776,4.72,49.0,18.0,563.4,605.2,22.6,0.5,,,86.0,56.0,,130.0,,77.0,137.0,,22.0,4.0,99946.0,,,,,,,,94.0,1409.0,,,0.0,,1.0,,1704423552.0,2.0,17.0,16.9,12.9,0.77,1015.2,0.9,2.4,95.0,0.0,1704418688.0,1704458496.0,0.875,10794160.0,,0.0,1.0,0.41,18355.0,1.0,,,,,0.0,4.345,1085.5,,,,,,,,,,,,,,,,,,,,,""
10496390228,"Jan 5, 2024, 12:33:51 AM",Morning Ride,Ride,,9453,45.71,163.0,24,,,Shanyon,activities/11231902535.fit.gz,,7.7,9453.0,7748.0,45715.3,12.494,5.9,215.0,258.0,550.2,626.0,43.0,-0.1,,,97.0,58.0,,124.0,,75.0,803.0,,17.0,24.0,580195.0,,,,,,,,101.0,8281.0,,,0.0,,1.0,,1704412800.0,3.0,14.6,14.4,12.0,0.84,1012.9,1.1,1.9,261.0,0.0,1704418688.0,1704458496.0,0.875,10794160.0,,0.0,1.0,0.68,16403.0,0.0,,,,,0.0,4.836,4193.6,,,,,,,,,,,,,,,,,,,,,""
10489545896,"Jan 3, 2024, 11:46:35 PM",Morning Ride,Ride,,5288,30.01,189.0,26,,,Shanyon,activities/11224771838.fit.gz,,7.7,5288.0,4820.0,30013.9,16.634,6.227,191.0,197.0,560.0,655.6,16.1,0.0,,,101.0,64.0,,138.0,,97.0,612.0,,18.0,26.0,471346.0,,,,,,,,140.0,5161.0,,,0.0,,1.0,,1704322816.0,1.0,17.2,17.2,14.1,0.82,1012.6,0.9,1.3,174.0,0.0,1704332288.0,1704372096.0,0.75,10794160.0,,0.0,1.0,0.19,17323.0,0.0,,,,,0.0,5.676,9766.2,,,,,,,,,,,,,,,,,,,,,""
10427716340,"Dec 24, 2023, 12:50:33 AM",Morning Ride,Ride,,8635,31.26,175.0,36,,,Shanyon,activities/11160490567.fit.gz,,7.7,8635.0,5823.0,31260.1,14.906,5.368,365.0,380.0,562.2,876.4,19.0,-0.2,,,92.0,63.0,,138.0,,110.0,812.0,,18.0,36.0,643626.0,,,,,,,,135.0,6444.0,,,0.0,,1.0,,1703376000.0,3.0,14.7,14.0,8.3,0.66,1017.1,1.3,2.3,116.0,0.0,1703381632.0,1703421312.0,0.375,10794160.0,,0.0,1.0,0.81,21341.0,0.0,,,,,0.0,3.62,2090.3,,,,,,,,,,,,,,,,,,,,,""
10382110348,"Dec 15, 2023, 12:42:30 AM",Morning Ride,Ride,,7439,38.07,176.0,33,,,Shanyon,activities/11113295584.fit.gz,,7.7,7439.0,6539.0,38071.2,16.818,5.822,292.0,299.0,547.8,669.0,21.9,0.0,,,107.0,63.0,,135.0,,100.0,846.0,,16.0,33.0,655943.0,,,,,,,,134.0,7201.0,,,0.0,,1.0,,1702598400.0,1.0,15.1,14.7,11.3,0.78,1015.6,0.8,1.7,143.0,0.0,1702603776.0,1702643456.0,0.125,10794160.0,,0.0,1.0,0.1,20415.0,0.0,,,,,0.0,5.118,14814.1,,,,,,,,,,,,,,,,,,,,,""
10372011039,"Dec 13, 2023, 12:42:38 AM",Morning Ride,Ride,,8813,37.51,181.0,30,,,Shanyon,activities/11102787964.fit.gz,,7.7,8813.0,6468.0,37512.6,15.536,5.8,276.0,289.0,544.0,651.6,12.0,-0.1,,,99.0,58.0,,136.0,,94.0,802.0,,17.0,30.0,613988.0,,,,,,,,138.0,6890.0,,,0.0,,1.0,,1702425600.0,1.0,16.8,16.8,13.9,0.83,1012.7,0.5,1.0,144.0,0.0,1702430848.0,1702470528.0,0.0,10794160.0,,0.0,1.0,0.37,18919.0,0.0,,,,,0.0,4.257,14121.7,,,,,,,,,,,,,,,,,,,,,""
10356036478,"Dec 10, 2023, 2:32:43 AM",Morning Ride,Ride,,3474,19.15,182.0,14,,,Shanyon,activities/11086049670.fit.gz,,7.7,3474.0,3330.0,19151.1,13.414,5.751,115.0,118.0,553.4,627.2,10.4,-0.2,,,104.0,62.0,,136.0,,92.0,401.0,,20.0,14.0,305027.0,,,,,,,,141.0,3452.0,,,0.0,,1.0,,1702173568.0,1.0,17.1,17.3,14.9,0.87,1014.4,1.2,2.9,98.0,0.0,1702171520.0,1702211328.0,0.875,10794160.0,,0.0,1.0,0.21,18421.0,0.0,,,,,0.0,5.513,9255.9,,,,,,,,,,,,,,,,,,,,,""
10350837663,"Dec 9, 2023, 12:33:36 AM",Morning Ride,Ride,,11569,62.23,170.0,44,,,Shanyon,activities/11080639019.fit.gz,,7.7,11569.0,10606.0,62230.1,17.964,5.867,472.0,494.0,532.0,718.6,12.7,-0.1,,,124.0,63.0,,133.0,,98.0,1360.0,,19.0,44.0,1051822.0,,,,,,,,128.0,11449.0,,,0.0,,1.0,,1702080000.0,2.0,17.0,17.1,14.9,0.88,1014.4,1.3,2.7,95.0,0.0,1702085120.0,1702124928.0,0.875,10794160.0,,0.0,1.0,0.43,18863.0,0.0,,,,,0.0,5.379,10421.1,,,,,,,,,,,,,,,,,,,,,""
10341030573,"Dec 7, 2023, 12:42:12 AM",Morning Ride,Ride,"",10269,48.24,197.0,48,,,Shanyon,activities/11070450098.fit.gz,,9.5,10269.0,7448.0,48248.1,14.294,6.478,294.0,308.0,537.6,599.6,18.2,0.0,,,105.0,63.0,,141.0,,100.0,962.0,,19.0,48.0,746566.0,,,,,,,,140.0,8027.0,0.0,,0.0,,1.0,,1701907200.0,2.0,18.1,18.7,17.0,0.93,1012.3,1.0,2.0,78.0,0.0,1701912192.0,1701952128.0,0.875,10794160.0,,0.0,1.0,0.56,15143.0,0.0,,,,,0.0,4.698,5267.1,,,,,,,,,,,,,,,,,,,,,""
10330105881,"Dec 5, 2023, 12:41:42 AM",Morning Ride,Ride,"",9963,33.61,186.0,37,,,Shanyon,activities/11059110743.fit.gz,,9.5,9963.0,5838.0,33618.9,11.682,5.759,218.0,224.0,542.2,653.2,10.8,0.0,,,103.0,62.0,,140.0,,93.0,716.0,,19.0,37.0,546636.0,,,,,,,,126.0,6571.0,0.0,,0.0,,1.0,,1701734400.0,3.0,18.1,18.4,16.0,0.88,1010.8,1.3,2.3,78.0,0.0,1701739392.0,1701779200.0,0.75,10794160.0,,0.0,1.0,0.82,19574.0,0.0,,,,,0.0,3.374,17069.0,,,,,,,,,,,,,,,,,,,,,""
10325053385,"Dec 4, 2023, 12:19:33 AM",Morning Ride,Ride,"",7029,37.19,175.0,33,,,Shanyon,activities/11053876832.fit.gz,,9.5,7029.0,6294.0,37197.5,19.755,5.91,278.0,273.0,570.6,669.2,33.8,0.0,,,,,,139.0,,99.0,1107.0,,20.0,33.0,,,,,,,,,,,0.0,,0.0,,1.0,,1701648000.0,1.0,18.9,19.3,16.4,0.86,1011.8,1.0,2.4,95.0,0.0,1701652992.0,1701692800.0,0.75,10794160.0,,0.42,1.0,0.25,18186.0,0.0,,,,,0.0,5.292,15974.0,,,,,,,,,,,,,,,,,,,,,media/81e375e5-ee48-4321-912b-e388a72acdd6.jpg|media/43452972-919f-4470-94bb-787baed2df12.jpg
10278713360,"Nov 25, 2023, 12:19:05 PM",Afternoon Hike,Hike,,1126,0.65,168.0,5,,,Saucony Hurricane 23 Stable Hurricane,activities/11005772293.fit.gz,,,1126.0,1007.0,651.2,1.9,0.647,66.0,116.0,587.6,673.4,44.4,-2.1,,,118.0,59.0,,140.0,,,320.0,,,5.0,,,,,,,,,,,,,0.0,,1.0,,1700913664.0,2.0,27.4,28.8,18.9,0.6,1011.7,1.9,3.7,117.0,0.0,1700875008.0,1700915200.0,0.375,,9758854.0,0.27,5.0,0.47,17484.0,0.0,,,,,0.0,0.578,0.0,,,,,,,,,,,,,,,,,,,,,""
10260297165,"Nov 22, 2023, 12:42:41 AM",Morning Ride,Ride,"",5422,27.59,167.0,17,,,Shanyon,activities/10986602797.fit.gz,,9.5,5422.0,4893.0,27589.1,12.592,5.638,128.0,140.0,544.0,604.8,14.3,-0.1,,,,,,129.0,,76.0,754.0,,18.0,17.0,,,,,,,,,,,0.0,,0.0,,1.0,,1700611200.0,1.0,17.8,17.5,12.6,0.72,1013.8,0.7,1.9,96.0,0.0,1700615680.0,1700656000.0,0.375,10794160.0,,0.0,1.0,0.19,20710.0,0.0,,,,,0.0,5.088,7494.7,,,,,,,,,,,,,,,,,,,,,""
10237223358,"Nov 18, 2023, 3:45:51 AM",Morning Ride,Ride,"",1499,5.50,165.0,5,,,Shanyon,activities/10962597016.fit.gz,,9.5,1499.0,1231.0,5502.1,8.088,4.47,51.0,14.0,566.2,609.8,19.0,0.7,,,85.0,54.0,,137.0,,71.0,124.0,,24.0,5.0,88852.0,,,,,,,,101.0,1390.0,0.0,,0.0,,1.0,,1700276352.0,1.0,19.8,19.9,14.5,0.72,1015.8,0.8,2.3,104.0,0.0,1700269952.0,1700310400.0,0.125,10794160.0,,0.0,1.0,0.01,20169.0,2.0,,,,,0.0,3.671,923.1,,,,,,,,,,,,,,,,,,,,,""
10237050960,"Nov 17, 2023, 11:00:56 PM",Morning Ride,Ride,"",12037,73.66,178.0,71,,,Shanyon,activities/10962414932.fit.gz,,9.5,12037.0,10953.0,73668.3,16.186,6.726,380.0,424.0,544.0,628.6,12.3,-0.1,,,105.0,65.0,,144.0,,100.0,1425.0,,17.0,71.0,1105924.0,,,,,,,,131.0,11322.0,0.0,,0.0,,1.0,,1700262016.0,1.0,16.9,16.7,12.4,0.74,1013.6,1.0,1.6,146.0,0.0,1700269952.0,1700310400.0,0.125,10794160.0,,0.0,1.0,0.01,20261.0,0.0,,,,,0.0,6.12,4516.7,,,,,,,,,,,,,,,,,,,,,media/5813d105-b3e7-4025-a1c5-19a6927f33ba.jpg|media/264b84b6-af4a-4b2b-a9cf-cd32c509e3b8.jpg|media/7ff057f9-20c5-47bb-8fae-91941c3370bd.mp4
10214657841,"Nov 14, 2023, 3:28:03 AM",Morning Ride,Ride,"",1221,5.50,152.0,3,,,Shanyon,activities/10939168045.fit.gz,,9.5,1221.0,1221.0,5503.5,8.808,4.507,42.0,16.0,565.2,606.4,39.7,0.6,,,89.0,58.0,,125.0,,76.0,125.0,,23.0,3.0,91084.0,,,,,,,,98.0,1209.0,0.0,,0.0,,1.0,,1699930752.0,2.0,21.1,21.5,15.7,0.71,1016.7,1.0,3.1,95.0,0.0,1699924224.0,1699964800.0,0.0,10794160.0,,0.0,1.0,0.6,19999.0,1.0,,,,,0.0,4.507,881.8,,,,,,,,,,,,,,,,,,,,,""
10214561499,"Nov 14, 2023, 12:38:04 AM",Morning Ride,Ride,"",8064,39.94,146.0,19,,,Shanyon,activities/10939066350.fit.gz,,9.5,8064.0,7040.0,39948.6,12.332,5.675,223.0,267.0,561.6,612.8,19.8,-0.1,,,100.0,58.0,,118.0,,68.0,686.0,,19.0,19.0,480583.0,,,,,,,,90.0,7595.0,0.0,,0.0,,1.0,,1699920000.0,1.0,18.7,18.8,14.6,0.77,1014.3,0.6,1.9,98.0,0.0,1699924224.0,1699964928.0,0.0,10794160.0,,0.0,1.0,0.18,17629.0,0.0,,,,,0.0,4.954,3199.3,,,,,,,,,,,,,,,,,,,,,""
10191903272,"Nov 10, 2023, 3:17:03 AM",Morning Ride,Ride,"",1304,5.76,153.0,4,,,Shanyon,activities/10915525328.fit.gz,,9.5,1304.0,1271.0,5767.3,7.948,4.538,56.0,15.0,572.6,614.4,17.5,0.7,,,90.0,57.0,,126.0,,71.0,127.0,,25.0,4.0,90579.0,,,,,,,,96.0,1305.0,0.0,,0.0,,1.0,,1699585152.0,2.0,22.1,23.6,19.7,0.86,1016.9,1.9,4.3,101.0,0.0,1699578496.0,1699619328.0,0.875,10794160.0,,0.35,5.0,0.54,20605.0,2.0,,,,,0.0,4.423,846.0,,,,,,,,,,,,,,,,,,,,,""
10191745118,"Nov 10, 2023, 12:23:33 AM",Morning Ride,Ride,"",6392,31.35,167.0,17,,,Shanyon,activities/10915359515.fit.gz,,9.5,6392.0,5832.0,31351.5,15.962,5.376,218.0,250.0,557.8,662.8,22.5,-0.2,,,99.0,56.0,,122.0,,74.0,602.0,,22.0,17.0,432074.0,,,,,,,,111.0,6021.0,0.0,,0.0,,1.0,,1699574400.0,3.0,20.4,21.4,18.4,0.88,1014.6,1.2,2.3,119.0,0.0,1699578496.0,1699619328.0,0.875,10794160.0,,0.3,5.0,0.79,17344.0,0.0,,,,,0.0,4.905,14387.5,,,,,,,,,,,,,,,,,,,,,media/2b61ed39-0275-470f-a46d-0f7feb7e6c11.jpg
10180447130,"Nov 8, 2023, 3:13:21 AM",Morning Ride,Ride,"",1482,5.87,173.0,9,,,The raider,activities/10903684458.fit.gz,,9.5,1482.0,1392.0,5872.6,10.162,4.219,55.0,23.0,562.6,607.0,7.2,0.5,,,91.0,61.0,,145.0,,160.0,313.0,,26.0,9.0,,,,,,,,,,,0.0,,0.0,,1.0,,1699412352.0,3.0,22.9,24.1,18.9,0.78,1015.3,2.3,5.1,107.0,0.0,1699405696.0,1699446528.0,0.875,10404546.0,,0.39,5.0,0.7,21823.0,2.0,,,,,0.0,3.963,1514.2,,,,,,,,,,,,,,,,,,,,,""
10180366062,"Nov 8, 2023, 12:33:46 AM",Morning Ride,Ride,,8540,46.13,174.0,28,,,Black Gold,activities/10903599630.fit.gz,,9.5,8540.0,7906.0,46134.1,15.4,5.835,207.0,253.0,543.0,610.4,11.7,-0.1,,,120.0,64.0,,129.0,,76.0,1191.0,,23.0,28.0,,,,,,,,,,,,,0.0,,1.0,,1699401600.0,3.0,20.5,21.1,16.9,0.8,1012.9,1.4,2.6,98.0,0.0,1699405696.0,1699446528.0,0.875,7940261.0,,0.4,5.0,0.79,18899.0,0.0,,,,,0.0,5.402,4275.0,,,,,,,,,,,,,,,,,,,,,""
10156185597,"Nov 4, 2023, 12:52:44 AM",Morning Ride,Ride,,7336,32.20,177.0,27,,,Black Gold,activities/10878287125.fit.gz,,9.5,7336.0,5748.0,32207.4,14.234,5.603,189.0,194.0,551.4,650.8,9.3,0.0,,,,,,136.0,,80.0,1003.0,,20.0,27.0,,,,,,,,,,,,,0.0,,1.0,,1699056000.0,1.0,18.8,18.7,13.3,0.7,1011.5,0.6,1.7,99.0,0.0,1699059968.0,1699101056.0,0.75,7940261.0,,0.0,1.0,0.27,21838.0,0.0,,,,,0.0,4.39,13058.5,,,,,,,,,,,,,,,,,,,,,""
10145520982,"Nov 2, 2023, 12:43:20 AM",Morning Ride,Ride,"",2348,4.80,166.0,7,,,The raider,activities/10867088899.fit.gz,,9.5,2348.0,1340.0,4804.2,15.488,3.585,107.0,93.0,520.2,694.0,15.4,1.8,,,,,,138.0,,153.0,268.0,,17.0,7.0,,,,,,,,,,,0.0,,0.0,,1.0,,1698883200.0,1.0,17.5,17.3,13.1,0.75,1013.9,0.9,1.8,107.0,0.0,1698887040.0,1698928256.0,0.625,10404546.0,,0.0,1.0,0.24,21033.0,0.0,,,,,0.0,2.046,2980.7,,,,,,,,,,,,,,,,,,,,,media/63cb81e7-d7bc-47dc-909d-19e328494826.jpg|media/85acadc0-d9a1-4a4e-8854-c8a6175d7ade.jpg
10145407482,"Nov 2, 2023, 12:23:59 AM",Morning Mountain Bike Ride,Ride,"",1148,4.08,170.0,7,,,The raider,activities/10866968278.fit.gz,,18.0,1148.0,991.0,4081.4,10.634,4.118,47.0,74.0,598.4,664.2,40.7,-0.4,,,,,,146.0,,140.0,246.0,,16.0,7.0,,,,,,,,,,,0.0,,0.0,,1.0,,1698883200.0,1.0,17.6,17.4,12.9,0.74,1013.9,1.0,2.8,108.0,0.0,1698887040.0,1698928256.0,0.625,10404546.0,,0.0,1.0,0.24,22163.0,0.0,,0.0,4.3,3.3,0.0,3.555,3614.7,,,,,,,,,,,,,,,,,,,,,media/faac59cd-0547-453e-bc17-74be9e9833ea.mp4
10145341144,"Nov 1, 2023, 11:44:56 PM",Morning Ride,Ride,"",2199,10.12,171.0,8,,,The raider,activities/10866899446.fit.gz,,9.5,2199.0,2102.0,10127.5,11.39,4.818,78.0,58.0,556.8,630.2,23.5,-0.1,,,,,,132.0,,164.0,388.0,,18.0,8.0,,,,,,,,,,,0.0,,0.0,,1.0,,1698879616.0,1.0,17.8,17.6,12.8,0.72,1013.4,1.0,2.4,113.0,0.0,1698887040.0,1698928256.0,0.625,10404546.0,,0.0,1.0,0.35,22375.0,0.0,,,,,0.0,4.605,5941.0,,,,,,,,,,,,,,,,,,,,,""
10139731906,"Nov 1, 2023, 3:19:27 AM",Morning Ride,Ride,"",1283,5.51,176.0,8,,,The raider,activities/10861010492.fit.gz,,9.5,1283.0,1283.0,5510.9,6.962,4.295,50.0,16.0,566.0,607.8,11.2,0.6,,,,,,145.0,,152.0,301.0,,24.0,8.0,,,,,,,,,,,0.0,,0.0,,1.0,,1698807552.0,1.0,21.6,21.7,14.5,0.64,1016.3,0.9,3.2,89.0,0.0,1698800640.0,1698841984.0,0.625,10404546.0,,0.52,1.0,0.16,22131.0,2.0,,,,,0.0,4.295,320.2,,,,,,,,,,,,,,,,,,,,,""
10139607382,"Nov 1, 2023, 12:26:16 AM",Morning Ride,Ride,"",7065,40.14,175.0,29,,,The raider,activities/10860877501.fit.gz,,9.5,7065.0,7026.0,40139.2,12.095,5.713,210.0,243.0,554.8,602.2,4.8,-0.1,,,,,,134.0,,183.0,1119.0,,18.0,29.0,,,,,,,,,,,0.0,,0.0,,1.0,,1698796800.0,1.0,17.3,17.0,12.1,0.72,1014.6,0.9,1.6,141.0,0.0,1698800640.0,1698841984.0,0.625,10404546.0,,0.53,1.0,0.16,20984.0,0.0,,,,,0.0,5.681,4096.9,,,,,,,,,,,,,,,,,,,,,""
10133698159,"Oct 31, 2023, 12:04:34 AM",Morning Ride,Ride,"",5089,27.46,181.0,31,,,The raider,activities/10854700317.fit.gz,,9.5,5089.0,4694.0,27463.7,15.296,5.851,169.0,183.0,560.0,659.2,29.8,0.0,,,,,,145.0,,202.0,925.0,,20.0,31.0,,,,,,,,,,,0.0,,0.0,,1.0,,1698710400.0,1.0,18.6,18.5,13.3,0.71,1013.5,1.0,2.4,111.0,0.0,1698714240.0,1698755584.0,0.625,10404546.0,,0.42,1.0,0.16,21174.0,0.0,,,,,0.0,5.397,14026.3,,,,,,,,,,,,,,,,,,,,,""
10116303165,"Oct 28, 2023, 3:32:33 AM",Morning Ride,Ride,"",1010,4.00,169.0,4,,,The raider,activities/10836439284.fit.gz,,9.5,1010.0,1010.0,4005.5,6.267,3.966,44.0,4.0,577.4,620.0,13.0,0.5,,,,,,137.0,,157.0,215.0,,24.0,4.0,,,,,,,,,,,0.0,,0.0,,1.0,,1698461952.0,1.0,21.8,21.8,14.1,0.62,1015.5,0.7,2.8,84.0,0.0,1698454912.0,1698496512.0,0.5,10404546.0,,0.29,1.0,0.27,22216.0,2.0,,,,,0.0,3.966,348.2,,,,,,,,,,,,,,,,,,,,,""
10116174267,"Oct 28, 2023, 12:38:32 AM",Morning Ride,Ride,"",6939,31.01,170.0,19,,,The raider,activities/10836301874.fit.gz,,9.5,6939.0,6148.0,31015.3,15.6,5.045,207.0,238.0,547.4,652.4,8.0,-0.1,,,,,,123.0,,165.0,847.0,,17.0,19.0,,,,,,,,,,,0.0,,0.0,,1.0,,1698451200.0,1.0,17.6,17.1,10.9,0.65,1013.7,0.8,1.9,137.0,0.0,1698454912.0,1698496512.0,0.5,10404546.0,,0.0,1.0,0.08,21456.0,0.0,,,,,0.0,4.47,14302.8,,,,,,,,,,,,,,,,,,,,,media/ec8de91d-9046-47b5-9a8f-3d62ae773872.jpg|media/627aee06-382b-4916-a3a0-c842bae916dc.jpg
10105898588,"Oct 26, 2023, 4:40:26 AM",Morning Ride,Ride,"",2430,6.67,169.0,8,,,The raider,activities/10825576055.fit.gz,,9.5,2430.0,1615.0,6671.9,8.188,4.131,53.0,13.0,571.0,623.8,13.6,0.8,,,,,,142.0,,156.0,341.0,,33.0,8.0,,,,,,,,,,,0.0,,0.0,,1.0,,1698292736.0,2.0,24.5,24.7,14.9,0.55,1017.6,1.8,4.6,84.0,0.0,1698282112.0,1698323712.0,0.375,10404546.0,,0.33,1.0,0.5,22239.0,4.0,,,,,0.0,2.746,3859.0,,,,,,,,,,,,,,,,,,,,,""
10105701180,"Oct 26, 2023, 3:05:11 AM",Morning Ride,Ride,"",792,3.51,158.0,2,,,The raider,activities/10825365660.fit.gz,,9.5,792.0,681.0,3517.6,10.002,5.165,12.0,15.0,566.2,577.2,5.0,-0.3,,,,,,130.0,,168.0,131.0,,24.0,2.0,,,,,,,,,,,0.0,,0.0,,1.0,,1698289152.0,2.0,22.1,22.3,14.7,0.63,1017.5,1.0,3.0,87.0,0.0,1698282112.0,1698323712.0,0.375,10404546.0,,0.0,1.0,0.48,21816.0,2.0,,,,,0.0,4.441,1391.8,,,,,,,,,,,,,,,,,,,,,""
10105577565,"Oct 26, 2023, 12:19:24 AM",Morning Ride,Ride,"",7545,40.36,173.0,23,,,The raider,activities/10825234950.fit.gz,,9.5,7545.0,6946.0,40360.1,12.55,5.811,205.0,240.0,553.4,608.0,9.6,-0.1,,,,,,127.0,,188.0,964.0,,20.0,23.0,,,,,,,,,,,0.0,,0.0,,1.0,,1698278400.0,2.0,19.0,18.7,12.3,0.65,1015.2,0.8,1.9,131.0,0.0,1698282112.0,1698323712.0,0.375,10404546.0,,0.0,1.0,0.58,21165.0,0.0,,,,,0.0,5.349,3688.9,,,,,,,,,,,,,,,,,,,,,media/9e32217b-b329-4b6c-b2f9-7622139c2bac.jpg|media/eb287d0e-b8c3-4c45-93ab-4bf6abf8f9bb.jpg
10096407608,"Oct 24, 2023, 3:34:21 AM",Morning Ride,Ride,"",1237,5.26,171.0,7,,,The raider,activities/10815740476.fit.gz,,9.5,1237.0,1194.0,5260.9,7.084,4.406,47.0,17.0,553.4,596.4,7.9,0.6,,,,,,142.0,,160.0,271.0,,,7.0,,,,,,,,,,,0.0,,0.0,,1.0,,1698116352.0,1.0,22.7,23.1,16.0,0.66,1015.0,1.0,3.1,92.0,0.0,1698109312.0,1698151040.0,0.375,10404546.0,,0.29,1.0,0.32,22215.0,2.0,,,,,0.0,4.253,1436.8,,,,,,,,,,,,,,,,,,,,,""
10093632293,"Oct 24, 2023, 12:53:05 AM",Morning Ride,Ride,"",6461,36.24,168.0,29,,,The raider,activities/10812849467.fit.gz,,9.5,6461.0,6426.0,36241.3,12.685,5.64,293.0,321.0,549.2,648.6,9.9,-0.1,,,,,,134.0,,201.0,1026.0,,,29.0,,,,,,,,,,,0.0,,0.0,,1.0,,1698105600.0,1.0,20.0,20.1,14.4,0.7,1013.4,0.9,1.7,137.0,0.0,1698109312.0,1698151040.0,0.375,10404546.0,,0.0,1.0,0.36,21306.0,0.0,,,,,0.0,5.609,15970.7,,,,,,,,,,,,,,,,,,,,,""
10040477212,"Oct 15, 2023, 1:26:42 AM",Morning Run,Run,,4404,10.13,188.0,103,,,Saucony Hurricane 23 Stable Hurricane,activities/10757497832.fit.gz,,,4404.0,4318.0,10130.1,4.456,2.346,116.0,114.0,573.8,633.4,18.5,0.0,,,115.0,72.0,,172.0,,330.0,1144.0,,26.0,103.0,1426543.0,,,,,,,,340.0,4405.0,,,0.0,,1.0,10362.8,1697331584.0,1.0,20.4,21.0,16.6,0.79,1012.9,0.5,1.4,234.0,0.0,1697331456.0,1697373824.0,0.0,,9758854.0,0.53,1.0,0.25,19118.0,0.0,,,,,0.0,2.3,0.0,,,,10330.0,,,,,,,,,,,,,,,,,""
9985339018,"Oct 6, 2023, 3:53:05 AM",Morning Ride,Ride,"",1167,5.38,145.0,1,true,,The raider,activities/10700083979.fit.gz,,9.5,1167.0,1144.0,5379.9,10.168,4.703,54.0,19.0,553.4,600.4,10.8,0.7,,,,,,90.0,,185.0,93.0,,,1.0,,,,,,,,,,,0.0,,1.0,,1.0,,1696561152.0,2.0,22.7,24.2,19.6,0.83,1012.6,0.9,2.7,294.0,0.0,1696553728.0,1696596608.0,0.875,10404546.0,,0.4,1.0,0.51,13420.0,2.0,,,,,0.0,4.61,1447.3,,,,,,,,,,,,,,,,,,,,,""
9985168503,"Oct 6, 2023, 2:21:48 AM",Morning Ride,Ride,"",799,5.02,181.0,5,true,,The raider,activities/10699904712.fit.gz,,9.5,799.0,784.0,5021.3,11.766,6.405,28.0,53.0,559.0,601.2,5.7,-0.5,,,,,,131.0,,221.0,150.0,,,5.0,,,,,,,,,,,0.0,,1.0,,1.0,,1696557568.0,2.0,20.9,22.1,19.1,0.9,1012.2,1.1,2.6,264.0,0.0,1696553728.0,1696596608.0,0.875,10404546.0,,0.36,1.0,0.53,10432.0,1.0,,,,,0.0,6.285,877.8,,,,,,,,,,,,,,,,,,,,,""
9978784036,"Oct 5, 2023, 1:06:25 AM",Morning Mountain Bike Ride,Ride,,1321,3.74,175.0,6,,,The raider,activities/10693257791.fit.gz,,18.0,1321.0,1098.0,3741.9,9.912,3.408,41.0,71.0,599.0,662.4,13.8,-0.4,,,,,,141.0,,119.0,279.0,,20.0,6.0,,,,,,,,,,,,,0.0,,1.0,,1696467584.0,3.0,19.8,20.8,18.4,0.91,1012.2,1.0,2.3,254.0,0.0,1696467328.0,1696510208.0,0.75,10404546.0,,0.25,1.0,0.78,9695.0,0.0,,0.0,3.5,3.9,0.0,2.833,3633.9,,,,,,,,,,,,,,,,,,,,,""
9978716805,"Oct 5, 2023, 12:31:11 AM",Morning Ride,Ride,"",2085,7.67,167.0,8,,,The raider,activities/10693188283.fit.gz,,9.5,2085.0,1886.0,7673.4,8.574,4.069,84.0,28.0,571.0,642.8,38.3,0.5,,,,,,136.0,,156.0,378.0,,21.0,8.0,,,,,,,,,,,0.0,,0.0,,1.0,,1696464000.0,3.0,20.0,21.0,18.7,0.92,1011.6,1.2,2.7,252.0,0.0,1696467328.0,1696510208.0,0.75,10404546.0,,0.25,1.0,0.84,9308.0,0.0,,,,,0.0,3.68,6281.4,,,,,,,,,,,,,,,,,,,,,""
9978602858,"Oct 5, 2023, 12:24:41 AM",Morning Ride,Ride,"",391,2.41,138.0,1,,,The raider,activities/10693071062.fit.gz,,9.5,391.0,391.0,2417.3,11.856,6.182,11.0,31.0,569.2,592.0,7.3,-0.9,,,,,,119.0,,177.0,62.0,,,1.0,,,,,,,,,,,0.0,,0.0,,1.0,,1696464000.0,3.0,20.0,21.0,18.7,0.92,1011.6,1.2,2.7,252.0,0.0,1696467328.0,1696510208.0,0.75,10404546.0,,0.25,1.0,0.84,9308.0,0.0,,,,,0.0,6.182,990.5,,,,,,,,,,,,,,,,,,,,,""
9946154221,"Sep 30, 2023, 12:56:43 AM",Morning Run,Run,"",2212,4.01,178.0,18,,,Saucony Hurricane 23 Stable Hurricane,activities/10659057555.fit.gz,,,2212.0,2117.0,4011.1,3.328,1.895,4.0,3.0,5.0,8.8,4.4,0.0,,,79.0,67.0,,147.0,,247.0,389.0,,29.0,18.0,509371.0,,,,,,,,281.0,2213.0,0.0,,0.0,,1.0,4021.6,1696032000.0,3.0,25.6,28.3,22.3,0.82,1006.7,2.5,6.1,233.0,0.0,1696033664.0,1696077056.0,0.625,,9758854.0,0.67,5.0,0.98,21989.0,0.0,,,,,0.0,1.813,0.0,,,,4532.0,,,,,,,,,,,,,,,,,""
9915063005,"Sep 25, 2023, 12:01:29 AM",Morning Ride,Ride,"",5496,30.68,182.0,23,,,Black Gold,activities/10626519462.fit.gz,,9.5,5496.0,5027.0,30687.2,17.316,6.104,227.0,234.0,564.8,658.6,18.3,0.0,,,146.0,58.0,,134.0,,96.0,635.0,,22.0,23.0,488173.0,,,,,,,,140.0,5417.0,0.0,,0.0,,1.0,,1695600000.0,3.0,21.5,22.9,19.8,0.9,1009.2,1.4,3.4,246.0,0.6,1695603200.0,1695646720.0,0.375,7940261.0,,0.85,5.0,0.79,15839.0,0.0,,,,,0.0,5.584,11209.7,,,,,,,,,,,,,,,,,,,,,""
9901990163,"Sep 23, 2023, 2:26:56 AM",Morning Ride,Ride,"",5684,6.18,173.0,8,,,The raider,activities/10612759943.fit.gz,,9.5,5684.0,1585.0,6183.0,8.416,3.901,48.0,14.0,560.0,604.4,45.5,0.5,,,,,,138.0,,146.0,312.0,,26.0,8.0,,,,,,,,,,,0.0,,0.0,,1.0,,1695434368.0,3.0,22.0,23.7,20.5,0.91,1010.1,1.6,3.4,252.0,0.0,1695430400.0,1695474048.0,0.375,10404546.0,,0.94,5.0,0.97,10757.0,1.0,,,,,0.0,1.088,2196.6,,,,,,,,,,,,,,,,,,,,,""
9901811115,"Sep 23, 2023, 12:01:21 AM",Morning Ride,Ride,"",6766,11.20,166.0,10,,,The raider,activities/10612567472.fit.gz,,9.5,6766.0,2266.0,11201.2,10.788,4.943,32.0,71.0,546.4,638.2,9.8,-0.8,,,,,,133.0,,146.0,391.0,,23.0,10.0,,,,,,,,,,,0.0,,0.0,,1.0,,1695427200.0,5.0,21.7,23.4,20.4,0.92,1008.8,1.1,2.2,243.0,0.6,1695430400.0,1695474048.0,0.375,10404546.0,,0.93,5.0,0.97,11203.0,0.0,,,,,0.0,1.656,8538.8,,,,,,,,,,,,,,,,,,,,,""
9792200597,"Sep 6, 2023, 12:09:18 AM",Morning Ride,Ride,,4036,21.90,161.0,15,,,Black Gold,activities/10497470843.fit.gz,,9.5,4036.0,3981.0,21901.3,11.99,5.501,147.0,125.0,565.0,621.8,30.3,0.1,,,101.0,56.0,,130.0,,88.0,467.0,,22.0,15.0,351622.0,,,,,,,,120.0,4037.0,,,0.0,,1.0,,1693958400.0,3.0,20.9,22.2,19.4,0.91,1006.4,2.9,5.8,261.0,0.0,1693961472.0,1694006144.0,0.875,7940261.0,,0.0,1.0,0.64,16078.0,0.0,,,,,0.0,5.426,9888.4,,,,,,,,,,,,,,,,,,,,,""
9791947715,"Sep 6, 2023, 12:05:44 AM",Morning Ride,Ride,,223,1.48,134.0,0,,,Black Gold,activities/10497206114.fit.gz,,9.5,223.0,223.0,1488.2,12.822,6.673,9.0,15.0,575.4,589.6,12.1,-0.6,,,84.0,52.0,,118.0,,77.0,25.0,,,0.0,17967.0,,,,,,,,98.0,224.0,,,0.0,,1.0,,1693958400.0,2.0,21.1,22.5,19.6,0.91,1006.4,2.6,5.6,261.0,0.0,1693961472.0,1694006144.0,0.875,7940261.0,,0.38,5.0,0.61,16048.0,0.0,,,,,0.0,6.673,431.5,,,,,,,,,,,,,,,,,,,,,""
9772296948,"Sep 3, 2023, 1:04:42 AM",Satara Hill Half Marathon 2023,Run,"Very sunny, hence there was more exertion.",11725,21.47,188.0,83,,,Saucony Hurricane 23 Stable Hurricane,activities/10476451616.fit.gz,,,11725.0,11716.0,21478.5,3.958,1.833,434.0,434.0,672.6,1052.2,13.8,0.0,,,118.0,64.0,,149.0,,240.0,2179.0,,28.0,83.0,2779440.0,,,,,8.0,,,259.0,11727.0,0.0,504.0,0.0,,1.0,22475.5,1693702784.0,3.0,20.7,21.8,18.8,0.89,1008.7,1.0,2.2,281.0,0.2,1693702272.0,1693746944.0,0.625,,9758854.0,0.65,5.0,0.72,11851.7,0.0,,,,,0.0,1.832,0.0,,,,24336.0,,,,,,,,,,,,,,,,,media/79098af2-95ac-4824-aefd-14a09af7bf89.jpg|media/6cd7beda-fbe9-4f21-8840-c1182a8e1ff3.jpg|media/937b240f-08f0-4973-92f8-186cbb47a2b6.jpg
9727850191,"Aug 27, 2023, 1:32:20 AM",Morning Run,Run,,5999,12.02,178.0,100,,,Saucony Hurricane 23 Stable Hurricane,activities/10429322151.fit.gz,,,5999.0,5568.0,12024.7,3.396,2.16,104.0,93.0,547.8,597.4,41.1,0.1,,,80.0,75.0,,165.0,,315.0,1262.0,,,100.0,1754761.0,,,,,,,,313.0,5880.0,,,0.0,,1.0,12206.1,1693097984.0,3.0,21.9,23.4,19.8,0.88,1009.9,2.7,5.1,246.0,0.0,1693097344.0,1693142656.0,0.375,,9758854.0,0.71,5.0,0.69,14277.0,0.0,,,,,0.0,2.004,2432.2,,,,13816.0,,,,,,,,,,,,,,,,,""
9721312456,"Aug 26, 2023, 1:55:03 AM",Morning Run,Run,,2798,5.02,190.0,48,,,Saucony Hurricane 23 Stable Hurricane,activities/10422384182.fit.gz,,,2798.0,2461.0,5026.6,8.188,2.043,27.0,1.0,557.0,586.4,7.6,0.6,,,80.0,72.0,,168.0,,294.0,544.0,,,48.0,691652.0,,,,,,,,309.0,2801.0,,,0.0,,1.0,5120.6,1693011584.0,3.0,21.9,23.6,20.4,0.91,1008.4,2.4,4.5,245.0,0.0,1693010944.0,1693056256.0,0.375,,9758854.0,0.58,5.0,0.81,15086.0,0.0,,,,,0.0,1.797,4282.6,,,,5576.0,,,,,,,,,,,,,,,,,""
9709240880,"Aug 24, 2023, 1:23:45 AM",Morning Run,Run,,2357,5.01,190.0,49,,,Saucony Hurricane 23 Stable Hurricane,activities/10409613050.fit.gz,,,2357.0,2048.0,5010.7,4.286,2.447,84.0,84.0,577.2,604.0,12.0,-0.1,,,88.0,76.0,,172.0,,369.0,545.0,,,49.0,745883.0,,,,,,,,347.0,2358.0,,,0.0,,1.0,5155.3,1692838784.0,3.0,21.5,22.8,19.4,0.88,1007.9,2.3,6.0,248.0,0.2,1692838144.0,1692883584.0,0.25,,9758854.0,0.7,5.0,0.84,15071.0,0.0,,,,,0.0,2.126,43.4,,,,5094.0,,,,,,,,,,,,,,,,,""
9682421503,"Aug 20, 2023, 1:44:58 AM",Morning Run,Run,,2267,5.03,189.0,47,,,Saucony Hurricane 23 Stable Hurricane,activities/10380684495.fit.gz,,,2267.0,2142.0,5030.1,4.888,2.348,86.0,85.0,576.4,597.8,11.2,0.0,,,111.0,76.0,,169.0,,356.0,554.0,,,47.0,758480.0,,,,,,,,353.0,2268.0,,,0.0,,1.0,5174.4,1692493184.0,3.0,21.5,23.0,20.0,0.91,1007.4,2.5,6.6,265.0,0.0,1692492416.0,1692538112.0,0.125,,9758854.0,0.63,5.0,0.96,12526.1,0.0,,,,,0.0,2.219,0.0,,,,5354.0,,,,,,,,,,,,,,,,,""
9669867183,"Aug 18, 2023, 1:33:39 AM",Morning Run,Run,,1868,4.01,181.0,17,,,Saucony Hurricane 23 Stable Hurricane,activities/10367385521.fit.gz,,,1868.0,1702.0,4013.5,3.712,2.358,10.0,22.0,558.4,582.8,11.4,-0.3,,,82.0,75.0,,158.0,,323.0,387.0,,,17.0,545774.0,,,,,,,,310.0,1869.0,,,0.0,,1.0,4013.3,1692320384.0,3.0,21.3,22.6,19.6,0.9,1008.9,2.7,6.1,273.0,0.0,1692319616.0,1692365440.0,0.125,,9758854.0,0.42,5.0,0.75,15149.0,0.0,,,,,0.0,2.149,243.8,,,,4196.0,,,,,,,,,,,,,,,,,""
9656577136,"Aug 16, 2023, 2:09:38 AM",Morning Run,Run,,1341,3.02,186.0,29,,,Saucony Hurricane 23 Stable Hurricane,activities/10353396504.fit.gz,,,1341.0,1234.0,3019.5,3.64,2.447,55.0,52.0,579.0,598.6,8.6,0.0,,,83.0,75.0,,171.0,,,320.0,,25.0,29.0,,,,,,,,,,,,,0.0,,1.0,3104.4,1692151168.0,3.0,22.3,23.8,19.9,0.86,1011.2,2.2,4.8,247.0,0.0,1692146816.0,1692192640.0,0.0,,9758854.0,0.37,5.0,0.8,15454.9,1.0,,,,,0.0,2.252,0.0,,,,3056.0,,,,,,,,,,,,,,,,,""
9649166110,"Aug 15, 2023, 1:13:22 AM",Morning Walk,Walk,,682,0.94,156.0,2,,,Saucony Hurricane 23 Stable Hurricane,activities/10345627508.fit.gz,,,682.0,682.0,945.1,2.719,1.386,26.0,9.0,576.8,596.8,41.1,2.0,,,55.0,52.0,,131.0,,,111.0,,24.0,2.0,,,,,,,,,,,,,0.0,,1.0,,1692061184.0,3.0,21.5,22.9,19.7,0.9,1009.8,2.5,4.6,241.0,0.0,1692060416.0,1692106368.0,0.0,,9758854.0,0.0,1.0,0.97,14498.4,0.0,,,,,0.0,1.386,146.8,,,,1200.0,,,,,,,,,,,,,,,,,""
9649129737,"Aug 15, 2023, 12:51:15 AM",Morning Run,Run,,1260,3.01,186.0,24,,,Saucony Hurricane 23 Stable Hurricane,activities/10345589311.fit.gz,,,1260.0,1257.0,3011.4,4.342,2.396,9.0,24.0,584.4,601.0,9.4,-0.5,,,78.0,74.0,,165.0,,,313.0,,24.0,24.0,,,,,,,,,,,,,0.0,,1.0,2994.9,1692057600.0,3.0,21.9,23.3,19.7,0.87,1009.3,2.3,4.3,248.0,0.0,1692060416.0,1692106368.0,0.0,,9758854.0,0.44,5.0,0.97,14953.7,0.0,,,,,0.0,2.39,850.3,,,,3100.0,,,,,,,,,,,,,,,,,""
9629822746,"Aug 12, 2023, 1:36:08 AM",Morning Run,Run,,2929,6.01,182.0,32,,,Saucony Hurricane 23 Stable Hurricane,activities/10325222738.fit.gz,,,2929.0,2900.0,6011.3,4.046,2.073,15.0,18.0,549.2,568.4,5.8,-0.1,,,78.0,69.0,,149.0,,,605.0,,26.0,32.0,,,,,,,,,,,,,0.0,,1.0,6022.7,1691801984.0,2.0,21.3,22.6,19.6,0.9,1010.8,2.4,5.6,258.0,0.0,1691801088.0,1691847296.0,0.875,,9758854.0,0.46,5.0,0.59,15307.3,0.0,,,,,0.0,2.052,6012.0,,,,6596.0,,,,,,,,,,,,,,,,,""
9623787322,"Aug 11, 2023, 1:48:56 AM",Morning Run,Run,,3190,6.01,185.0,25,,,Saucony Hurricane 23 Stable Hurricane,activities/10318826420.fit.gz,,,3190.0,3133.0,6015.3,3.896,1.92,18.0,17.0,553.6,569.6,5.3,0.0,,,79.0,62.0,,145.0,,,584.0,,25.0,25.0,,,,,,,,,,,,,0.0,,1.0,6034.9,1691715584.0,3.0,21.1,22.6,20.0,0.94,1010.8,2.1,4.4,258.0,0.0,1691714688.0,1691760896.0,0.875,,9758854.0,0.46,5.0,0.64,15656.2,0.0,,,,,0.0,1.886,5386.0,,,,6544.0,,,,,,,,,,,,,,,,,""
9617113638,"Aug 10, 2023, 1:14:52 AM",Morning Walk,Walk,,3875,5.05,159.0,9,,,Saucony Hurricane 23 Stable Hurricane,activities/10311772081.fit.gz,,,3875.0,3613.0,5049.9,3.461,1.398,113.0,115.0,595.2,685.8,19.6,-0.1,,,123.0,54.0,,112.0,,,465.0,,27.0,9.0,,,,,,,,,,,,,0.0,,1.0,,1691629184.0,3.0,22.0,23.6,20.2,0.9,1011.0,2.5,5.0,256.0,0.0,1691628288.0,1691674496.0,0.875,,9758854.0,0.41,5.0,0.96,14844.5,0.0,,,,,0.0,1.303,4104.7,,,,6444.0,,,,,,,,,,,,,,,,,""
9534562160,"Jul 27, 2023, 10:50:32 PM",Morning Ride,Ride,"",4731,32.59,157.0,14,,,Shanyon,activities/10224487307.fit.gz,,9.5,4731.0,4715.0,32592.7,12.726,6.913,83.0,94.0,-2.8,15.2,12.7,0.0,,,120.0,66.0,,124.0,,92.0,571.0,,27.0,14.0,434209.0,,,,,,,,115.0,4732.0,0.0,,0.0,,1.0,,1690495232.0,3.0,24.4,26.7,21.9,0.86,1011.4,1.2,2.8,144.0,0.0,1690499072.0,1690541696.0,0.375,10794160.0,,0.43,5.0,0.76,16998.4,0.0,,,,,0.0,6.889,0.0,,,,,,,,,,,,,,,,,,,,,""
9528651848,"Jul 27, 2023, 12:19:05 AM",Morning Ride,Ride,"",3291,6.23,154.0,3,,,Shanyon,activities/10218265660.fit.gz,,9.5,3291.0,987.0,6238.3,11.96,6.32,18.0,13.0,-1.0,15.8,42.3,0.1,,,87.0,60.0,,130.0,,79.0,108.0,,29.0,3.0,79350.0,,,,,,,,94.0,1223.0,0.0,,0.0,,1.0,,1690416000.0,3.0,24.9,27.5,22.4,0.86,1013.4,1.1,2.1,157.0,0.0,1690412672.0,1690455296.0,0.375,10794160.0,,0.0,1.0,0.67,21514.9,0.0,,,,,0.0,1.896,0.0,,,,,,,,,,,,,,,,,,,,,""
9528471160,"Jul 26, 2023, 10:52:48 PM",Morning Ride,Ride,"",5155,36.10,183.0,23,,,Shanyon,activities/10218077725.fit.gz,,9.5,5155.0,4875.0,36099.5,15.346,7.405,99.0,109.0,-1.4,15.8,26.2,0.0,,,109.0,70.0,,140.0,,114.0,695.0,,27.0,23.0,560175.0,,,,,,,,148.0,5156.0,0.0,,0.0,,1.0,,1690408832.0,3.0,23.9,26.4,22.2,0.9,1012.5,1.2,2.1,162.0,0.0,1690412672.0,1690455296.0,0.375,10794160.0,,0.0,1.0,0.79,20535.8,0.0,,,,,0.0,7.003,0.0,,,,,,,,,,,,,,,,,,,,,""
9522107150,"Jul 26, 2023, 12:10:06 AM",Morning Ride,Ride,"",1475,9.13,151.0,4,,,Shanyon,activities/10211378355.fit.gz,,9.5,1475.0,1475.0,9135.3,11.5,6.193,24.0,24.0,2.4,13.0,10.1,0.0,,,97.0,61.0,,128.0,,91.0,175.0,,27.0,4.0,133272.0,,,,,,,,116.0,1476.0,0.0,,0.0,,1.0,,1690329600.0,3.0,24.9,27.9,23.3,0.91,1012.8,0.7,2.4,191.0,0.4,1690326272.0,1690368896.0,0.25,10794160.0,,0.62,5.0,0.74,19299.2,0.0,,,,,0.0,6.193,0.0,,,,,,,,,,,,,,,,,,,,,""
9522106858,"Jul 25, 2023, 10:46:21 PM",Morning Ride,Ride,"",4808,37.38,158.0,19,,,Shanyon,activities/10211377994.fit.gz,,9.5,4808.0,4808.0,37385.0,12.232,7.776,95.0,102.0,-3.6,12.8,14.5,0.0,,,110.0,74.0,,138.0,,115.0,697.0,,26.0,19.0,557320.0,,,,,,,,129.0,4809.0,0.0,,0.0,,1.0,,1690322432.0,3.0,24.0,26.8,23.0,0.94,1011.8,1.0,2.0,162.0,0.2,1690326272.0,1690368896.0,0.25,10794160.0,,0.59,5.0,0.95,19295.5,0.0,,,,,0.0,7.776,0.0,,,,,,,,,,,,,,,,,,,,,""
9515645790,"Jul 25, 2023, 12:19:50 AM",Morning Ride,Ride,"",3703,9.13,158.0,5,,,Shanyon,activities/10204588869.fit.gz,,9.5,3703.0,1617.0,9129.2,11.648,5.646,28.0,26.0,3.0,17.8,48.6,0.1,,,91.0,63.0,,131.0,,78.0,169.0,,28.0,5.0,123263.0,,,,,,,,102.0,2007.0,0.0,,0.0,,1.0,,1690243200.0,1.0,24.4,27.2,23.0,0.92,1012.3,1.2,2.8,164.0,0.0,1690239872.0,1690282496.0,0.125,10794160.0,,0.55,5.0,0.04,20809.6,0.0,,,,,0.0,2.465,0.0,,,,,,,,,,,,,,,,,,,,,media/41F784BF-DD84-4502-B285-71B7BCEC6E4F.jpg|media/467C2DDE-F3D2-414C-A3FA-F98C7A414919.jpg
9515645605,"Jul 24, 2023, 10:45:04 PM",Morning Ride,Ride,"",5524,42.34,178.0,37,,,Shanyon,activities/10204588635.fit.gz,,9.5,5524.0,5365.0,42340.3,14.573,7.892,119.0,126.0,-1.4,17.0,27.8,0.0,,,111.0,74.0,,145.0,,131.0,859.0,,26.0,37.0,703376.0,,,,,,,,156.0,5525.0,0.0,,0.0,,1.0,,1690236032.0,1.0,23.5,26.1,22.6,0.94,1011.1,1.1,1.8,161.0,0.0,1690239872.0,1690282368.0,0.125,10794160.0,,0.58,5.0,0.16,15493.3,0.0,,,,,0.0,7.665,0.0,,,,,,,,,,,,,,,,,,,,,""
9503372881,"Jul 22, 2023, 11:14:37 PM",Morning Ride,Ride,"",11629,42.84,161.0,25,,,Shauntain bike,activities/10191646411.fit.gz,,9.5,11629.0,7441.0,42844.7,10.514,5.758,79.0,77.0,0.2,15.8,8.7,0.0,,,105.0,68.0,,129.0,,173.0,1167.0,,29.0,25.0,,,,,,,,,,,0.0,,0.0,,1.0,,1690066816.0,2.0,24.4,26.5,21.5,0.84,1012.3,1.0,1.8,138.0,0.0,1690067072.0,1690109568.0,0.125,12898758.0,,0.0,1.0,0.38,23090.8,0.0,,,,,0.0,3.684,0.0,,,,,,,,,,,,,,,,,,,,,""
9497194054,"Jul 21, 2023, 11:34:24 PM",Morning Ride,Ride,"",14339,69.12,169.0,51,,,Shanyon,activities/10185005150.fit.gz,,9.5,14339.0,9100.0,69124.5,12.754,7.596,169.0,170.0,6.6,31.0,40.2,0.0,,,110.0,74.0,,142.0,,116.0,1312.0,,29.0,51.0,1049074.0,,,,,,,,134.0,9877.0,0.0,,0.0,,1.0,,1689980416.0,1.0,24.2,26.3,21.3,0.84,1011.6,1.4,2.6,148.0,0.0,1689980672.0,1690023168.0,0.125,10794160.0,,0.0,1.0,0.15,24856.1,0.0,,,,,0.0,4.821,0.0,,,,,,,,,,,,,,,,,,,,,""
9459259410,"Jul 16, 2023, 2:58:52 AM",Morning Ride,Ride,"",4427,8.82,148.0,6,,,The raider,activities/10144926667.fit.gz,,9.5,4427.0,1898.0,8825.0,10.328,4.65,50.0,41.0,550.8,606.6,7.4,-0.2,,,86.0,60.0,,132.0,,136.0,351.0,,27.0,6.0,,,,,,,,,,,0.0,,0.0,,1.0,,1689472768.0,3.0,22.8,24.6,20.6,0.88,1008.3,2.7,6.9,247.0,0.0,1689467776.0,1689515136.0,0.0,10404546.0,,0.73,5.0,0.96,12713.2,1.0,,,,,0.0,1.993,2436.4,,,,,,,,,,,,,,,,,,,,,""
9459259351,"Jul 16, 2023, 2:21:43 AM",Morning Mountain Bike Ride,Ride,"",2214,5.63,167.0,7,,,The raider,activities/10144926616.fit.gz,,13.0,2214.0,1536.0,5637.8,11.688,3.67,66.0,146.0,553.6,659.0,44.4,-0.9,,,246.0,59.0,,140.0,,101.0,402.0,,23.0,7.0,,,,,,,,,,,0.0,,0.0,,1.0,,1689472768.0,3.0,22.8,24.6,20.6,0.88,1008.3,2.7,6.9,247.0,0.0,1689467776.0,1689515136.0,0.0,10404546.0,,0.73,5.0,0.96,12713.2,1.0,,0.0,5.7,4.0,0.0,2.546,3561.9,,,,,,,,,,,,,,,,,,,,,media/41d07a49-da83-4c60-af40-4db55a36a4c5.jpg|media/aaf11816-52d9-4739-92ab-5ef13c7ab10f.jpg
9459042349,"Jul 16, 2023, 1:22:34 AM",Morning Ride,Ride,"",3532,13.19,150.0,10,,,The raider,activities/10144696298.fit.gz,,9.5,3532.0,3222.0,13198.8,12.28,4.096,116.0,55.0,559.6,664.8,24.6,0.3,,,135.0,61.0,,127.0,,130.0,528.0,,23.0,10.0,,,,,,,,,,,0.0,,0.0,,1.0,,1689469184.0,3.0,22.4,24.1,20.5,0.89,1007.7,2.5,6.5,252.0,0.0,1689467776.0,1689515136.0,0.0,10404546.0,,0.73,5.0,0.96,13913.5,0.0,,,,,0.0,3.737,6476.9,,,,,,,,,,,,,,,,,,,,,""
9447246591,"Jul 14, 2023, 1:56:08 AM",Morning Ride,Ride,"",3312,12.47,179.0,14,,,The raider,activities/10132235665.fit.gz,,9.5,3312.0,2904.0,12474.2,11.23,4.296,113.0,108.0,581.4,667.4,29.1,-0.2,,,174.0,60.0,,136.0,,130.0,566.0,,24.0,14.0,,,,,,,,,,,0.0,,0.0,,1.0,,1689296384.0,3.0,22.5,24.3,20.6,0.89,1007.3,2.8,6.5,254.0,0.0,1689294976.0,1689342336.0,0.875,10404546.0,,0.85,5.0,0.81,14502.8,0.0,,,,,0.0,3.766,8771.1,,,,,,,,,,,,,,,,,,,,,media/3fd51dfb-ca22-40a6-9b15-7d6c6c388690.jpg
9434806573,"Jul 12, 2023, 2:18:51 AM",Morning Ride,Ride,,5212,9.06,176.0,11,,,Black Gold,activities/10119169864.fit.gz,,9.5,5212.0,1915.0,9066.8,13.838,4.735,123.0,127.0,587.2,683.2,15.5,0.1,,,228.0,48.0,,136.0,,91.0,359.0,,25.0,11.0,,,,,,,,,,,,,0.0,,1.0,,1689127168.0,3.0,22.7,24.4,20.5,0.88,1007.3,3.0,7.3,255.0,0.0,1689122176.0,1689169536.0,0.875,7940261.0,,0.64,5.0,0.99,14468.0,1.0,,,,,0.0,1.74,5611.2,,,,,,,,,,,,,,,,,,,,,""
9421966947,"Jul 10, 2023, 1:53:01 AM",Morning Mountain Bike Ride,Ride,"",4525,10.01,197.0,38,,,The raider,activities/10105644404.fit.gz,,13.0,4525.0,2928.0,10015.0,10.403,3.42,131.0,164.0,547.8,663.6,44.0,0.4,,,169.0,53.0,,153.0,,114.0,557.0,,24.0,38.0,,,,,,,,,,,0.0,,0.0,,1.0,,1688950784.0,3.0,22.0,23.6,20.0,0.88,1007.2,2.6,6.6,248.0,0.0,1688949248.0,1688996736.0,0.875,10404546.0,,0.0,1.0,0.93,12488.0,0.0,,0.0,14.8,3.8,0.0,2.213,5941.2,,,,,,,,,,,,,,,,,,,,,""
9415540386,"Jul 9, 2023, 2:11:19 AM",Morning Ride,Ride,"",8086,36.62,169.0,31,,,The raider,activities/10098817221.fit.gz,,9.5,8086.0,7521.0,36622.0,13.256,4.869,263.0,259.0,559.2,657.8,18.4,0.0,,,110.0,62.0,,131.0,,145.0,1150.0,,25.0,31.0,,,,,,,,,,,0.0,,0.0,,1.0,,,,,,,,,,,,,,,,10404546.0,,,,,,,,,,,0.0,4.529,15415.9,,,,,,,,,,,,,,,,,,,,,""
9415274032,"Jul 9, 2023, 2:01:25 AM",Morning Ride,Ride,"",468,0.93,134.0,0,,,The raider,activities/10098534799.fit.gz,,9.5,468.0,238.0,930.2,7.184,3.908,6.0,7.0,591.8,605.8,8.0,0.6,,,78.0,53.0,,111.0,,122.0,50.0,,24.0,0.0,,,,,,,,,,,0.0,,0.0,,1.0,,,,,,,,,,,,,,,,10404546.0,,,,,,,,,,,0.0,1.988,0.0,,,,,,,,,,,,,,,,,,,,,""
9394497087,"Jul 5, 2023, 2:41:55 PM",Evening Workout,Workout,,707,0,146.0,2,,,,activities/10076599728.fit.gz,,,707.0,707.0,0.0,0.0,0.0,0.0,,,,0.0,0.0,,,,,,122.0,,,121.0,,31.0,2.0,,,,,,,,,,,,,0.0,,1.0,,,,,,,,,,,,,,,,,,,,,,,,,,,0.0,0.0,0.0,,,,,,,,,,,,,,,,,,,,,""
9383975800,"Jul 4, 2023, 12:17:45 AM",Morning Ride,Ride,"",6154,31.05,180.0,27,,,The raider,activities/10065513996.fit.gz,,9.5,6154.0,5528.0,31055.9,13.767,5.618,190.0,204.0,557.6,648.6,37.0,0.0,,,,,,138.0,,174.0,958.0,,24.0,27.0,,,,,,,,,,,0.0,,0.0,,1.0,,,,,,,,,,,,,,,,10404546.0,,,,,,,,,,,0.0,5.046,9707.7,,,,,,,,,,,,,,,,,,,,,""
9378209204,"Jul 3, 2023, 1:32:29 AM",Morning Mountain Bike Ride,Ride,"",5180,16.84,175.0,24,,,The raider,activities/10059445923.fit.gz,,13.0,5180.0,4286.0,16840.3,12.226,3.929,172.0,172.0,563.4,687.6,35.8,-0.1,,,,,,137.0,,124.0,874.0,,24.0,24.0,,,,,,,,,,,0.0,,0.0,,1.0,,,,,,,,,,,,,,,,10404546.0,,,,,,,,2.0,3.8,1.5,0.0,3.251,12162.0,,,,,,,,,,,,,,,,,,,,,""
9360110226,"Jun 30, 2023, 12:52:41 AM",First ride on the MTB with the new Marzocchi Bomber Z1,Ride,"",6337,18.91,183.0,24,,,The raider,activities/10039772722.fit.gz,,9.5,6337.0,4599.0,18911.6,13.472,4.112,145.0,137.0,560.4,683.2,49.6,0.1,,,93.0,58.0,,135.0,,123.0,840.0,,22.0,24.0,,,,,,,,,,,0.0,,0.0,,1.0,,,,,,,,,,,,,,,,10404546.0,,,,,,,,,,,0.0,2.984,10432.0,,,,,,,,,,,,,,,,,,,,,media/34d7870f-5741-478e-b117-0719fd2fda4c.jpg|media/a6205e1c-ee56-48da-9558-dc0e0df826b6.jpg
9353858647,"Jun 29, 2023, 12:37:29 AM",Morning Swim,Swim,,1697,700,,,,,,activities/10033161655.fit.gz,,,1697.0,1390.0,700.0,1.564,0.504,0.0,,,,0.0,0.0,,,,24.0,,,,,196.0,,26.0,,,,,,,,,,,,,,0.0,,1.0,,,,,,,,,,,,,,,,,,,,,,,,,,,0.0,0.412,0.0,,,,,,,,,,,,,,,,,,,,,""
9322595044,"Jun 23, 2023, 11:38:55 PM",Morning Ride,Ride,,9558,55.01,174.0,38,,,Black Gold,activities/10000143648.fit.gz,,9.5,9558.0,9058.0,55011.1,11.962,6.073,310.0,316.0,554.4,611.0,18.1,0.0,,,130.0,50.0,,132.0,,83.0,1018.0,,25.0,38.0,754460.0,,,,,,,,115.0,9559.0,,,0.0,,1.0,,,,,,,,,,,,,,,,7940261.0,,,,,,,,,,,0.0,5.756,8107.6,,,,,,,,,,,,,,,,,,,,,""
9318832591,"Jun 23, 2023, 10:32:29 AM",Afternoon Swim,Swim,,2540,900,117.0,5,,,,activities/9996175336.fit.gz,,,2540.0,1221.0,900.0,6.25,0.737,0.0,,,,0.0,0.0,,,,25.0,,117.0,,,278.0,,29.0,5.0,,,,,,,,,,,,,0.0,,1.0,,,,,,,,,,,,,,,,,,,,,,,,,,,0.0,0.354,0.0,,,,,,,,,,,,,,,,,,,,,""
9304989162,"Jun 21, 2023, 2:52:57 AM",Morning Ride,Ride,,457,2.36,154.0,1,,,Black Gold,activities/9981575250.fit.gz,,9.5,457.0,457.0,2364.7,9.312,5.174,13.0,12.0,574.0,581.6,21.4,0.1,,,101.0,54.0,,138.0,,68.0,43.0,,27.0,1.0,30677.0,,,,,,,,89.0,458.0,,,0.0,,1.0,,,,,,,,,,,,,,,,7940261.0,,,,,,,,,,,0.0,5.174,1150.2,,,,,,,,,,,,,,,,,,,,,""
9304947826,"Jun 21, 2023, 12:10:04 AM",Morning Ride,Ride,,9092,50.11,180.0,34,,,Black Gold,activities/9981530794.fit.gz,,9.5,9092.0,8051.0,50112.2,18.218,6.224,234.0,279.0,546.0,619.8,42.6,-0.1,,,143.0,55.0,,135.0,,89.0,950.0,,25.0,34.0,715967.0,,,,,,,,129.0,8802.0,,,0.0,,1.0,,,,,,,,,,,,,,,,7940261.0,,,,,,,,,,,0.0,5.512,7392.5,,,,,,,,,,,,,,,,,,,,,""
9292426541,"Jun 19, 2023, 1:52:28 AM",Morning Yoga,Yoga,,2013,0,132.0,4,,,,activities/9968088576.fit.gz,,,2013.0,2013.0,0.0,0.0,0.0,0.0,,,,0.0,0.0,,,,,,102.0,,,193.0,,30.0,4.0,,,,,,,,,,,,,0.0,,1.0,,,,,,,,,,,,,,,,,,,,,,,,,,,0.0,0.0,0.0,,,,,,,,,,,,,,,,,,,,,""
9292341582,"Jun 18, 2023, 11:46:07 PM",Morning Ride,Ride,,6405,36.16,181.0,30,,,Black Gold,activities/9967999356.fit.gz,,9.5,6405.0,6293.0,36159.2,14.606,5.746,265.0,273.0,558.0,621.0,39.4,0.0,,,138.0,51.0,,137.0,,87.0,730.0,,26.0,30.0,546066.0,,,,,,,,129.0,6406.0,,,0.0,,1.0,,,,,,,,,,,,,,,,7940261.0,,,,,,,,,,,0.0,5.645,5670.4,,,,,,,,,,,,,,,,,,,,,""
9273983183,"Jun 16, 2023, 1:42:24 AM",Morning Swim,Swim,,1395,600,110.0,3,,,,activities/9948498446.fit.gz,,,1395.0,924.0,600.0,10.0,0.649,0.0,,,,0.0,0.0,,,,26.0,,110.0,,,185.0,,28.0,3.0,,,,,,,,,,,,,0.0,,1.0,,,,,,,,,,,,,,,,,,,,,,,,,,,0.0,0.43,0.0,,,,,,,,,,,,,,,,,,,,,""
9273982742,"Jun 16, 2023, 1:34:42 AM",Morning Swim,Swim,,259,175,,,,,,activities/9948497935.fit.gz,,,259.0,248.0,175.0,1.472,0.706,0.0,,,,0.0,0.0,,,,24.0,,,,,51.0,,28.0,,,,,,,,,,,,,,0.0,,1.0,,,,,,,,,,,,,,,,,,,,,,,,,,,0.0,0.676,0.0,,,,,,,,,,,,,,,,,,,,,""
9273896458,"Jun 16, 2023, 1:32:14 AM",Morning Swim,Swim,,111,75,,,,,,activities/9948408081.fit.gz,,,111.0,85.0,75.0,1.39,0.882,0.0,,,,0.0,0.0,,,,24.0,,,,,21.0,,28.0,,,,,,,,,,,,,,0.0,,1.0,,,,,,,,,,,,,,,,,,,,,,,,,,,0.0,0.676,0.0,,,,,,,,,,,,,,,,,,,,,""
9254935710,"Jun 13, 2023, 1:06:02 AM",Morning Hike,Hike,,4403,5.00,135.0,9,,,Saucony Hurricane 23 Stable Hurricane,activities/9928420688.fit.gz,,,4403.0,4366.0,5008.4,2.078,1.147,75.0,74.0,654.2,682.4,20.7,0.0,,,118.0,51.0,,104.0,,,408.0,,29.0,9.0,,,,,,,,,,,,,0.0,,1.0,,,,,,,,,,,,,,,,,9758854.0,,,,,,,,,,0.0,1.137,5008.4,,,,,,,,,,,,,,,,,,,,,""
9249051116,"Jun 12, 2023, 1:35:16 AM",Morning Yoga,Yoga,,2802,0,119.0,4,,,,activities/9922232645.fit.gz,,,2802.0,2802.0,0.0,0.0,0.0,0.0,,,,0.0,0.0,,,,,,88.0,,,173.0,,31.0,4.0,,,,,,,,,,,,,0.0,,1.0,,,,,,,,,,,,,,,,,,,,,,,,,,,0.0,0.0,0.0,,,,,,,,,,,,,,,,,,,,,""
9248844248,"Jun 11, 2023, 11:41:26 PM",Morning Ride,Ride,"",3623,14.81,177.0,22,,,The raider,activities/9922012593.fit.gz,,9.5,3623.0,3326.0,14817.6,11.351,4.455,134.0,121.0,565.0,668.8,30.0,-0.2,,,98.0,48.0,,141.0,,137.0,623.0,,25.0,22.0,,,,,,,,,,,0.0,,0.0,,1.0,,,,,,,,,,,,,,,,10404546.0,,,,,,,,,,,0.0,4.09,10198.5,,,,,,,,,,,,,,,,,,,,,""
9223627836,"Jun 7, 2023, 11:49:20 PM",Morning Ride,Ride,,5187,30.09,161.0,20,,,Black Gold,activities/9895374498.fit.gz,,9.5,5187.0,5119.0,30093.7,13.396,5.879,148.0,150.0,557.4,605.4,20.0,0.0,,,110.0,59.0,,131.0,,81.0,568.0,,24.0,20.0,419125.0,,,,,,,,123.0,5188.0,,,0.0,,1.0,,,,,,,,,,,,,,,,7940261.0,,,,,,,,,,,0.0,5.802,5205.7,,,,,,,,,,,,,,,,,,,,,""
9217656284,"Jun 7, 2023, 2:41:53 AM",Morning Yoga,Yoga,,4187,0,138.0,7,,,,activities/9889051481.fit.gz,,,4187.0,4187.0,0.0,0.0,0.0,0.0,,,,0.0,0.0,,,,,,93.0,,,286.0,,30.0,7.0,,,,,,,,,,,,,0.0,,1.0,,,,,,,,,,,,,,,,,,,,,,,,,,,0.0,0.0,0.0,,,,,,,,,,,,,,,,,,,,,""
9210861142,"Jun 6, 2023, 1:18:26 AM",Morning Hike,Hike,,2864,3.31,119.0,5,,,Saucony Hurricane 23 Stable Hurricane,activities/9881919192.fit.gz,,,2864.0,2864.0,3315.1,1.772,1.158,29.0,30.0,668.8,682.4,11.6,0.0,,,68.0,51.0,,100.0,,,254.0,,27.0,5.0,,,,,,,,,,,,,0.0,,1.0,,,,,,,,,,,,,,,,,9758854.0,,,,,,,,,,0.0,1.158,3315.1,,,,,,,,,,,,,,,,,,,,,""
9205041581,"Jun 5, 2023, 2:42:01 AM",Morning Yoga,Yoga,,3448,0,139.0,6,,,,activities/9875793487.fit.gz,,,3448.0,3448.0,0.0,0.0,0.0,0.0,,,,0.0,0.0,,,,,,100.0,,,272.0,,28.0,6.0,,,,,,,,,,,,,0.0,,1.0,,,,,,,,,,,,,,,,,,,,,,,,,,,0.0,0.0,0.0,,,,,,,,,,,,,,,,,,,,,""
9172996627,"May 30, 2023, 11:55:31 PM",Morning Ride,Ride,"",6163,33.01,178.0,31,,,Black Gold,activities/9841880448.fit.gz,,13.0,6163.0,5750.0,33016.7,17.852,5.742,222.0,237.0,550.2,647.6,18.9,0.0,,,121.0,57.0,,141.0,,94.0,695.0,,23.0,31.0,543157.0,,,,,,,,136.0,6149.0,0.0,,0.0,,1.0,,,,,,,,,,,,,,,,7940261.0,,,,,,,,,,,0.0,5.357,14467.2,,,,,,,,,,,,,,,,,,,,,""
9166778132,"May 30, 2023, 1:37:53 AM",Morning Ride,Ride,"",4030,22.34,167.0,16,,,Black Gold,activities/9835340482.fit.gz,,13.0,4030.0,3944.0,22341.0,12.876,5.665,132.0,130.0,562.0,603.6,29.4,0.0,,,96.0,57.0,,134.0,,84.0,438.0,,26.0,16.0,333874.0,,,,,,,,116.0,4031.0,0.0,,0.0,,1.0,,,,,,,,,,,,,,,,7940261.0,,,,,,,,,,,0.0,5.544,5537.2,,,,,,,,,,,,,,,,,,,,,""
9097918350,"May 19, 2023, 12:23:03 AM",Morning Ride,Ride,,9133,46.04,174.0,42,,,Road sweeper,activities/9759711525.fit.gz,,13.0,9133.0,7741.0,46040.8,12.55,5.948,280.0,286.0,557.8,612.8,23.5,0.0,,,155.0,59.0,,140.0,,89.0,895.0,,25.0,42.0,690008.0,,,,,,,,119.0,8510.0,,,0.0,,1.0,,,,,,,,,,,,,,,,9402698.0,,,,,,,,,,,0.0,5.041,3821.6,,,,,,,,,,,,,,,,,,,,,""
9055311955,"May 11, 2023, 11:25:31 PM",Morning Ride,Ride,,7830,42.33,171.0,40,,,Road sweeper,activities/9714598858.fit.gz,,13.0,7830.0,7262.0,42336.2,16.702,5.83,249.0,266.0,552.8,661.4,22.5,-0.1,,,143.0,62.0,,142.0,,95.0,884.0,,25.0,40.0,692628.0,,,,,,,,124.0,7814.0,,,0.0,,1.0,,,,,,,,,,,,,,,,9402698.0,,,,,,,,,,,0.0,5.407,9379.5,,,,,,,,,,,,,,,,,,,,,""
9012805812,"May 5, 2023, 12:28:52 AM",Morning Ride,Ride,"",5579,30.56,170.0,24,,,Black Gold,activities/9669508254.fit.gz,,13.0,5579.0,5411.0,30559.2,17.236,5.648,214.0,225.0,560.2,649.8,21.5,0.0,,,110.0,60.0,,136.0,,92.0,642.0,,22.0,24.0,499262.0,,,,,,,,125.0,5561.0,0.0,,0.0,,1.0,,,,,,,,,,,,,,,,7940261.0,,,,,,,,,,,0.0,5.478,13349.7,,,,,,,,,,,,,,,,,,,,,""
9000105835,"May 3, 2023, 1:10:55 AM",Morning Ride,Ride,,2064,7.51,167.0,9,,,Road sweeper,activities/9656109570.fit.gz,,13.0,2064.0,1920.0,7518.2,15.112,3.916,130.0,109.0,584.4,702.0,24.9,0.5,,,119.0,46.0,,134.0,,90.0,222.0,,22.0,9.0,171385.0,,,,,,,,127.0,2045.0,,,0.0,,1.0,,,,,,,,,,,,,,,,9402698.0,,,,,,,,,,,0.0,3.643,5006.8,,,,,,,,,,,,,,,,,,,,,""
8994034032,"May 2, 2023, 1:29:02 AM",Morning Hike,Hike,,2408,3.03,129.0,5,,,Saucony Hurricane 23 Stable Hurricane,activities/9649697908.fit.gz,,,2408.0,2296.0,3033.3,2.398,1.321,22.0,30.0,664.0,688.6,11.0,-0.4,,,99.0,55.0,,111.0,,,219.0,,26.0,5.0,,,,,,,,,,,,,0.0,,1.0,,,,,,,,,,,,,,,,,9758854.0,,,,,,,,,,0.0,1.26,3034.2,,,,,,,,,,,,,,,,,,,,,""
8981368979,"Apr 30, 2023, 3:00:56 AM",Morning Swim,Swim,,180,50,,,,,,activities/9636187745.fit.gz,,,180.0,48.0,50.0,1.042,1.042,0.0,,,,0.0,0.0,,,27.0,23.0,,,,,22.0,,,,,,,,,,,,,,,,0.0,,1.0,,,,,,,,,,,,,,,,,,,,,,,,,,,0.0,0.278,0.0,,,,,,,,,,,,,,,,,,,,,""
8981368886,"Apr 30, 2023, 2:44:38 AM",Morning Swim,Swim,,837,400,,,,,,activities/9636187640.fit.gz,,,837.0,472.0,400.0,3.125,0.847,0.0,,,,0.0,0.0,,,42.0,28.0,,,,,160.0,,,,,,,,,,,,,,,,0.0,,1.0,,,,,,,,,,,,,,,,,,,,,,,,,,,0.0,0.478,0.0,,,,,,,,,,,,,,,,,,,,,""
8981359999,"Apr 30, 2023, 2:37:02 AM",Morning Swim,Swim,,388,200,,,,,,activities/9636178173.fit.gz,,,388.0,243.0,200.0,1.471,0.823,0.0,,,,0.0,0.0,,,30.0,23.0,,,,,69.0,,,,,,,,,,,,,,,,0.0,,1.0,,,,,,,,,,,,,,,,,,,,,,,,,,,0.0,0.515,0.0,,,,,,,,,,,,,,,,,,,,,""
8974937771,"Apr 29, 2023, 1:35:15 AM",Morning Run,Run,,2372,4.01,174.0,30,,,Saucony Hurricane 23 Stable Hurricane,activities/9629370568.fit.gz,,,2372.0,1914.0,4017.7,2.74,2.099,5.0,4.0,527.0,539.6,3.4,-0.2,,,79.0,74.0,,162.0,,,447.0,,25.0,30.0,,,,,,,,,,,,,0.0,,1.0,4012.8,,,,,,,,,,,,,,,,9758854.0,,,,,,,,,,0.0,1.694,3994.9,,,,4706.0,,,,,,,,,,,,,,,,,""
8964143376,"Apr 27, 2023, 2:07:03 AM",Morning Hike,Hike,,4745,2.51,148.0,12,,,Saucony Hurricane 23 Stable Hurricane,activities/9617909737.fit.gz,,,4745.0,3885.0,2518.9,1.647,0.648,20.0,501.0,722.4,1243.4,27.1,-19.8,,,124.0,60.0,,130.0,,,619.0,,30.0,12.0,,,,,,,,,,,,,0.0,,1.0,,,,,,,,,,,,,,,,,9758854.0,,,,,,,,,,0.0,0.531,2340.7,,,,,,,,,,,,,,,,,,,,,""
8964142599,"Apr 27, 2023, 12:32:44 AM",First ever sinhagad hike ,Hike,"",5213,2.51,170.0,27,,,Saucony Hurricane 23 Stable Hurricane,activities/9617908911.fit.gz,,,5213.0,3709.0,2511.8,1.597,0.677,462.0,3.0,711.4,1200.8,49.2,19.5,,,118.0,55.0,,151.0,,,839.0,,25.0,27.0,,,,,,,,,,,0.0,,0.0,,1.0,,,,,,,,,,,,,,,,,9758854.0,,,,,,,,,,0.0,0.482,2511.8,,,,,,,,,,,,,,,,,,,,,media/26bb3caf-c30e-47b1-b07b-5a5c395239a5.jpg|media/c15c96e4-ae48-468f-a66a-d0eac29d5aec.jpg|media/53db5084-853d-4c12-8811-b6b54be7d1fa.jpg|media/999a9375-2de5-4564-9de8-8155a8458765.jpg
8951719723,"Apr 25, 2023, 1:10:23 AM",Morning Run,Run,,1859,3.50,180.0,18,,,Saucony Hurricane 23 Stable Hurricane,activities/9604777935.fit.gz,,,1859.0,1572.0,3507.5,3.533,2.231,7.0,10.0,529.8,541.6,6.6,-0.1,,,114.0,76.0,,159.0,,,374.0,,25.0,18.0,,,,,,,,,,,,,0.0,,1.0,3521.8,,,,,,,,,,,,,,,,9758854.0,,,,,,,,,,0.0,1.887,3507.5,,,,3864.0,,,,,,,,,,,,,,,,,""
8922357760,"Apr 20, 2023, 12:45:19 AM",Morning Run,Run,,1001,2.03,183.0,14,,,Saucony Hurricane 23 Stable Hurricane,activities/9573403781.fit.gz,,,1001.0,949.0,2035.6,3.692,2.145,0.0,1.0,-16.4,-13.6,5.3,-0.1,,,79.0,76.0,,158.0,,,271.0,,28.0,14.0,,,,,,,,,,,,,0.0,,1.0,2037.9,,,,,,,,,,,,,,,,9758854.0,,,,,,,,,,0.0,2.034,0.0,,,,2364.0,,,,,,,,,,,,,,,,,""
8916682084,"Apr 19, 2023, 1:16:59 AM",Morning Walk,Walk,,2462,3.37,108.0,2,,,Saucony Hurricane 23 Stable Hurricane,activities/9567440471.fit.gz,,,2462.0,2442.0,3374.8,3.591,1.382,0.0,7.0,11.2,19.4,4.6,-0.2,,,59.0,55.0,,76.0,,,126.0,,30.0,2.0,,,,,,,,,,,,,0.0,,1.0,,,,,,,,,,,,,,,,,9758854.0,,,,,,,,,,0.0,1.371,350.1,,,,4356.0,,,,,,,,,,,,,,,,,""
8906754120,"Apr 17, 2023, 12:41:20 PM",Evening Walk,Walk,,3465,4.52,133.0,9,,,Saucony Hurricane 23 Stable Hurricane,activities/9556993614.fit.gz,,,3465.0,3465.0,4528.5,3.63,1.307,9.0,14.0,11.4,19.2,7.3,-0.1,,,106.0,54.0,,116.0,,,463.0,,31.0,9.0,,,,,,,,,,,,,0.0,,1.0,,,,,,,,,,,,,,,,,9758854.0,,,,,,,,,,0.0,1.307,0.0,,,,5978.0,,,,,,,,,,,,,,,,,""
8892093391,"Apr 15, 2023, 12:57:16 AM",Morning Walk,Walk,,6694,9.41,133.0,13,,,Saucony Hurricane 23 Stable Hurricane,activities/9541352967.fit.gz,,,6694.0,6676.0,9409.4,3.503,1.409,12.0,22.0,6.6,20.6,16.7,-0.1,,,106.0,56.0,,102.0,,,684.0,,30.0,13.0,,,,,,,,,,,,,0.0,,1.0,,,,,,,,,,,,,,,,,9758854.0,,,,,,,,,,0.0,1.406,0.0,,,,11746.0,,,,,,,,,,,,,,,,,""
8887136885,"Apr 14, 2023, 3:26:39 AM",Morning Swim,Swim,,130,125,,,,,,activities/9536098736.fit.gz,,,130.0,100.0,125.0,2.381,1.25,0.0,,,,0.0,0.0,,,23.0,21.0,,,,,53.0,,,,,,,,,,,,,,,,0.0,,1.0,,,,,,,,,,,,,,,,,,,,,,,,,,,0.0,0.962,0.0,,,,,,,,,,,,,,,,,,,,,""
8881415026,"Apr 13, 2023, 1:09:20 AM",Morning Walk,Walk,,5318,4.40,151.0,8,,,Saucony Hurricane 23 Stable Hurricane,activities/9530033123.fit.gz,,,5318.0,3339.0,4400.3,4.138,1.318,15.0,10.0,6.0,16.2,30.9,0.1,,,104.0,57.0,,111.0,,,282.0,,30.0,8.0,,,,,,,,,,,,,0.0,,1.0,,,,,,,,,,,,,,,,,9758854.0,,,,,,,,,,0.0,0.827,490.4,,,,4654.0,,,,,,,,,,,,,,,,,""
8873306291,"Apr 11, 2023, 1:06:47 PM",Evening Walk,Walk,,1033,1.22,125.0,2,,,Saucony Hurricane 23 Stable Hurricane,activities/9520930818.fit.gz,,,1033.0,985.0,1221.8,2.308,1.24,3.0,3.0,40.4,44.2,10.2,-0.1,,,76.0,53.0,,116.0,,,104.0,,30.0,2.0,,,,,,,,,,,,,0.0,,1.0,,,,,,,,,,,,,,,,,9758854.0,,,,,,,,,,0.0,1.183,0.0,,,,1672.0,,,,,,,,,,,,,,,,,""
8850970921,"Apr 8, 2023, 12:23:01 AM",Morning Ride,Ride,,4029,17.19,154.0,11,,,Road sweeper,activities/9497265960.fit.gz,,13.0,4029.0,3395.0,17193.6,10.152,5.064,92.0,100.0,551.2,604.2,22.0,-0.1,,,94.0,55.0,,127.0,,72.0,334.0,,23.0,11.0,244933.0,,,,,,,,90.0,3629.0,,,0.0,,1.0,,,,,,,,,,,,,,,,9402698.0,,,,,,,,,,,0.0,4.267,5018.9,,,,,,,,,,,,,,,,,,,,,""
8834527700,"Apr 5, 2023, 12:58:37 AM",Morning Ride,Ride,"",6279,32.50,183.0,22,,,Black Gold,activities/9479985488.fit.gz,,13.0,6279.0,5694.0,32505.0,18.16,5.709,214.0,215.0,571.4,659.0,48.7,0.0,,,185.0,57.0,,134.0,,87.0,649.0,,22.0,22.0,496767.0,,,,,,,,128.0,6232.0,0.0,,0.0,,1.0,,,,,,,,,,,,,,,,7940261.0,,,,,,,,,,,0.0,5.177,11758.7,,,,,,,,,,,,,,,,,,,,,""
8828376277,"Apr 4, 2023, 1:21:13 AM",Morning Ride,Ride,"",6608,31.06,165.0,21,,,Black Gold,activities/9473516579.fit.gz,,13.0,6608.0,6004.0,31062.8,12.928,5.174,200.0,215.0,550.4,610.2,13.3,-0.1,,,100.0,56.0,,130.0,,81.0,645.0,,23.0,21.0,486923.0,,,,,,,,110.0,6509.0,0.0,,0.0,,1.0,,,,,,,,,,,,,,,,7940261.0,,,,,,,,,,,0.0,4.701,11719.7,,,,,,,,,,,,,,,,,,,,,""
8824675647,"Apr 3, 2023, 11:58:21 AM",Afternoon Hike,Hike,,4467,5.43,151.0,12,,,Saucony Hurricane 23 Stable Hurricane,activities/9469666390.fit.gz,,,4467.0,4332.0,5432.1,2.815,1.254,27.0,119.0,601.4,697.2,16.7,-1.8,,,124.0,54.0,,118.0,,,329.0,,31.0,12.0,,,,,,,,,,,,,0.0,,1.0,,,,,,,,,,,,,,,,,9758854.0,,,,,,,,,,0.0,1.216,5005.5,,,,,,,,,,,,,,,,,,,,,""
8795196191,"Mar 29, 2023, 12:47:43 AM",Morning Ride,Ride,"",9100,41.14,214.0,333,,"",Black Gold,activities/9438572072.fit.gz,,13.0,9100.0,7320.0,41146.7,12.008,5.621,262.0,257.0,545.2,639.6,10.6,0.0,,,103.0,55.0,,189.0,,80.0,781.0,,20.0,333.0,587235.0,,,,,,,,109.0,7633.0,0.0,,0.0,,1.0,,1680048000.0,1.0,18.3,18.5,15.2,0.82,1010.7,1.1,1.5,250.0,0.0,1680051712.0,1680095872.0,0.25,7940261.0,,0.0,1.0,0.01,17996.6,0.0,,,,,0.0,4.522,6149.8,,,,,,,,,,,,,,,,,,,,,""
8789271355,"Mar 28, 2023, 2:00:59 AM",Morning Run,Run,,1002,2.00,162.0,4,,,Saucony Hurricane 23 Stable Hurricane,activities/9432347581.fit.gz,,,1002.0,955.0,2003.3,2.934,2.098,29.0,38.0,599.0,633.4,11.0,-0.5,,,83.0,75.0,,143.0,,,153.0,,24.0,4.0,,,,,,,,,,,,,0.0,,1.0,2041.1,1679968768.0,1.0,17.4,17.3,13.7,0.79,1012.5,0.9,2.4,248.0,0.0,1679965312.0,1680009472.0,0.125,,9758854.0,0.0,1.0,0.3,16537.7,0.0,,,,,0.0,1.999,1131.2,,,,2352.0,,,,,,,,,,,,,,,,,""
8783958663,"Mar 27, 2023, 1:20:29 AM",Morning Hike,Hike,,5146,5.01,137.0,9,,,Saucony Hurricane 23 Stable Hurricane,activities/9426780286.fit.gz,,,5146.0,4723.0,5011.8,2.342,1.061,120.0,109.0,601.2,689.0,39.9,0.2,,,119.0,54.0,,103.0,,,305.0,,23.0,9.0,,,,,,,,,,,,,0.0,,1.0,,1679878784.0,2.0,15.8,15.7,13.4,0.86,1012.6,1.0,2.0,242.0,0.0,1679879040.0,1679923072.0,0.125,,9758854.0,0.0,1.0,0.57,17214.5,0.0,,,,,0.0,0.974,3790.8,,,,,,,,,,,,,,,,,,,,,""
8774728369,"Mar 25, 2023, 12:52:38 PM",Evening Ride,Ride,"",2704,4.53,162.0,4,,,Black Gold,activities/9416955884.fit.gz,,13.0,2704.0,1077.0,4529.4,9.646,4.206,48.0,23.0,532.2,587.2,42.4,0.8,,,,,,134.0,,89.0,149.0,,29.0,4.0,,,,,,,,,,,0.0,,0.0,,1.0,,1679745536.0,1.0,30.4,29.0,7.6,0.24,1009.0,4.6,8.5,276.0,0.0,1679706368.0,1679750272.0,0.125,7940261.0,,0.0,1.0,0.0,21285.5,1.0,,,,,0.0,1.675,1268.8,,,,,,,,,,,,,,,,,,,,,""
8767274820,"Mar 24, 2023, 2:39:43 AM",Morning Hike,Hike,,2265,2.79,149.0,5,,,Saucony Hurricane 23 Stable Hurricane,activities/9409091348.fit.gz,,,2265.0,2245.0,2798.2,2.718,1.246,55.0,62.0,636.0,697.0,44.4,-0.3,,,119.0,55.0,,108.0,,,175.0,,26.0,5.0,,,,,,,,,,,,,0.0,,1.0,,1679623168.0,1.0,18.4,18.4,13.7,0.74,1012.5,1.2,2.7,259.0,0.0,1679619968.0,1679663744.0,0.125,,9758854.0,0.0,1.0,0.09,19537.4,0.0,,,,,0.0,1.235,2798.2,,,,,,,,,,,,,,,,,,,,,""
8755994502,"Mar 22, 2023, 2:42:21 AM",Morning Ride,Ride,"",1422,7.11,158.0,4,,,Black Gold,activities/9397259943.fit.gz,,13.0,1422.0,1343.0,7118.9,9.292,5.301,52.0,30.0,565.2,605.2,19.5,0.4,,,87.0,54.0,,130.0,,95.0,163.0,,21.0,4.0,127627.0,,,,,,,,119.0,1421.0,0.0,,0.0,,1.0,,1679450368.0,1.0,18.5,18.6,15.7,0.84,1013.3,1.6,2.6,325.0,0.0,1679447296.0,1679491072.0,0.03,7940261.0,,0.0,,0.07,16093.0,0.0,264.6,,,,0.0,5.006,2764.1,,,,,,,,,,,,,,,,,,,,,""
8755906931,"Mar 22, 2023, 12:49:36 AM",Morning Ride,Ride,"",5291,28.00,146.0,15,,,Black Gold,activities/9397166426.fit.gz,,13.0,5291.0,5098.0,28002.9,13.436,5.493,176.0,212.0,572.2,679.0,17.1,0.1,,,139.0,52.0,,123.0,,80.0,547.0,,17.0,15.0,411820.0,,,,,,,,103.0,5273.0,0.0,,0.0,,1.0,,1679443200.0,1.0,17.5,17.5,15.0,0.85,1011.6,2.1,2.8,277.0,0.0,1679447296.0,1679491072.0,0.03,7940261.0,,0.0,,0.02,16093.0,0.0,262.0,,,,0.0,5.293,12856.1,,,,,,,,,,,,,,,,,,,,,""
8744640278,"Mar 20, 2023, 2:27:40 AM",Morning Run,Run,,2730,5.00,178.0,33,,,Saucony Hurricane 23 Stable Hurricane,activities/9385394574.fit.gz,,,2730.0,2367.0,5006.6,5.318,2.115,26.0,35.0,582.0,600.6,8.2,-0.2,,,116.0,74.0,,160.0,,,432.0,,23.0,33.0,,,,,,,,,,,,,0.0,,1.0,5041.1,1679277568.0,1.0,18.3,18.6,16.6,0.89,1011.5,1.7,2.2,284.0,0.0,1679274624.0,1679318272.0,0.96,,9758854.0,0.0,,0.28,16093.0,0.0,267.6,,,,0.0,1.834,3221.7,,,,5666.0,,,,,,,,,,,,,,,,,""
8738529664,"Mar 19, 2023, 12:33:50 AM",Morning Ride,Ride,"",13318,55.15,177.0,36,,,Black Gold,activities/9378917937.fit.gz,,13.0,13318.0,10209.0,55150.5,13.36,5.402,379.0,389.0,540.6,630.0,37.7,0.0,,,116.0,51.0,,128.0,,77.0,1061.0,,19.0,36.0,790855.0,,,,,,,,111.0,11235.0,0.0,,0.0,,1.0,,1679184000.0,1.0,17.4,17.4,14.7,0.85,1010.8,1.6,2.0,262.0,0.0,1679188224.0,1679231872.0,0.92,7940261.0,,0.0,,0.05,16093.0,0.0,267.5,,,,0.0,4.141,7985.5,,,,,,,,,,,,,,,,,,,,,""
8705748425,"Mar 13, 2023, 2:29:27 AM",Morning Run,Run,,530,1.00,189.0,12,,,Saucony Hurricane 23 Stable Hurricane,activities/9344266097.fit.gz,,,530.0,430.0,1001.3,3.489,2.329,6.0,8.0,603.4,616.8,6.8,-0.6,,,84.0,79.0,,177.0,,,91.0,,26.0,12.0,,,,,,,,,,,,,0.0,,1.0,1002.5,1678672768.0,3.0,23.3,23.3,9.4,0.41,1013.7,0.9,1.3,168.0,0.0,1678670208.0,1678713344.0,0.7,,9758854.0,0.0,,0.89,16093.0,0.0,256.2,,,,0.0,1.889,119.3,,,,1084.0,,,,,,,,,,,,,,,,,""
8699539203,"Mar 12, 2023, 12:52:22 AM",Morning Hike,Hike,,8017,8.52,161.0,21,,,Saucony Hurricane 23 Stable Hurricane,activities/9337692467.fit.gz,,,8017.0,7725.0,8519.7,3.026,1.103,110.0,124.0,603.0,679.0,37.5,-0.2,,,111.0,53.0,,119.0,,,639.0,,25.0,21.0,,,,,,,,,,,,,0.0,,1.0,,1678579200.0,2.0,20.9,20.9,7.5,0.42,1013.1,1.2,1.4,267.0,0.0,1678583808.0,1678626944.0,0.66,,9758854.0,0.0,,0.45,16093.0,0.0,254.5,,,,0.0,1.063,7616.6,,,,,,,,,,,,,,,,,,,,,""
8684111329,"Mar 9, 2023, 2:56:42 AM",Morning Hike,Hike,,1678,1.96,173.0,6,,,Saucony Hurricane 23 Stable Hurricane,activities/9321539259.fit.gz,,,1678.0,1652.0,1961.1,2.978,1.187,94.0,43.0,604.4,670.2,31.9,1.4,,,119.0,55.0,,128.0,,,200.0,,27.0,6.0,,,,,,,,,,,,,0.0,,1.0,,1678327168.0,2.0,20.5,20.5,11.5,0.56,1015.8,1.5,2.8,83.0,0.0,1678324736.0,1678367616.0,0.57,,9758854.0,0.02,5.0,0.53,16093.0,0.0,263.8,,,,0.0,1.169,844.2,,,,,,,,,,,,,,,,,,,,,""
8667765122,"Mar 6, 2023, 1:11:59 AM",Morning Hike,Hike,"",4768,5.44,153.0,11,,,Saucony Hurricane 23 Stable Hurricane,activities/9304435703.fit.gz,,,4768.0,4748.0,5440.3,2.984,1.146,69.0,105.0,564.4,658.8,30.6,-0.7,,,124.0,55.0,,109.0,,,348.0,,24.0,11.0,,,,,,,,,,,0.0,,0.0,,1.0,,1678064384.0,1.0,21.1,21.1,9.1,0.46,1016.2,1.3,2.2,110.0,0.0,1678065664.0,1678108416.0,0.47,,9758854.0,0.0,,0.2,16093.0,0.0,255.4,,,,0.0,1.141,4281.4,,,,,,,,,,,,,,,,,,,,,""
8661442870,"Mar 4, 2023, 11:50:52 PM",Morning Ride,Ride,"",9577,57.64,,,,,Black Gold,activities/9297656310.fit.gz,,13.0,9577.0,8806.0,57639.2,15.444,6.545,363.0,364.0,576.2,663.4,41.4,0.0,,,162.0,61.0,,,,101.0,1122.0,,20.0,,889304.0,,,,,,,,131.0,9237.0,0.0,,0.0,,1.0,,1677970816.0,2.0,20.7,20.7,7.0,0.41,1016.1,1.1,1.6,283.0,0.0,1677979392.0,1678022016.0,0.44,7940261.0,,0.0,,0.54,16093.0,0.0,252.5,,,,0.0,6.019,3078.7,,,,,,,,,,,,,,,,,,,,,""
8645371934,"Mar 2, 2023, 3:03:52 AM",Morning Hike,Hike,"",2511,3.22,170.0,7,,,Saucony Hurricane 23 Stable Hurricane,activities/9280389952.fit.gz,,,2511.0,2369.0,3223.4,4.636,1.361,51.0,54.0,601.6,646.2,24.0,-0.1,,,124.0,57.0,,121.0,,,246.0,,27.0,7.0,,,,,,,,,,,0.0,,0.0,,1.0,,1677725952.0,1.0,22.6,22.6,5.5,0.33,1019.4,1.3,1.8,123.0,0.0,1677720320.0,1677762688.0,0.35,,9758854.0,0.0,,0.26,16093.0,1.0,262.7,,,,0.0,1.284,0.0,,,,,,,,,,,,,,,,,,,,,""
8639738369,"Mar 1, 2023, 2:58:39 AM",Morning Ride,Ride,"",908,4.27,184.0,10,,,Black Gold,activities/9274508351.fit.gz,,13.0,908.0,880.0,4277.7,8.608,4.861,74.0,22.0,565.0,645.6,32.9,1.5,,,110.0,56.0,,155.0,,103.0,196.0,,21.0,10.0,,,,,,,,,,,0.0,,0.0,,1.0,,1677635968.0,1.0,20.0,20.0,-1.9,0.23,1017.5,1.0,1.1,344.0,0.0,1677633920.0,1677676288.0,0.32,7940261.0,,0.0,,0.18,16093.0,0.0,258.3,,,,0.0,4.711,1173.3,,,,,,,,,,,,,,,,,,,,,""
8639653883,"Mar 1, 2023, 12:45:27 AM",Morning Ride,Ride,"",6322,39.55,175.0,30,,,Black Gold,activities/9274418332.fit.gz,,13.0,6322.0,5931.0,39553.1,12.796,6.669,218.0,246.0,554.6,599.4,5.3,-0.1,,,106.0,62.0,,138.0,,95.0,895.0,,18.0,30.0,,,,,,,,,,,0.0,,0.0,,1.0,,1677628800.0,1.0,19.2,19.2,-0.9,0.26,1015.4,0.9,1.1,272.0,0.0,1677633920.0,1677676288.0,0.32,7940261.0,,0.0,,0.22,16093.0,0.0,256.4,,,,0.0,6.256,3418.8,,,,,,,,,,,,,,,,,,,,,""
8622946094,"Feb 26, 2023, 2:16:14 AM",Morning Hike,Hike,"",3766,4.19,133.0,8,,,Saucony Hurricane 23 Stable Hurricane,activities/9256849404.fit.gz,,,3766.0,3545.0,4198.6,2.28,1.184,78.0,81.0,618.8,697.6,14.7,-0.2,,,113.0,53.0,,109.0,,,230.0,,25.0,8.0,,,,,,,,,,,0.0,,0.0,,1.0,,1677376768.0,1.0,19.4,19.4,-0.4,0.27,1017.9,0.9,1.4,83.0,0.0,1677374848.0,1677417088.0,0.23,,9758854.0,0.0,,0.0,16093.0,0.0,251.8,,,,0.0,1.115,3481.3,,,,,,,,,,,,,,,,,,,,,""
8607295071,"Feb 23, 2023, 2:21:09 AM",Morning Hike,Hike,,3212,4.00,126.0,4,,,Saucony Hurricane 23 Stable Hurricane,activities/9240338409.fit.gz,,,3212.0,2938.0,3999.2,2.07,1.361,62.0,69.0,501.2,563.4,24.5,-0.2,,,112.0,55.0,,90.0,,,171.0,,24.0,4.0,,,,,,,,,,,,,0.0,,1.0,,1677117568.0,1.0,18.4,18.4,4.3,0.39,1015.0,0.7,1.2,119.0,0.0,1677115776.0,1677157760.0,0.13,,9758854.0,0.0,,0.01,16093.0,0.0,246.7,,,,0.0,1.245,3999.2,,,,,,,,,,,,,,,,,,,,,""
8568933322,"Feb 16, 2023, 12:32:49 AM",Morning Ride,Ride,,10410,43.74,154.0,21,,,Road sweeper,activities/9199108165.fit.gz,,13.0,10410.0,8036.0,43743.3,11.444,5.443,265.0,251.0,545.4,602.4,21.7,0.0,,,172.0,46.0,,116.0,,66.0,745.0,,16.0,21.0,532618.0,,,,,,,,94.0,8363.0,,,0.0,,1.0,,1676505600.0,1.0,16.3,16.3,-2.7,0.27,1013.8,0.8,1.1,67.0,0.0,1676511232.0,1676552832.0,0.86,9402698.0,,0.0,,0.0,16093.0,0.0,249.7,,,,0.0,4.202,2219.2,,,,,,,,,,,,,,,,,,,,,""
8568498812,"Feb 16, 2023, 12:30:55 AM",Morning Ride,Ride,"",123,0.67,130.0,0,,,The ultimate canyon,activities/9198633068.fit.gz,,13.0,123.0,123.0,672.1,8.056,5.464,5.0,5.0,505.2,511.8,4.0,-0.2,,,,,,117.0,,77.0,12.0,,22.0,0.0,,,,,,,,,,,0.0,,0.0,,1.0,,1676505600.0,1.0,16.3,16.3,-2.7,0.27,1013.8,0.8,1.1,67.0,0.0,1676511232.0,1676552832.0,0.86,10388125.0,,0.0,,0.0,16093.0,0.0,249.7,,,,0.0,5.464,287.9,,,,,,,,,,,,,,,,,,,,,""
8530093320,"Feb 9, 2023, 3:10:19 AM",Morning Ride,Ride,,4859,10.20,172.0,12,,,Road sweeper,activities/9155887427.fit.gz,,13.0,4859.0,1942.0,10203.0,10.904,5.254,99.0,46.0,598.0,649.4,39.9,0.5,,,104.0,52.0,,142.0,,77.0,202.0,,24.0,12.0,151301.0,,,,,,,,106.0,2182.0,,,0.0,,1.0,,1675911552.0,2.0,20.4,20.4,6.5,0.4,1015.5,1.0,1.6,131.0,0.0,1675906560.0,1675947776.0,0.62,9402698.0,,0.0,,0.43,16093.0,1.0,241.6,,,,0.0,2.1,1504.0,,,,,,,,,,,,,,,,,,,,,""
8529947093,"Feb 9, 2023, 1:02:13 AM",Morning Ride,Ride,"",7058,46.70,169.0,37,,,The ultimate canyon,activities/9155725249.fit.gz,,13.0,7058.0,6961.0,46706.0,12.074,6.71,313.0,313.0,568.4,649.6,47.5,0.0,,,163.0,59.0,,141.0,,112.0,961.0,,17.0,37.0,777342.0,,,,,,,,139.0,7059.0,0.0,,0.0,,1.0,,1675904384.0,2.0,16.2,16.2,6.0,0.51,1013.3,0.8,1.0,119.0,0.0,1675906560.0,1675947776.0,0.62,10388125.0,,0.0,,0.5,16093.0,0.0,239.0,,,,0.0,6.617,5740.6,,,,,,,,,,,,,,,,,,,,,media/C012C395-CEB5-49AA-8844-85D687C4722C.jpg
8485474280,"Feb 1, 2023, 12:38:56 AM",Morning Ride,Ride,,7632,34.05,172.0,20,,,Road sweeper,activities/9105153245.fit.gz,,13.0,7632.0,6506.0,34056.7,13.452,5.235,249.0,248.0,560.4,661.8,50.0,0.0,,,149.0,48.0,,124.0,,76.0,671.0,,19.0,20.0,499783.0,,,,,,,,111.0,7078.0,,,0.0,,1.0,,1675209600.0,2.0,17.0,17.0,15.0,0.88,1013.7,2.4,4.1,53.0,0.0,1675215488.0,1675256320.0,0.38,9402698.0,,0.0,,0.59,16093.0,0.0,241.6,,,,0.0,4.462,14291.4,,,,,,,,,,,,,,,,,,,,,""
8463058045,"Jan 28, 2023, 3:14:20 AM",Morning Ride,Ride,,1356,5.03,173.0,6,,,Road sweeper,activities/9080185372.fit.gz,,13.0,1356.0,1295.0,5035.8,6.984,3.889,48.0,16.0,560.0,606.2,24.1,0.1,,,100.0,50.0,,141.0,,71.0,124.0,,19.0,6.0,90925.0,,,,,,,,98.0,1357.0,,,0.0,,1.0,,1674874752.0,1.0,17.3,17.3,6.0,0.47,1014.9,1.3,2.3,118.0,0.0,1674870016.0,1674910592.0,0.25,9402698.0,,0.0,,0.0,16093.0,1.0,238.2,,,,0.0,3.714,1299.8,,,,,,,,,,,,,,,,,,,,,""
8462957722,"Jan 28, 2023, 12:26:10 AM",Morning Ride,Ride,,7854,41.52,164.0,26,,,Road sweeper,activities/9080073356.fit.gz,,13.0,7854.0,7669.0,41526.9,16.774,5.415,236.0,283.0,541.8,605.8,12.7,-0.1,,,100.0,47.0,,128.0,,64.0,695.0,,16.0,26.0,491814.0,,,,,,,,93.0,7855.0,,,0.0,,1.0,,1674864000.0,1.0,15.9,15.9,7.1,0.56,1012.3,1.3,1.7,103.0,0.0,1674870016.0,1674910592.0,0.25,9402698.0,,0.0,,0.01,16093.0,0.0,238.4,,,,0.0,5.287,2173.1,,,,,,,,,,,,,,,,,,,,,""
8431083530,"Jan 22, 2023, 3:32:41 AM",Morning Ride,Ride,"",1258,7.02,187.0,22,,,The ultimate canyon,activities/9044838272.fit.gz,,13.0,1258.0,1239.0,7028.0,10.18,5.672,49.0,24.0,561.2,600.2,19.4,0.3,,,96.0,62.0,,164.0,,107.0,164.0,,19.0,22.0,132050.0,,,,,,,,129.0,1259.0,0.0,,0.0,,1.0,,1674356352.0,1.0,17.1,17.1,8.9,0.59,1016.4,0.9,1.3,155.0,0.0,1674351616.0,1674391936.0,0.03,10388125.0,,0.0,,0.03,16093.0,1.0,237.4,,,,0.0,5.587,3609.5,,,,,,,,,,,,,,,,,,,,,""
8430962656,"Jan 22, 2023, 12:46:21 AM",Morning Ride,Ride,,6492,42.30,181.0,57,,,Road sweeper,activities/9044701178.fit.gz,,13.0,6492.0,6358.0,42300.4,15.572,6.653,277.0,301.0,574.2,661.4,39.7,0.0,,,150.0,60.0,,151.0,,115.0,900.0,,14.0,57.0,731910.0,,,,,,,,146.0,6487.0,,,0.0,,1.0,,1674345600.0,1.0,13.6,13.6,8.2,0.7,1013.8,0.8,0.9,274.0,0.0,1674351616.0,1674391936.0,0.03,9402698.0,,0.0,,0.07,16093.0,0.0,238.1,,,,0.0,6.516,7235.9,,,,,,,,,,,,,,,,,,,,,""
8284090119,"Dec 24, 2022, 12:48:48 AM",Morning Ride,Ride,"",6479,25.55,174.0,30,,,The raider,activities/8879901833.fit.gz,,13.0,6479.0,5488.0,25550.7,15.238,4.656,222.0,243.0,550.2,699.0,42.9,-0.1,,,252.0,64.0,,140.0,,143.0,854.0,,16.0,30.0,,,,,,,,,,,0.0,,0.0,,1.0,,1671840000.0,1.0,13.5,13.5,9.5,0.77,1013.1,0.5,0.6,42.0,0.0,1671845760.0,1671885312.0,0.05,10404546.0,,0.0,,0.2,16093.0,0.0,237.9,,,,0.0,3.944,17916.9,,,,,,,,,,,,,,,,,,,,,media/BB9D81E6-8D8B-4326-BAC4-8F65CF3857A2.jpg
8273102428,"Dec 21, 2022, 3:28:55 AM",Morning Ride,Ride,,1036,4.01,170.0,5,,,Road sweeper,activities/8867628114.fit.gz,,13.0,1036.0,962.0,4011.1,7.576,4.17,51.0,5.0,574.4,626.0,49.4,1.3,,,82.0,59.0,,143.0,,122.0,189.0,,21.0,5.0,,,,,,,,,,,,,0.0,,1.0,,1671591552.0,1.0,17.9,17.9,10.5,0.62,1014.8,1.1,1.9,99.0,0.0,1671586432.0,1671625984.0,0.93,9402698.0,,0.0,,0.31,16093.0,1.0,225.8,,,,0.0,3.872,638.0,,,,,,,,,,,,,,,,,,,,,""
8273006315,"Dec 21, 2022, 1:08:58 AM",Went off roading after a long time,Ride,"",5145,22.52,182.0,40,,,The raider,activities/8867515613.fit.gz,,13.0,5145.0,4647.0,22523.9,13.714,4.847,187.0,229.0,551.6,697.4,48.3,-0.3,,,134.0,64.0,,151.0,,151.0,882.0,,17.0,40.0,,,,,,,,,,,0.0,,0.0,,1.0,,1671584384.0,1.0,14.1,14.1,8.9,0.71,1012.8,0.9,1.3,98.0,0.0,1671586432.0,1671625984.0,0.93,10404546.0,,0.0,,0.26,16093.0,0.0,225.8,,,,0.0,4.378,15126.3,,,,,,,,,,,,,,,,,,,,,media/ADFB9F84-6713-4656-A948-2C24B7857091.jpg|media/53F75B98-A354-416B-9497-C420D60EAD8E.jpg|media/781E2850-A400-4736-87CB-E61B94733EFF.jpg
8253569981,"Dec 16, 2022, 1:30:58 AM",Morning Run,Run,,2399,5.02,194.0,56,,,Saucony Hurricane 23 Stable Hurricane,activities/8845559810.fit.gz,,,2399.0,2178.0,5026.5,4.015,2.308,13.0,15.0,559.4,576.8,12.6,-0.1,,,85.0,77.0,,173.0,,,464.0,,22.0,56.0,,,,,,,,,,,,,0.0,,1.0,5033.3,1671152384.0,1.0,19.3,19.9,19.3,1.0,1012.9,1.0,1.4,76.0,0.0,1671154304.0,1671193856.0,0.76,,9758854.0,0.0,,0.13,16093.0,0.0,239.7,,,,0.0,2.095,5026.5,,,,,,,,,,,,,,,,,,,,,""
8238224734,"Dec 12, 2022, 1:22:23 AM",Morning Run,Run,,2338,5.02,183.0,47,,,Saucony Hurricane 23 Stable Hurricane,activities/8828405754.fit.gz,,,2338.0,2195.0,5020.1,3.296,2.287,11.0,13.0,562.0,576.8,7.3,-0.1,,,83.0,77.0,,169.0,,,479.0,,24.0,47.0,,,,,,,,,,,,,0.0,,1.0,5026.7,1670806784.0,3.0,19.6,20.1,18.6,0.94,1011.0,2.0,3.1,93.0,0.0,1670808576.0,1670848256.0,0.64,,9758854.0,0.07,5.0,1.0,16093.0,0.0,242.1,,,,0.0,2.147,5020.1,,,,,,,,,,,,,,,,,,,,,""
8229572334,"Dec 10, 2022, 12:41:43 AM",Morning Hike,Hike,"",5213,5.52,161.0,11,,,Saucony Hurricane 23 Stable Hurricane,activities/8818574766.fit.gz,,,5213.0,4860.0,5521.9,1.78,1.136,83.0,89.0,635.0,671.0,19.3,-0.1,,,107.0,53.0,,111.0,,,454.0,,21.0,11.0,,,,,,,,,,,0.0,,0.0,,1.0,,1670630400.0,2.0,10.6,10.6,6.5,0.76,1012.1,1.3,1.8,97.0,0.0,1670635648.0,1670675456.0,0.58,,9758854.0,0.0,,0.68,16093.0,0.0,247.5,,,,0.0,1.059,4653.9,,,,,,,,,,,,,,,,,,,,,media/570B7580-7C14-4706-90A4-DA854E4D7ED6.jpg|media/8B60E850-ACB5-4A38-BF01-5B4926738036.jpg|media/EB402F59-E636-4A84-AD41-A265B390B65E.jpg|media/A7445F3F-F606-40A3-983E-0A84C8C2B054.jpg
8200036457,"Dec 3, 2022, 4:41:57 AM",Morning Ride,Ride,,1714,7.03,166.0,6,,,Road sweeper,activities/8784760373.fit.gz,,13.0,1714.0,1556.0,7038.9,9.704,4.524,55.0,26.0,576.4,616.8,26.6,0.5,,,81.0,46.0,,138.0,,62.0,136.0,,25.0,6.0,95560.0,,,,,,,,90.0,1707.0,,,0.0,,1.0,,1670040064.0,1.0,23.6,23.6,13.7,0.54,1015.1,1.6,2.4,76.0,0.0,1670030592.0,1670070528.0,0.35,9402698.0,,0.0,,0.14,16093.0,3.0,246.6,,,,0.0,4.107,3588.6,,,,,,,,,,,,,,,,,,,,,""
8199940258,"Dec 3, 2022, 12:28:47 AM",Morning Ride,Ride,"",11831,66.35,187.0,47,,,The ultimate canyon,activities/8784650368.fit.gz,,13.0,11831.0,9653.0,66356.1,19.332,6.874,401.0,440.0,552.0,646.4,13.8,-0.1,,,183.0,56.0,,137.0,,100.0,1215.0,,18.0,47.0,960039.0,,,,,,,,137.0,10704.0,0.0,,0.0,,1.0,,1670025600.0,1.0,15.8,15.8,10.4,0.7,1012.3,0.7,0.9,58.0,0.0,1670030592.0,1670070528.0,0.35,10388125.0,,0.0,,0.11,16093.0,0.0,245.2,,,,0.0,5.609,4484.7,,,,,,,,,,,,,,,,,,,,,media/5F6E233E-3A5B-4065-B9E5-921DC33CE6EE.jpg
8178473681,"Nov 28, 2022, 1:06:22 AM",Morning Hike,Hike,,4736,5.08,138.0,10,,,Saucony Hurricane 23 Stable Hurricane,activities/8760682195.fit.gz,,,4736.0,4445.0,5087.9,2.268,1.145,90.0,104.0,582.0,684.4,28.9,-0.4,,,106.0,54.0,,107.0,,,350.0,,23.0,10.0,,,,,,,,,,,,,0.0,,1.0,,1669597184.0,2.0,18.1,18.1,14.3,0.79,1010.9,0.8,1.1,114.0,0.0,1669598464.0,1669638528.0,0.18,,9758854.0,0.0,,0.39,16093.0,0.0,249.4,,,,0.0,1.074,4567.1,,,,,,,,,,,,,,,,,,,,,""
8173669415,"Nov 26, 2022, 11:46:13 PM",Bajaj Allianz Pune Half Marathon,Run,"Ran with 2:44 Pacer for the whole run. Struggled to complete a 10k last year, struggled to complete a Half Marathon this year. Also, my saucony shoes completed 1 year exactly today",9763,21.41,179.0,177,,,Saucony Hurricane 23 Stable Hurricane,activities/8755187792.fit.gz,,,9763.0,9650.0,21416.5,4.872,2.219,70.0,87.0,549.0,584.2,6.0,-0.1,,,108.0,76.0,,165.0,,,2024.0,,23.0,177.0,,,,,,,,,,,0.0,,0.0,,1.0,21457.0,1669503616.0,2.0,18.9,19.0,15.8,0.82,1009.7,0.9,1.1,346.0,0.0,1669511936.0,1669552128.0,0.14,,9758854.0,0.0,,0.56,16093.0,0.0,248.9,,,,0.0,2.194,7653.4,,,,,,,,,,,,,,,,,,,,,media/6C1D5228-0554-4BF3-A3FC-5556EA7037AF.jpg|media/B680F865-6740-4CCB-B1A1-2F585618B03F.jpg|media/73A8ADA2-F1A8-45EB-967C-9C3E17409A0B.jpg|media/7ED1AEBD-1174-4EE4-8B54-9689ED7C06F4.jpg
8160154902,"Nov 24, 2022, 12:55:35 AM",Morning Run,Run,,1372,3.00,167.0,4,,,Saucony Hurricane 23 Stable Hurricane,activities/8739902511.fit.gz,,,1372.0,1308.0,3007.9,3.456,2.3,23.0,26.0,589.8,607.4,25.9,-0.1,,,82.0,77.0,,136.0,,,220.0,,21.0,4.0,,,,,,,,,,,,,0.0,,1.0,3028.1,1669248000.0,2.0,15.9,15.9,10.6,0.71,1012.8,0.9,1.2,92.0,0.0,1669252736.0,1669292928.0,0.03,,9758854.0,0.0,,0.48,16093.0,0.0,242.9,,,,0.0,2.192,2510.5,,,,,,,,,,,,,,,,,,,,,""
8152612837,"Nov 22, 2022, 11:32:24 AM",Afternoon Run,Run,,2538,5.00,180.0,35,,,Saucony Hurricane 23 Stable Hurricane,activities/8731493488.fit.gz,,,2538.0,2281.0,5004.8,3.506,2.194,31.0,37.0,603.4,622.4,10.6,-0.1,,,81.0,76.0,,163.0,,,611.0,,25.0,35.0,,,,,,,,,,,,,0.0,,1.0,5050.3,1669114752.0,2.0,28.2,28.2,12.3,0.38,1011.3,1.6,2.0,65.0,0.0,1669079808.0,1669120128.0,0.95,,9758854.0,0.0,,0.69,16093.0,1.0,245.9,,,,0.0,1.972,2881.2,,,,,,,,,,,,,,,,,,,,,""
8109607596,"Nov 13, 2022, 2:20:46 AM",Morning Hike,Hike,,3692,4.10,141.0,8,,,Saucony Hurricane 23 Stable Hurricane,activities/8682734046.fit.gz,,,3692.0,3692.0,4103.9,1.963,1.112,90.0,95.0,591.4,684.4,25.8,-0.1,,,114.0,56.0,,109.0,,,281.0,,25.0,8.0,,,,,,,,,,,,,0.0,,1.0,,1668304768.0,2.0,16.2,16.2,12.1,0.77,1016.8,2.0,3.4,107.0,0.0,1668301952.0,1668342528.0,0.66,,9758854.0,0.0,,0.38,16093.0,0.0,267.7,,,,0.0,1.112,2367.9,,,,,,,,,,,,,,,,,,,,,""
8104451293,"Nov 12, 2022, 3:06:55 AM",Morning Walk,Walk,,1076,1.13,139.0,2,,,Saucony Hurricane 23 Stable Hurricane,activities/8676849571.fit.gz,,,1076.0,934.0,1136.0,2.392,1.216,5.0,1.0,565.8,571.0,8.7,0.2,,,62.0,58.0,,127.0,,,121.0,,26.0,2.0,,,,,,,,,,,,,0.0,,1.0,,1668221952.0,2.0,19.7,19.7,13.3,0.67,1018.0,2.6,6.3,92.0,0.0,1668215424.0,1668256128.0,0.63,,9758854.0,0.0,,0.59,16093.0,1.0,268.5,,,,0.0,1.056,223.6,,,,,,,,,,,,,,,,,,,,,""
8104451136,"Nov 12, 2022, 1:14:52 AM",Misal run,Run,"Took it Real easy today. I realised that to cover distances above 10k, i need to take it real slow with the pace, else will bonk",6575,13.03,182.0,120,,,Saucony Hurricane 23 Stable Hurricane,activities/8676849385.fit.gz,,,6575.0,5559.0,13030.7,4.4,2.344,62.0,93.0,563.0,605.0,14.4,-0.2,,,112.0,77.0,,168.0,,,1089.0,,22.0,120.0,,,,,,,,,,,0.0,,0.0,,1.0,13086.6,1668214784.0,2.0,16.3,16.3,11.1,0.71,1016.4,2.1,2.9,102.0,0.0,1668215424.0,1668256128.0,0.63,,9758854.0,0.0,,0.65,16093.0,0.0,268.3,,,,0.0,1.982,4267.2,,,,,,,,,,,,,,,,,,,,,media/EAD1E6DC-D251-4133-9639-EFFA68F3ACC0.jpg
8080368268,"Nov 7, 2022, 12:37:20 AM",Easy paced(not an easy effort😅😅) 10k,Run,Still yet to recover from Saturday’s 100k,4777,10.30,183.0,100,,,Saucony Hurricane 23 Stable Hurricane,activities/8649787504.fit.gz,,,4777.0,4126.0,10303.3,3.692,2.497,34.0,77.0,544.4,592.8,7.2,-0.4,,,119.0,78.0,,171.0,,,847.0,,21.0,100.0,,,,,,,,,,,0.0,,0.0,,1.0,10253.4,1667779200.0,2.0,14.6,14.6,9.7,0.73,1015.7,0.8,1.3,134.0,0.0,1667783296.0,1667824256.0,0.47,,9758854.0,0.0,,0.63,16093.0,0.0,263.1,,,,0.0,2.157,7215.1,,,,,,,,,,,,,,,,,,,,,""
8069845897,"Nov 5, 2022, 4:17:29 AM",Morning Ride,Ride,"",1689,7.01,168.0,6,,,The ultimate canyon,activities/8637709792.fit.gz,,13.0,1689.0,1629.0,7017.0,8.066,4.308,61.0,30.0,560.0,603.8,42.1,0.3,,,85.0,49.0,,137.0,,63.0,144.0,,26.0,6.0,101739.0,,,,,,,,89.0,1690.0,0.0,,0.0,,1.0,,1667620864.0,1.0,23.1,23.1,14.7,0.59,1018.3,2.9,5.5,101.0,0.0,1667610368.0,1667651584.0,0.41,10388125.0,,0.0,,0.0,16093.0,4.0,261.6,,,,0.0,4.155,3980.3,,,,,,,,,,,,,,,,,,,,,""
8069845945,"Nov 4, 2022, 11:26:14 PM",November fondo ride,Ride,"",14876,101.43,180.0,83,,,The ultimate canyon,activities/8637709734.fit.gz,,13.0,14876.0,14115.0,101432.6,16.85,7.186,674.0,710.0,545.0,665.0,38.7,0.0,,,105.0,63.0,,140.0,,111.0,1945.0,,17.0,83.0,1571995.0,,,,,,,,145.0,14699.0,0.0,,0.0,,1.0,,1667602816.0,1.0,14.6,14.6,10.9,0.78,1014.6,1.6,1.8,108.0,0.0,1667610496.0,1667651584.0,0.41,10388125.0,,0.0,,0.05,16093.0,0.0,260.6,,,,0.0,6.819,7311.0,,,,,,,,,,,,,,,,,,,,,media/0F6D562D-A44B-4B39-8329-BAABE2799575.jpg|media/367BE6BD-0657-4689-BB0E-38FB75C30E8F.jpg
8045694870,"Oct 31, 2022, 1:30:25 AM",Morning Hike,Hike,,3654,3.75,171.0,11,,,Saucony Hurricane 23 Stable Hurricane,activities/8610396468.fit.gz,,,3654.0,3500.0,3758.1,2.955,1.074,74.0,82.0,567.8,630.2,32.4,-0.2,,,103.0,54.0,,127.0,,,402.0,,24.0,11.0,,,,,,,,,,,,,0.0,,1.0,,1667177984.0,1.0,15.5,15.5,12.0,0.8,1014.9,0.8,1.2,138.0,0.0,1667178240.0,1667219584.0,0.23,,9758854.0,0.0,,0.13,16093.0,0.0,266.9,,,,0.0,1.028,581.1,,,,,,,,,,,,,,,,,,,,,""
8039841787,"Oct 30, 2022, 1:52:21 AM",Morning Run,Run,,396,1.04,173.0,7,,,Saucony Hurricane 23 Stable Hurricane,activities/8603610246.fit.gz,,,396.0,396.0,1047.9,3.637,2.646,1.0,2.0,563.6,567.4,3.7,-0.2,,,83.0,78.0,,164.0,,,80.0,,19.0,7.0,,,,,,,,,,,,,0.0,,1.0,1045.4,1667091584.0,1.0,14.4,14.4,11.2,0.81,1015.5,1.3,1.8,131.0,0.0,1667091840.0,1667133184.0,0.19,,9758854.0,0.0,,0.04,16093.0,0.0,271.7,,,,0.0,2.646,1049.1,,,,,,,,,,,,,,,,,,,,,""
8039826041,"Oct 30, 2022, 1:44:39 AM",Morning Walk,Walk,,386,0.41,135.0,1,,,Saucony Hurricane 23 Stable Hurricane,activities/8603592243.fit.gz,,,386.0,386.0,413.6,1.7,1.071,0.0,5.0,566.0,572.2,2.8,-1.5,,,60.0,58.0,,120.0,,,51.0,,19.0,1.0,,,,,,,,,,,,,0.0,,1.0,,1667091584.0,1.0,14.4,14.4,11.2,0.81,1015.5,1.3,1.8,131.0,0.0,1667091840.0,1667133184.0,0.19,,9758854.0,0.0,,0.04,16093.0,0.0,271.7,,,,0.0,1.071,413.6,,,,,,,,,,,,,,,,,,,,,""
8039812213,"Oct 30, 2022, 1:27:33 AM",Just not feeling up to it today,Run,"",960,2.13,175.0,12,,,Saucony Hurricane 23 Stable Hurricane,activities/8603576682.fit.gz,,,960.0,882.0,2135.1,3.264,2.421,5.0,3.0,569.6,575.4,3.5,0.2,,,80.0,77.0,,161.0,,,178.0,,20.0,12.0,,,,,,,,,,,0.0,,0.0,,1.0,2149.1,1667091584.0,1.0,14.4,14.4,11.2,0.81,1015.5,1.3,1.8,131.0,0.0,1667091840.0,1667133184.0,0.19,,9758854.0,0.0,,0.04,16093.0,0.0,271.7,,,,0.0,2.224,2135.1,,,,,,,,,,,,,,,,,,,,,""
8034752636,"Oct 29, 2022, 3:47:10 AM",Morning Ride,Ride,,1327,5.83,156.0,4,,,Road sweeper,activities/8597813678.fit.gz,,13.0,1327.0,1210.0,5835.3,10.262,4.823,56.0,14.0,573.2,617.6,48.5,0.8,,,129.0,54.0,,133.0,,77.0,125.0,,24.0,4.0,93863.0,,,,,,,,92.0,1328.0,,,0.0,,1.0,,1667012352.0,1.0,19.4,19.4,14.5,0.73,1016.7,2.0,4.2,96.0,0.0,1667005440.0,1667046912.0,0.15,9402698.0,,0.0,,0.09,16093.0,2.0,268.7,,,,0.0,4.397,1830.0,,,,,,,,,,,,,,,,,,,,,""
8034650036,"Oct 28, 2022, 11:47:13 PM",Morning Ride,Ride,"",11322,62.43,187.0,37,,,The ultimate canyon,activities/8597696143.fit.gz,,13.0,11322.0,9915.0,62438.5,14.41,6.297,375.0,407.0,556.4,666.4,30.9,0.0,,,210.0,53.0,,128.0,,84.0,1104.0,,17.0,37.0,840579.0,,,,,,,,129.0,10505.0,0.0,,0.0,,1.0,,1666998016.0,1.0,14.5,14.5,11.1,0.8,1013.6,1.3,1.9,111.0,0.0,1667005440.0,1667046912.0,0.15,10388125.0,,0.0,,0.23,16093.0,0.0,267.0,,,,0.0,5.515,9792.3,,,,,,,,,,,,,,,,,,,,,media/A4269C0B-F1E1-4941-9A13-A220DDCFA1FC.jpg
8014938540,"Oct 25, 2022, 3:06:44 AM",Morning Ride,Ride,"",1042,5.06,184.0,5,,,The ultimate canyon,activities/8575462616.fit.gz,,13.0,1042.0,1042.0,5063.3,12.416,4.859,49.0,17.0,565.2,607.2,11.5,0.6,,,128.0,51.0,,135.0,,98.0,131.0,,21.0,5.0,103240.0,,,,,,,,179.0,1043.0,0.0,,0.0,,1.0,,1666666752.0,1.0,20.3,20.3,14.4,0.69,1014.8,0.5,0.6,204.0,0.0,1666659840.0,1666701440.0,0.01,10388125.0,,0.0,,0.0,16093.0,2.0,267.8,,,,0.0,4.859,966.7,,,,,,,,,,,,,,,,,,,,,""
8014845794,"Oct 25, 2022, 12:24:06 AM",Morning Ride,Ride,"",6858,40.03,177.0,27,,,The ultimate canyon,activities/8575356799.fit.gz,,13.0,6858.0,6478.0,40030.2,14.142,6.179,234.0,255.0,558.0,605.8,42.8,0.0,,,122.0,54.0,,130.0,,90.0,757.0,,16.0,27.0,585251.0,,,,,,,,132.0,6859.0,0.0,,0.0,,1.0,,1666656000.0,1.0,16.0,16.0,12.8,0.81,1012.2,0.7,0.7,223.0,0.0,1666659840.0,1666701440.0,0.01,10388125.0,,0.0,,0.02,16093.0,0.0,266.7,,,,0.0,5.837,3981.3,,,,,,,,,,,,,,,,,,,,,media/64D5B1DE-002C-498F-8B70-9560A3E4E9ED.jpg|media/8A6F8444-DA2B-40D7-B568-F534AE1AAB32.jpg
8004877709,"Oct 23, 2022, 2:33:37 AM",Morning Hike,Hike,,4543,4.48,137.0,9,,,Saucony Hurricane 23 Stable Hurricane,activities/8563961357.fit.gz,,,4543.0,4084.0,4480.6,1.932,1.097,98.0,94.0,597.2,682.4,28.0,0.1,,,110.0,56.0,,107.0,,,326.0,,27.0,9.0,,,,,,,,,,,,,0.0,,1.0,,1666490368.0,1.0,17.8,18.2,17.6,0.99,1017.0,1.8,4.3,93.0,0.0,1666486912.0,1666528640.0,0.94,,9758854.0,0.0,,0.29,16093.0,0.0,268.2,,,,0.0,0.986,3637.1,,,,,,,,,,,,,,,,,,,,,""
7999464031,"Oct 22, 2022, 1:14:30 AM",BAPHM training run ,Run,"",5034,12.03,191.0,146,,,Saucony Hurricane 23 Stable Hurricane,activities/8557795582.fit.gz,,,5034.0,4685.0,12030.0,3.929,2.568,59.0,63.0,560.8,605.0,11.1,0.0,,,84.0,78.0,,180.0,,,1017.0,,27.0,146.0,,,,,,6.0,,,,,0.0,123.0,0.0,,1.0,12093.4,1666400384.0,2.0,20.9,22.0,20.9,1.0,1016.1,2.3,5.4,88.0,0.0,1666400512.0,1666442368.0,0.9,,9758854.0,0.0,,0.48,16093.0,0.0,269.8,,,,0.0,2.39,6927.4,,,,,,,,,,,,,,,,,,,,,media/03FBC337-0528-4506-820F-E6B1CB64F22F.jpg
7996422475,"Oct 21, 2022, 9:24:26 AM",Afternoon Ride,Ride,"",1500,5.03,163.0,3,,,The ultimate canyon,activities/8554368722.fit.gz,,13.0,1500.0,1017.0,5034.7,11.548,4.951,42.0,7.0,635.6,679.0,48.0,0.8,,,,,,139.0,,100.0,164.0,,30.0,3.0,,,,,,,,,,,0.0,,0.0,,1.0,,1666342784.0,2.0,27.6,32.1,25.2,0.87,1011.3,2.2,3.2,128.0,0.2,1666314112.0,1666355968.0,0.87,10388125.0,,0.08,5.0,0.82,15718.0,4.0,266.9,,,,0.0,3.356,1103.2,,,,,,,,,,,,,,,,,,,,,""
7990676768,"Oct 20, 2022, 2:16:10 AM",Morning Hike,Hike,,4743,4.86,135.0,10,,,Saucony Hurricane 23 Stable Hurricane,activities/8547912502.fit.gz,,,4743.0,4347.0,4861.4,2.39,1.118,90.0,99.0,579.8,683.4,42.0,-0.4,,,116.0,54.0,,112.0,,,363.0,,29.0,10.0,,,,,,,,,,,,,0.0,,1.0,,1666231168.0,2.0,21.7,22.8,21.7,1.0,1013.5,1.5,2.0,78.0,0.1,1666227712.0,1666269568.0,0.84,,9758854.0,0.07,5.0,0.84,16093.0,0.0,270.9,,,,0.0,1.025,4424.4,,,,,,,,,,,,,,,,,,,,,""
7985564136,"Oct 19, 2022, 3:11:41 AM",Morning Ride,Ride,,1529,6.09,163.0,5,,,Road sweeper,activities/8542155655.fit.gz,,13.0,1529.0,1427.0,6094.8,7.884,4.271,52.0,17.0,565.0,609.6,29.6,0.6,,,108.0,60.0,,127.0,,73.0,140.0,,26.0,5.0,103067.0,,,,,,,,100.0,1458.0,,,0.0,,1.0,,1666148352.0,3.0,22.7,23.9,22.7,1.0,1013.7,0.7,1.0,32.0,0.0,1666141312.0,1666183296.0,0.81,9402698.0,,0.05,5.0,0.99,16093.0,2.0,269.5,,,,0.0,3.986,2075.4,,,,,,,,,,,,,,,,,,,,,""
7985464272,"Oct 19, 2022, 12:35:22 AM",Morning Ride,Ride,,6840,40.30,159.0,19,,,Road sweeper,activities/8542042242.fit.gz,,13.0,6840.0,6620.0,40301.3,11.644,6.088,240.0,257.0,560.4,605.6,9.6,-0.1,,,128.0,64.0,,121.0,,84.0,732.0,,22.0,19.0,556088.0,,,,,,,,106.0,6834.0,,,0.0,,1.0,,1666137600.0,3.0,21.2,22.2,21.2,1.0,1011.6,1.2,1.5,280.0,0.2,1666141184.0,1666183296.0,0.81,9402698.0,,0.13,5.0,0.94,16093.0,0.0,269.4,,,,0.0,5.892,2414.5,,,,,,,,,,,,,,,,,,,,,""
7985463782,"Oct 19, 2022, 12:33:27 AM",Morning Ride,Ride,,116,0.71,130.0,0,,,Road sweeper,activities/8542041767.fit.gz,,13.0,116.0,116.0,709.8,8.422,6.119,4.0,6.0,598.4,603.0,4.7,-0.4,,,85.0,74.0,,123.0,,142.0,16.0,,26.0,0.0,16432.0,,,,,,,,139.0,117.0,,,0.0,,1.0,,1666137600.0,3.0,21.2,22.2,21.2,1.0,1011.6,1.2,1.5,280.0,0.2,1666141184.0,1666183296.0,0.81,9402698.0,,0.13,5.0,0.94,16093.0,0.0,269.4,,,,0.0,6.119,270.7,,,,,,,,,,,,,,,,,,,,,""
7969643125,"Oct 16, 2022, 1:26:23 AM",10k training run,Run,"Need to work more on sustainability of pace, without stoppage. Clocked almost 5 mins of stoppage today",4041,10.03,197.0,114,,,Saucony Hurricane 23 Stable Hurricane,activities/8523146029.fit.gz,,,4041.0,3766.0,10036.2,4.149,2.665,70.0,21.0,549.0,567.4,7.1,-0.1,,,86.0,78.0,,179.0,,,835.0,,26.0,114.0,,,,,,8.0,,,,,0.0,162.0,0.0,,1.0,10054.7,1665881984.0,2.0,18.8,19.3,18.5,0.98,1012.1,2.1,2.6,78.0,0.0,1665881984.0,1665924224.0,0.72,,9758854.0,0.0,,0.57,16093.0,0.0,261.4,,,,0.0,2.484,7236.9,,,,,,,,,,,,,,,,,,,,,""
7949600927,"Oct 12, 2022, 1:54:58 AM",Morning Run,Run,,503,1.19,181.0,13,,,Saucony Hurricane 23 Stable Hurricane,activities/8500533921.fit.gz,,,503.0,499.0,1190.4,3.186,2.385,0.0,2.0,565.0,568.6,11.5,-0.1,,,81.0,78.0,,175.0,,,111.0,,28.0,13.0,,,,,,,,,,,,,0.0,,1.0,1194.5,1665536384.0,5.0,20.9,22.0,20.9,1.0,1011.0,0.8,0.9,13.0,1.0,1665536384.0,1665578752.0,0.59,,9758854.0,0.53,5.0,0.99,11852.0,0.0,267.6,,,,0.0,2.367,1190.4,,,,,,,,,,,,,,,,,,,,,""
7949576626,"Oct 12, 2022, 1:20:06 AM",Morning Run,Run,,1938,5.01,197.0,34,,,Saucony Hurricane 23 Stable Hurricane,activities/8500506826.fit.gz,,,1938.0,1859.0,5016.0,3.745,2.698,8.0,8.0,565.8,577.4,3.3,0.0,,,83.0,78.0,,165.0,,,382.0,,26.0,34.0,,,,,,,,,,,,,0.0,,1.0,5023.3,1665536384.0,5.0,20.9,22.0,20.9,1.0,1011.0,0.8,0.9,13.0,1.0,1665536384.0,1665578752.0,0.59,,9758854.0,0.53,5.0,0.99,11852.0,0.0,267.6,,,,0.0,2.588,5017.0,,,,,,,,,,,,,,,,,,,,,""
7944273068,"Oct 11, 2022, 2:15:14 AM",Morning Run,Run,,1226,3.02,190.0,25,,,Saucony Hurricane 23 Stable Hurricane,activities/8494589726.fit.gz,,,1226.0,1174.0,3026.7,4.008,2.578,28.0,35.0,534.6,571.0,7.7,-0.1,,,82.0,78.0,,171.0,,,253.0,,27.0,25.0,,,,,,,,,,,,,0.0,,1.0,3065.0,1665453568.0,3.0,21.8,22.8,21.8,1.0,1011.9,1.3,2.2,69.0,0.1,1665449856.0,1665492480.0,0.56,,9758854.0,0.21,5.0,1.0,16093.0,0.0,266.9,,,,0.0,2.469,2849.4,,,,,,,,,,,,,,,,,,,,,""
7933731530,"Oct 9, 2022, 3:56:41 AM",Morning Ride,Ride,,1531,6.01,173.0,5,,,Road sweeper,activities/8482583944.fit.gz,,13.0,1531.0,1409.0,6015.9,6.902,4.27,57.0,15.0,568.0,617.4,27.3,0.8,,,73.0,46.0,,132.0,,64.0,126.0,,27.0,5.0,89748.0,,,,,,,,93.0,1532.0,,,0.0,,1.0,,1665284352.0,3.0,22.0,22.7,20.7,0.92,1012.6,1.0,1.0,270.0,0.0,1665277056.0,1665319680.0,0.49,9402698.0,,0.0,,0.88,16093.0,2.0,267.7,,,,0.0,3.929,1807.6,,,,,,,,,,,,,,,,,,,,,""
7933557495,"Oct 9, 2022, 12:06:22 AM",Morning Ride,Ride,"",8574,60.46,185.0,46,,,The ultimate canyon,activities/8482380230.fit.gz,,13.0,8574.0,8549.0,60467.2,17.112,7.073,344.0,386.0,546.2,645.8,17.0,-0.1,,,183.0,58.0,,138.0,,105.0,1128.0,,20.0,46.0,902647.0,,,,,,,,138.0,8575.0,0.0,,0.0,,1.0,,1665273600.0,3.0,18.7,19.3,18.7,1.0,1010.2,1.5,1.5,260.0,0.0,1665277056.0,1665319680.0,0.49,10388125.0,,0.0,,0.88,16093.0,0.0,265.0,,,,0.0,7.052,8963.2,,,,,,,,,,,,,,,,,,,,,media/5510EDFF-D8F2-45DE-8E58-9A1726E129BF.mp4|media/EB423D67-F34B-4FC8-98C9-6E8011A3478D.jpg
7923646018,"Oct 7, 2022, 1:48:04 AM",Morning Ride,Ride,"",5268,11.54,188.0,11,,,The ultimate canyon,activities/8471123620.fit.gz,,13.0,5268.0,1923.0,11543.2,11.86,6.003,82.0,75.0,562.4,622.4,34.9,-0.2,,,118.0,55.0,,141.0,,98.0,240.0,,23.0,11.0,190002.0,,,,,,,,140.0,2213.0,0.0,,0.0,,1.0,,1665104384.0,5.0,20.6,21.2,19.6,0.94,1007.3,2.0,3.3,257.0,0.6,1665104256.0,1665147008.0,0.42,10388125.0,,0.41,5.0,0.84,16093.0,0.0,258.9,,,,0.0,2.191,4328.3,,,,,,,,,,,,,,,,,,,,,""
7913406941,"Oct 5, 2022, 12:29:30 AM",Morning Ride,Ride,"",11369,31.16,171.0,19,,,The ultimate canyon,activities/8459601633.fit.gz,,13.0,11369.0,6107.0,31164.4,15.662,5.103,196.0,196.0,544.2,644.0,11.8,0.0,,,116.0,51.0,,124.0,,70.0,588.0,,22.0,19.0,426238.0,,,,,,,,96.0,6454.0,0.0,,0.0,,1.0,,1664928000.0,3.0,20.9,21.4,19.2,0.9,1008.9,2.2,2.5,287.0,0.0,1664931456.0,1664974208.0,0.35,10388125.0,,0.03,5.0,0.96,16093.0,0.0,262.3,,,,0.0,2.741,11093.5,,,,,,,,,,,,,,,,,,,,,""
7892093945,"Oct 1, 2022, 1:31:44 AM",Morning Walk,Walk,,1562,2.30,184.0,10,,,Saucony Hurricane 23 Stable Hurricane,activities/8435570435.fit.gz,,,1562.0,1562.0,2303.0,2.316,1.474,1.0,12.0,566.6,579.0,7.0,-0.4,,,61.0,56.0,,138.0,,,200.0,,26.0,10.0,,,,,,,,,,,,,0.0,,1.0,,1664585984.0,2.0,21.8,22.6,21.6,0.99,1010.2,2.0,2.3,274.0,0.2,1664585728.0,1664628864.0,0.2,,9758854.0,0.18,5.0,0.78,16093.0,0.0,263.4,,,,0.0,1.474,2257.1,,,,,,,,,,,,,,,,,,,,,""
7892033481,"Oct 1, 2022, 1:11:07 AM",Funny stomach run ,Run,"",1175,2.71,189.0,28,,,Saucony Hurricane 23 Stable Hurricane,activities/8435502924.fit.gz,,,1175.0,1079.0,2709.5,3.313,2.511,9.0,1.0,571.2,582.4,5.1,0.3,,,83.0,77.0,,174.0,,,234.0,,24.0,28.0,,,,,,,,,,,0.0,,0.0,,1.0,2734.0,1664585984.0,2.0,21.8,22.6,21.6,0.99,1010.2,2.0,2.3,274.0,0.2,1664585728.0,1664628864.0,0.2,,9758854.0,0.18,5.0,0.78,16093.0,0.0,263.4,,,,0.0,2.306,2194.3,,,,,,,,,,,,,,,,,,,,,""
7862590807,"Sep 25, 2022, 5:19:13 AM",Morning Ride,Ride,,915,4.93,182.0,9,,,Road sweeper,activities/8402365255.fit.gz,,13.0,915.0,898.0,4937.1,10.128,5.498,50.0,10.0,573.4,619.0,11.2,0.9,,,92.0,54.0,,155.0,,113.0,124.0,,29.0,9.0,100705.0,,,,,,,,142.0,908.0,,,0.0,,1.0,,1664082048.0,2.0,25.5,26.4,23.3,0.88,1011.3,3.1,4.0,256.0,0.0,1664067328.0,1664110848.0,0.99,9402698.0,,0.0,,0.63,16093.0,6.0,274.9,,,,0.0,5.396,2915.1,,,,,,,,,,,,,,,,,,,,,""
7862506938,"Sep 24, 2022, 11:05:14 PM",Saw 3 digits on the odometer after 3 months ,Ride,"",20001,100.76,182.0,64,,,Road sweeper,activities/8402265802.fit.gz,,13.0,20001.0,15623.0,100766.5,17.066,6.45,622.0,664.0,541.6,650.2,16.9,-0.1,,,174.0,56.0,,133.0,,82.0,1708.0,,23.0,64.0,1292131.0,,,,,,,,115.0,16858.0,0.0,,0.0,,1.0,,1664060416.0,2.0,19.7,20.4,19.7,1.0,1009.0,1.9,2.6,246.0,0.0,1664067328.0,1664110848.0,0.99,9402698.0,,0.03,5.0,0.68,16093.0,0.0,273.9,,,,0.0,5.038,8404.5,,,,,,,,,,,,,,,,,,,,,media/DFB27CB9-9642-4B61-926E-2B5559338FC3.jpg|media/1EAA75F0-46EC-4A3F-94D6-D23A5D8BA9D5.jpg|media/64CB8C87-14DA-4BD1-8BE2-626CC7D2D8D4.mp4
7857115320,"Sep 24, 2022, 3:41:34 AM",Morning Ride,Ride,"",2615,11.73,187.0,22,,,The ultimate canyon,activities/8396149890.fit.gz,,13.0,2615.0,2064.0,11738.1,13.93,5.687,106.0,90.0,573.4,629.2,20.7,0.3,,,129.0,57.0,,155.0,,90.0,245.0,,26.0,22.0,190316.0,,,,,,,,115.0,2507.0,0.0,,0.0,,1.0,,1663988352.0,2.0,21.7,22.5,21.5,0.99,1011.9,3.0,4.5,256.0,0.0,1663980928.0,1664024448.0,0.96,10388125.0,,0.02,5.0,0.42,16093.0,2.0,274.6,,,,0.0,4.489,3373.1,,,,,,,,,,,,,,,,,,,,,""
7856994604,"Sep 24, 2022, 12:26:02 AM",Dehu rd ride. Took the canyon out after 2 whole months,Ride,"",8666,58.78,201.0,80,,,The ultimate canyon,activities/8396007898.fit.gz,,13.0,8666.0,7558.0,58779.0,18.916,7.777,325.0,353.0,544.0,648.8,19.3,-0.1,,,127.0,66.0,,154.0,,121.0,1114.0,,22.0,80.0,913751.0,,,,,,,,152.0,8017.0,0.0,,0.0,,1.0,,1663977600.0,2.0,19.3,19.9,19.1,0.99,1010.0,2.1,2.4,240.0,0.1,1663980928.0,1664024448.0,0.96,10388125.0,,0.04,5.0,0.61,16093.0,0.0,272.2,,,,0.0,6.783,7468.6,,,,,,,,,,,,,,,,,,,,,media/9586B6F5-87F4-430C-BDBD-A94B8E502F70.mp4|media/47314E0C-B503-4FCE-B5A8-A144A3B4BEAB.jpg|media/AB9AB6B2-1274-45B0-A62B-31872997CFEC.jpg|media/696671A8-1FA9-459B-958C-4E983C1F6C20.mp4
7841696076,"Sep 21, 2022, 1:54:13 AM",Morning Run,Run,,763,2.02,194.0,18,,,Saucony Hurricane 23 Stable Hurricane,activities/8378847649.fit.gz,,,763.0,756.0,2019.3,4.291,2.671,16.0,23.0,580.6,603.8,7.3,-0.3,,,83.0,78.0,,172.0,,,174.0,,25.0,18.0,,,,,,,,,,,,,0.0,,1.0,2033.7,1663721984.0,3.0,20.1,20.6,18.9,0.93,1010.1,2.8,4.5,276.0,0.0,1663721728.0,1663765504.0,0.86,,9758854.0,0.05,5.0,0.89,16093.0,0.0,270.4,,,,0.0,2.646,315.1,,,,,,,,,,,,,,,,,,,,,""
7825588628,"Sep 18, 2022, 3:44:46 AM",Morning Ride,Ride,,420,1.65,157.0,1,,,Road sweeper,activities/8360688658.fit.gz,,13.0,420.0,420.0,1656.1,5.981,3.943,52.0,26.0,591.2,627.2,29.3,1.3,,,,,,137.0,,190.0,78.0,,24.0,1.0,,,,,,,,,,,,,0.0,,1.0,,1663469952.0,2.0,22.6,23.4,22.0,0.97,1011.0,2.5,3.8,253.0,0.0,1663462400.0,1663506304.0,0.77,9402698.0,,0.04,5.0,0.86,16093.0,2.0,272.3,,,,0.0,3.943,1563.8,,,,,,,,,,,,,,,,,,,,,""
7825552423,"Sep 18, 2022, 12:28:34 AM",Morning Ride,Ride,,10480,50.41,189.0,42,,,Road sweeper,activities/8360646295.fit.gz,,13.0,10480.0,9165.0,50417.0,12.39,5.501,270.0,285.0,548.2,617.0,12.6,-0.1,,,144.0,63.0,,135.0,,79.0,965.0,,21.0,42.0,721415.0,,,,,,,,134.0,9981.0,,,0.0,,1.0,,1663459200.0,3.0,21.1,21.7,20.0,0.93,1009.1,1.9,2.4,244.0,0.1,1663462400.0,1663506304.0,0.77,9402698.0,,0.06,5.0,0.89,16093.0,0.0,271.4,,,,0.0,4.811,11856.0,,,,,,,,,,,,,,,,,,,,,""
7820052286,"Sep 17, 2022, 2:00:45 AM",Morning Walk,Walk,,3494,2.37,142.0,4,,,Saucony Hurricane 23 Stable Hurricane,activities/8354426074.fit.gz,,,3494.0,1940.0,2370.6,2.928,1.222,14.0,19.0,572.0,594.0,22.7,-0.4,,,60.0,55.0,,111.0,,,187.0,,28.0,4.0,,,,,,,,,,,,,0.0,,1.0,,1663379968.0,3.0,21.7,22.6,21.7,1.0,1007.8,2.8,5.3,245.0,0.0,1663376000.0,1663420032.0,0.74,,9758854.0,0.15,5.0,0.9,5567.0,1.0,269.4,,,,0.0,0.678,1184.3,,,,,,,,,,,,,,,,,,,,,""
7788263985,"Sep 11, 2022, 2:14:33 AM",Morning Hike,Hike,,7656,5.09,171.0,15,,,Saucony Hurricane 23 Stable Hurricane,activities/8318684571.fit.gz,,,7656.0,4967.0,5095.0,2.177,1.026,228.0,220.0,797.6,1031.4,34.7,-0.1,,,114.0,54.0,,121.0,,,507.0,,29.0,15.0,,,,,,,,,,,,,0.0,,1.0,,1662861568.0,3.0,21.2,22.1,21.2,1.0,1004.7,1.4,3.7,249.0,0.0,1662857600.0,1662901888.0,0.54,,9758854.0,0.13,5.0,0.99,15601.0,1.0,268.5,,,,0.0,0.665,3131.3,,,,,,,,,,,,,,,,,,,,,""
7756300674,"Sep 5, 2022, 1:25:29 AM",Morning Run,Run,"",2058,5.01,191.0,49,,,Saucony Hurricane 23 Stable Hurricane,activities/8282645730.fit.gz,,,2058.0,1981.0,5010.1,4.044,2.529,10.0,19.0,564.6,578.4,5.6,-0.1,,,89.0,77.0,,173.0,,,441.0,,27.0,49.0,,,,,,,,,,,0.0,,0.0,,1.0,5013.3,1662339584.0,3.0,22.1,23.0,22.1,1.0,1008.5,2.3,3.9,281.0,0.0,1662339072.0,1662383872.0,0.32,,9758854.0,0.08,5.0,0.98,16093.0,0.0,268.4,,,,0.0,2.434,3674.3,,,,,,,,,,,,,,,,,,,,,media/1F82C834-03F9-454B-8FE9-EEE83AAD0AE0.jpg|media/D4934B90-F0B3-4C6B-9CC8-3441D9F3B2FA.jpg
7744890179,"Sep 3, 2022, 3:04:31 AM",Morning Ride,Ride,,429,2.38,173.0,2,,,Road sweeper,activities/8269628631.fit.gz,,13.0,429.0,429.0,2380.3,8.474,5.549,9.0,16.0,564.6,575.0,4.6,-0.4,,,93.0,65.0,,146.0,,83.0,47.0,,27.0,2.0,36053.0,,,,,,,,125.0,430.0,,,0.0,,1.0,,1662173952.0,2.0,23.9,24.8,22.9,0.94,1010.0,0.8,1.2,65.0,0.0,1662166272.0,1662211200.0,0.25,9402698.0,,0.0,,0.32,16093.0,2.0,271.6,,,,0.0,5.549,1823.9,,,,,,,,,,,,,,,,,,,,,""
7744890233,"Sep 3, 2022, 1:01:10 AM",Morning Ride,Ride,,5283,36.75,185.0,72,,,Road sweeper,activities/8269628603.fit.gz,,13.0,5283.0,5108.0,36757.0,12.19,7.196,204.0,244.0,554.0,608.0,16.7,-0.1,,,114.0,76.0,,159.0,,130.0,801.0,,24.0,72.0,666458.0,,,,,,,,149.0,5284.0,,,0.0,,1.0,,1662166784.0,2.0,21.7,22.5,21.3,0.98,1008.1,0.9,0.9,213.0,0.1,1662166272.0,1662211200.0,0.25,9402698.0,,0.05,5.0,0.49,16093.0,0.0,273.0,,,,0.0,6.958,5401.0,,,,,,,,,,,,,,,,,,,,,""
7739851059,"Sep 2, 2022, 1:07:46 AM",Morning Walk,Run,"",2443,5.01,195.0,27,,,Saucony Hurricane 23 Stable Hurricane,activities/8263841163.fit.gz,,,2443.0,2350.0,5010.8,3.98,2.132,8.0,8.0,570.0,579.6,8.3,0.0,,,83.0,67.0,,150.0,,,295.0,,26.0,27.0,,,,,,,,,,,0.0,,0.0,,1.0,5023.6,1662080384.0,3.0,22.5,23.1,20.8,0.9,1008.9,1.0,1.0,84.0,0.1,1662079872.0,1662124800.0,0.21,,9758854.0,0.06,5.0,1.0,16093.0,0.0,271.7,,,,0.0,2.051,5011.8,,,,,,,,,,,,,,,,,,,,,""
7717852722,"Aug 29, 2022, 2:14:26 AM",Morning Walk,Walk,,1861,2.32,167.0,4,,,Saucony Hurricane 23 Stable Hurricane,activities/8239225047.fit.gz,,,1861.0,1861.0,2327.5,2.202,1.251,7.0,92.0,590.2,680.2,8.8,-3.6,,,66.0,56.0,,113.0,,,177.0,,28.0,4.0,,,,,,,,,,,,,0.0,,1.0,,1661738368.0,3.0,21.1,21.6,19.8,0.93,1010.7,1.7,2.0,300.0,0.0,1661734272.0,1661779328.0,0.07,,9758854.0,0.0,,0.99,16093.0,1.0,271.8,,,,0.0,1.251,1858.5,,,,,,,,,,,,,,,,,,,,,""
7717799517,"Aug 29, 2022, 1:33:55 AM",Morning Hike,Hike,,2036,2.56,174.0,6,,,Saucony Hurricane 23 Stable Hurricane,activities/8239163880.fit.gz,,,2036.0,1988.0,2559.7,3.642,1.288,92.0,3.0,574.8,661.4,44.4,3.3,,,84.0,54.0,,126.0,,,247.0,,26.0,6.0,,,,,,,,,,,,,0.0,,1.0,,1661734784.0,3.0,19.8,20.3,18.8,0.94,1009.9,1.5,1.7,288.0,0.0,1661734272.0,1661779328.0,0.07,,9758854.0,0.0,,0.98,16093.0,0.0,270.1,,,,0.0,1.257,2197.1,,,,,,,,,,,,,,,,,,,,,""
7706146861,"Aug 27, 2022, 1:33:46 AM",अली लहर केला कहर easy 10k,Run,"Age old garmin, and no hrm, hence calorie count gone for a toss",4589,10.12,195.0,119,,,Saucony Hurricane 23 Stable Hurricane,activities/8225946502.fit.gz,,,4589.0,4211.0,10128.3,3.868,2.405,46.9,38.0,553.9,569.5,9.7,0.1,,,106.0,77.0,,177.0,,,158.0,,26.0,119.0,,,,,,,,,,,0.0,,0.0,,1.0,10174.5,1661561984.0,2.0,20.6,21.3,20.1,0.97,1009.0,1.9,2.9,297.0,0.0,1661561472.0,1661606656.0,0.01,,9758854.0,0.0,,0.74,16093.0,0.0,273.9,,,,0.0,2.207,328.6,,,,,,,,,,,,,,,,,,,,,""
7678636311,"Aug 22, 2022, 12:46:46 AM",Power meter inaugration ride,Ride,"",5708,33.16,189.0,61,,,Road sweeper,activities/8194899663.fit.gz,,13.0,5708.0,5435.0,33161.0,17.264,6.101,230.0,236.0,559.2,645.8,27.7,0.0,,,144.0,72.0,,154.0,,104.0,708.0,,21.0,61.0,564279.0,,,,,,,,138.0,5687.0,0.0,,0.0,,1.0,,1661126400.0,3.0,21.2,21.9,20.7,0.97,1005.3,4.8,11.6,255.0,0.1,1661129344.0,1661174912.0,0.86,9402698.0,,0.11,5.0,1.0,16093.0,0.0,280.1,,,,0.0,5.81,13519.3,,,,,,,,,,,,,,,,,,,,,""
7667097035,"Aug 20, 2022, 1:42:57 AM",Morning Run,Run,,2142,4.01,181.0,19,,,Saucony Hurricane 23 Stable Hurricane,activities/8181772847.fit.gz,,,2142.0,1850.0,4016.5,3.73,2.171,21.0,21.0,412.6,439.4,16.4,-0.1,,,86.0,74.0,,154.0,,,345.0,,26.0,19.0,,,,,,,,,,,,,0.0,,1.0,4049.7,1660957184.0,3.0,21.9,22.6,21.1,0.95,1008.6,3.0,6.1,260.0,0.0,1660956544.0,1661002240.0,0.79,,9758854.0,0.04,5.0,0.88,16093.0,0.0,276.7,,,,0.0,1.875,1511.4,,,,,,,,,,,,,,,,,,,,,""
7634316040,"Aug 14, 2022, 12:22:04 AM",Azadi ka amrit mahotsav 75,Ride,"",13753,75.02,183.0,67,,,Road sweeper,activities/8145173902.fit.gz,,13.0,13753.0,12306.0,75021.8,13.574,6.096,431.0,437.0,550.4,636.8,8.9,0.0,,,125.0,69.0,,139.0,,143.0,1763.0,,21.0,67.0,,,,,,,,,,,0.0,,0.0,,1.0,,1660435200.0,3.0,21.2,22.0,20.8,0.98,1005.8,3.3,8.7,247.0,0.1,1660438016.0,1660484096.0,0.6,9402698.0,,0.06,5.0,0.92,13858.0,0.0,274.4,,,,0.0,5.455,4221.1,,,,,,,,,,,,,,,,,,,,,media/09955C23-703D-45A2-AF6D-5CDE1DA97455.jpg|media/115370F5-0596-4ACD-A483-08BE46847D4F.jpg|media/D57677BB-49A3-45DA-A643-3A43A0162840.jpg
7574559324,"Aug 3, 2022, 2:56:18 AM",Morning Ride,Ride,,1065,5.21,181.0,8,,,Road sweeper,activities/8078619257.fit.gz,,13.0,1065.0,1022.0,5212.7,8.444,5.101,52.0,13.0,569.8,611.6,27.1,0.8,,,120.0,69.0,,146.0,,140.0,210.0,,26.0,8.0,,,,,,,,,,,,,0.0,,1.0,,1659491968.0,3.0,22.7,23.6,22.3,0.97,1006.0,2.4,3.1,269.0,0.0,1659487488.0,1659533952.0,0.19,9402698.0,,0.0,,0.89,16093.0,1.0,282.6,,,,0.0,4.895,975.6,,,,,,,,,,,,,,,,,,,,,""
7573460315,"Aug 3, 2022, 12:21:44 AM",Morning Ride,Ride,,8689,50.10,165.0,30,,,Road sweeper,activities/8077398053.fit.gz,,13.0,8689.0,7759.0,50107.5,13.448,6.458,251.0,296.0,548.8,614.2,39.8,-0.1,,,112.0,70.0,,133.0,,150.0,998.0,,24.0,30.0,,,,,,,,,,,,,0.0,,1.0,,1659484800.0,2.0,21.5,22.4,21.5,1.0,1004.9,2.1,3.3,268.0,0.0,1659487488.0,1659533952.0,0.19,9402698.0,,0.07,5.0,0.84,16093.0,0.0,280.8,,,,0.0,5.767,9000.9,,,,,,,,,,,,,,,,,,,,,""
7570056438,"Aug 2, 2022, 1:57:21 PM",Evening Walk,Walk,,761,0.87,150.0,1,,,Saucony Hurricane 23 Stable Hurricane,activities/8073651516.fit.gz,,,761.0,736.0,870.2,4.136,1.182,4.0,16.0,537.0,553.0,8.4,-1.2,,,65.0,55.0,,106.0,,,69.0,,29.0,1.0,,,,,,,,,,,,,0.0,,1.0,,1659445248.0,3.0,25.3,26.2,23.2,0.88,1004.2,4.3,5.6,291.0,0.0,1659401088.0,1659447552.0,0.15,,9758854.0,0.05,5.0,0.97,16093.0,0.0,276.6,,,,0.0,1.144,760.8,,,,,,,,,,,,,,,,,,,,,""
7569956684,"Aug 2, 2022, 1:34:07 PM",Evening Ride,Ride,,849,3.41,143.0,2,,,Road sweeper,activities/8073542040.fit.gz,,13.0,849.0,814.0,3413.3,7.952,4.193,21.0,10.0,536.0,553.2,12.0,0.4,,,,,,126.0,,106.0,111.0,,28.0,2.0,,,,,,,,,,,,,0.0,,1.0,,1659445248.0,3.0,25.3,26.2,23.2,0.88,1004.2,4.3,5.6,291.0,0.0,1659401088.0,1659447552.0,0.15,9402698.0,,0.05,5.0,0.97,16093.0,0.0,276.6,,,,0.0,4.02,2860.4,,,,,,,,,,,,,,,,,,,,,""
7556498975,"Jul 31, 2022, 1:43:09 AM",Morning Hike,Hike,,3242,3.16,128.0,6,,,Saucony Hurricane 23 Stable Hurricane,activities/8058561463.fit.gz,,,3242.0,2865.0,3162.4,2.674,1.104,26.0,26.0,607.2,622.2,20.8,0.0,,,99.0,56.0,,105.0,,,229.0,,28.0,6.0,,,,,,,,,,,,,0.0,,1.0,,1659229184.0,2.0,21.2,22.0,20.9,0.98,1007.3,1.9,3.0,227.0,0.1,1659228160.0,1659274880.0,0.09,,9758854.0,0.07,5.0,0.63,16093.0,0.0,277.0,,,,0.0,0.975,2413.1,,,,,,,,,,,,,,,,,,,,,""
7551116552,"Jul 30, 2022, 3:31:18 AM",Morning Ride,Ride,,1046,4.55,176.0,9,,,Road sweeper,activities/8052563129.fit.gz,,13.0,1046.0,1027.0,4558.3,9.744,4.438,42.0,11.0,571.4,619.2,15.9,1.0,,,,,,153.0,,125.0,223.0,,27.0,9.0,,,,,,,,,,,,,0.0,,1.0,,1659149952.0,3.0,24.1,24.9,22.5,0.9,1009.8,2.2,3.0,285.0,0.2,1659141760.0,1659188480.0,0.06,9402698.0,,0.09,5.0,0.94,16093.0,2.0,276.1,,,,0.0,4.358,857.0,,,,,,,,,,,,,,,,,,,,,""
7550982943,"Jul 30, 2022, 12:42:41 AM",Morning Ride,Ride,,6550,35.28,190.0,37,,,Road sweeper,activities/8052413015.fit.gz,,13.0,6550.0,6103.0,35284.1,17.748,5.781,232.0,265.0,562.6,659.4,14.6,-0.1,,,,,,142.0,,136.0,956.0,,23.0,37.0,,,,,,,,,,,,,0.0,,1.0,,1659139200.0,3.0,22.1,22.8,21.3,0.95,1008.2,2.0,3.6,276.0,0.1,1659141760.0,1659188480.0,0.06,9402698.0,,0.07,5.0,0.99,16093.0,0.0,273.8,,,,0.0,5.387,19604.6,,,,,,,,,,,,,,,,,,,,,""
7540797146,"Jul 28, 2022, 1:32:59 AM",Morning Ride,Ride,,10922,12.85,184.0,10,,,Road sweeper,activities/8041103442.fit.gz,,13.0,10922.0,2457.0,12852.6,14.976,5.231,87.0,87.0,553.4,622.4,9.5,-0.2,,,,,,128.0,,133.0,363.0,,25.0,10.0,,,,,,,,,,,,,0.0,,1.0,,1658969984.0,3.0,20.8,21.6,20.8,1.0,1009.9,1.2,2.1,251.0,0.0,1658968960.0,1659015808.0,1.0,9402698.0,,0.05,5.0,0.88,16093.0,0.0,277.0,,,,0.0,1.177,5419.2,,,,,,,,,,,,,,,,,,,,,""
7521216260,"Jul 24, 2022, 1:57:54 PM",Evening Run,Run,,681,1.60,211.0,23,,,Saucony Hurricane 23 Stable Hurricane,activities/8019359778.fit.gz,,,681.0,638.0,1606.7,7.417,2.518,10.0,15.0,589.0,602.2,8.2,-0.2,,,89.0,78.0,,184.0,,,193.0,,26.0,23.0,,,,,,,,,,,,,0.0,,1.0,1615.7,1658667648.0,3.0,22.3,23.4,22.3,1.0,1006.0,3.5,8.8,253.0,0.1,1658623232.0,1658670208.0,0.88,,9758854.0,0.15,5.0,1.0,16093.0,0.0,271.6,,,,0.0,2.359,705.9,,,,,,,,,,,,,,,,,,,,,""
7512810722,"Jul 23, 2022, 12:23:14 AM",Long ride after almost a month of sitting idle,Ride,"",11743,64.54,196.0,91,,,The ultimate canyon,activities/8009980083.fit.gz,,13.0,11743.0,9377.0,64543.4,16.66,6.883,394.0,391.0,550.8,649.6,12.3,0.0,,,118.0,59.0,,150.0,,109.0,1674.0,,23.0,91.0,,,,,,,,,,,0.0,,0.0,,1.0,,1658534400.0,3.0,21.4,22.1,21.2,0.99,1005.9,2.9,7.3,254.0,0.1,1658536832.0,1658583808.0,0.85,10388125.0,,0.09,5.0,1.0,16093.0,0.0,271.1,,,,0.0,5.496,10365.4,,,,,,,,,,,,,,,,,,,,,""
7481228749,"Jul 17, 2022, 2:06:49 AM",Morning Ride,Ride,,4250,10.23,172.0,8,,,Road sweeper,activities/7975152605.fit.gz,,13.0,4250.0,2030.0,10232.9,10.888,5.041,65.0,68.0,557.6,607.0,42.1,-0.1,,,,,,134.0,,118.0,332.0,,25.0,8.0,,,,,,,,,,,,,0.0,,1.0,,1658023168.0,3.0,22.2,23.0,21.6,0.97,1005.7,3.3,8.5,254.0,0.1,1658018304.0,1658065536.0,0.65,9402698.0,,0.11,5.0,1.0,4876.0,1.0,274.1,,,,0.0,2.408,2087.0,,,,,,,,,,,,,,,,,,,,,""
7473240966,"Jul 15, 2022, 2:10:40 PM",Evening Walk,Walk,,2071,2.14,142.0,5,,,Saucony Hurricane 23 Stable Hurricane,activities/7966313882.fit.gz,,,2071.0,1962.0,2143.3,2.547,1.092,28.0,34.0,713.8,739.2,17.7,-0.4,,,108.0,54.0,,115.0,,,259.0,,26.0,5.0,,,,,,,,,,,,,0.0,,1.0,,1657893632.0,3.0,22.8,23.7,22.1,0.96,1003.6,5.6,12.3,249.0,0.2,1657845504.0,1657892736.0,0.57,,9758854.0,0.13,5.0,1.0,16093.0,0.0,273.8,,,,0.0,1.035,1610.2,,,,,,,,,,,,,,,,,,,,,""
7406032078,"Jul 3, 2022, 3:55:35 AM",Morning Ride,Ride,,1182,5.06,168.0,5,,,Road sweeper,activities/7892541107.fit.gz,,13.0,1182.0,1108.0,5061.7,8.986,4.568,65.0,16.0,568.4,636.0,40.0,1.3,,,,,,140.0,,132.0,208.0,,28.0,5.0,,,,,,,,,,,,,0.0,,1.0,,1656817152.0,3.0,24.5,25.5,23.5,0.94,1004.6,4.6,9.4,248.0,0.0,1656808448.0,1656856064.0,0.14,9402698.0,,0.08,5.0,1.0,14494.0,2.0,276.7,,,,0.0,4.282,2032.5,,,,,,,,,,,,,,,,,,,,,""
7405873762,"Jul 3, 2022, 12:14:22 AM",Morning Ride,Ride,"",8600,39.72,173.0,25,,,Road sweeper,activities/7892367130.fit.gz,,13.0,8600.0,6696.0,39727.2,12.186,5.933,260.0,294.0,558.2,655.2,17.7,-0.1,,,,,,129.0,,138.0,899.0,,22.0,25.0,,,,,,,,,,,0.0,,0.0,,1.0,,1656806400.0,3.0,22.5,23.4,22.1,0.97,1003.0,3.5,8.7,247.0,0.1,1656808448.0,1656856064.0,0.14,9402698.0,,0.08,5.0,0.98,13331.0,0.0,276.8,,,,0.0,4.619,22860.4,,,,,,,,,,,,,,,,,,,,,""
7385312940,"Jun 29, 2022, 2:03:55 AM",Morning Ride,Ride,"",925,5.12,162.0,4,,,The ultimate canyon,activities/7869855567.fit.gz,,13.0,925.0,925.0,5120.3,8.126,5.535,44.0,12.0,579.8,620.8,8.4,0.6,,,87.0,58.0,,140.0,,90.0,176.0,,25.0,4.0,,,,,,,,,,,0.0,,0.0,,1.0,,1656467968.0,3.0,23.0,23.6,20.5,0.86,1004.9,3.2,6.6,253.0,0.0,1656462720.0,1656510336.0,0.02,10388125.0,,0.12,5.0,0.97,16093.0,1.0,280.0,,,,0.0,5.535,705.0,,,,,,,,,,,,,,,,,,,,,""
7385189199,"Jun 28, 2022, 11:36:15 PM",Morning Ride,Ride,"",6765,42.18,178.0,24,,,The ultimate canyon,activities/7869720762.fit.gz,,13.0,6765.0,6335.0,42186.3,13.454,6.659,227.0,269.0,554.2,641.0,6.9,-0.1,,,200.0,61.0,,131.0,,89.0,828.0,,23.0,24.0,,,,,,,,,,,0.0,,0.0,,1.0,,1656457216.0,3.0,22.5,23.0,19.8,0.85,1003.9,2.8,7.1,242.0,0.0,1656462720.0,1656510336.0,0.02,10388125.0,,0.12,5.0,0.88,16093.0,0.0,278.5,,,,0.0,6.236,8173.9,,,,,,,,,,,,,,,,,,,,,media/F6942339-14D7-468B-928A-2A4F6DBAA9BF.jpg
7374642050,"Jun 27, 2022, 1:00:06 AM",Morning Run,Run,,2542,6.01,201.0,60,,,Saucony Hurricane 23 Stable Hurricane,activities/7858206468.fit.gz,,,2542.0,2503.0,6016.6,4.57,2.404,13.6,174.0,554.5,566.0,2.4,0.0,,,82.0,77.0,,170.0,,,508.0,,,60.0,,,,,,,,,,,,,0.0,,1.0,6026.1,1656291584.0,5.0,22.9,23.6,21.3,0.91,1003.7,2.4,6.1,226.0,0.3,1656289920.0,1656337536.0,0.96,,9758854.0,0.37,5.0,0.99,13348.0,0.0,282.1,,,,0.0,2.367,6016.6,,,,,,,,,,,,,,,,,,,,,""
7363678406,"Jun 25, 2022, 3:46:22 AM",Morning Ride,Ride,"",1456,7.51,187.0,9,,,The ultimate canyon,activities/7846134749.fit.gz,,13.0,1456.0,1417.0,7510.3,14.064,5.3,68.0,25.0,573.6,620.4,40.7,0.6,,,125.0,52.0,,145.0,,89.0,273.0,,27.0,9.0,,,,,,,,,,,0.0,,0.0,,1.0,,1656125952.0,5.0,23.1,23.8,21.2,0.89,1003.9,1.6,3.8,217.0,1.1,1656117120.0,1656164736.0,0.89,10388125.0,,0.41,5.0,1.0,16054.0,2.0,281.8,,,,0.0,5.158,1059.3,,,,,,,,,,,,,,,,,,,,,""
7363555146,"Jun 25, 2022, 12:52:10 AM",Deccan queen spotting ride,Ride,"",7380,47.16,186.0,35,,,The ultimate canyon,activities/7845998807.fit.gz,,13.0,7380.0,6532.0,47166.4,15.112,7.221,242.0,272.0,551.6,604.4,46.6,-0.1,,,126.0,61.0,,141.0,,115.0,1044.0,,24.0,35.0,,,,,,,,,,,0.0,,0.0,,1.0,,1656115200.0,5.0,22.9,23.6,21.8,0.93,1002.3,2.3,6.6,228.0,0.3,1656117120.0,1656164736.0,0.89,10388125.0,,0.34,5.0,1.0,15237.0,0.0,280.0,,,,0.0,6.391,6191.2,,,,,,,,,,,,,,,,,,,,,media/340FAA5C-121B-4628-8DA7-86AF1B46FFED.mp4|media/3EF2254F-3466-4139-8C05-0E6A62A55D71.jpg|media/AAA23DB9-67BA-4BFA-A89E-9EAC16234807.jpg|media/6A1CCBB9-0B15-4F7B-AC39-4DC839831FF4.jpg|media/6D296D54-098A-4AFB-85A2-805C2FF41A8B.mp4
7353707324,"Jun 23, 2022, 2:08:15 AM",Morning Ride,Ride,,988,4.10,159.0,3,,,Road sweeper,activities/7835198553.fit.gz,,13.0,988.0,988.0,4104.9,6.632,4.155,43.7,56.0,559.8,601.0,7.8,1.0,,,,,,131.0,,118.0,152.0,,,3.0,,,,,,,,,,,,,0.0,,1.0,,1655949568.0,5.0,22.7,23.4,21.2,0.92,1006.7,1.8,3.0,228.0,0.5,1655944320.0,1655991936.0,0.83,9402698.0,,0.44,5.0,0.93,16093.0,1.0,277.0,,,,0.0,4.155,1750.5,,,,,,,,,,,,,,,,,,,,,""
7353590335,"Jun 23, 2022, 1:21:50 AM",Morning Ride,Ride,,733,4.15,130.0,1,,,Road sweeper,activities/7835071324.fit.gz,,13.0,733.0,733.0,4155.8,10.161,5.67,10.1,117.0,557.5,600.9,4.9,-1.0,,,,,,115.0,,88.0,86.0,,,1.0,,,,,,,,,,,,,0.0,,1.0,,1655945984.0,5.0,21.7,22.5,21.0,0.96,1006.2,1.6,3.0,298.0,0.5,1655944320.0,1655991936.0,0.83,9402698.0,,0.43,5.0,0.84,16093.0,0.0,276.8,,,,0.0,5.67,2253.6,,,,,,,,,,,,,,,,,,,,,""
7331882423,"Jun 19, 2022, 2:55:14 AM",Morning Ride,Ride,"",1198,4.79,174.0,5,,,The raider,activities/7811329074.fit.gz,,13.0,1198.0,1057.0,4795.0,7.115,4.536,40.0,14.0,569.2,602.0,37.0,0.5,,,,,,138.0,,144.0,194.0,,27.0,5.0,,,,,,,,,,,0.0,,0.0,,1.0,,1655603968.0,3.0,24.0,24.8,22.4,0.91,1006.7,3.0,5.8,249.0,0.0,1655598592.0,1655646336.0,0.7,10404546.0,,0.07,5.0,0.98,16093.0,1.0,275.3,,,,0.0,4.002,646.6,,,,,,,,,,,,,,,,,,,,,""
7331768527,"Jun 19, 2022, 12:03:41 AM",New off road trail. Thank you Dr. Ponkshe for discovering the route,Ride,"",7971,28.59,179.0,38,,,The raider,activities/7811205053.fit.gz,,13.0,7971.0,6504.0,28596.7,14.316,4.397,266.0,315.0,564.0,707.6,49.9,-0.2,,,,,,139.0,,135.0,982.0,,24.0,38.0,,,,,,,,,,,0.0,,0.0,,1.0,,1655596800.0,3.0,23.1,24.0,22.4,0.96,1005.5,2.6,6.6,250.0,0.0,1655598592.0,1655646336.0,0.7,10404546.0,,0.1,5.0,0.93,16093.0,0.0,275.0,,,,0.0,3.588,21360.5,,,,,,,,,,,,,,,,,,,,,media/16BFC524-07E6-47FA-BCEF-8D2091561ABC.jpg
7326563090,"Jun 18, 2022, 3:39:41 AM",Morning Ride,Ride,,3880,11.60,170.0,9,,,Road sweeper,activities/7805472887.fit.gz,,13.0,3880.0,2407.0,11606.5,9.286,4.822,84.0,46.0,573.6,622.6,12.9,0.4,,,94.0,50.0,,134.0,,118.0,345.0,,31.0,9.0,,,,,,,,,,,,,0.0,,1.0,,1655521152.0,3.0,26.0,27.6,22.1,0.79,1007.7,3.0,4.9,245.0,0.0,1655512192.0,1655559808.0,0.66,9402698.0,,0.0,,0.9,16093.0,2.0,276.3,,,,0.0,2.991,5659.1,,,,,,,,,,,,,,,,,,,,,""
7326426837,"Jun 17, 2022, 11:33:18 PM",Morning Ride,Ride,"",13325,100.26,176.0,82,,,The ultimate canyon,activities/7805323100.fit.gz,,13.0,13325.0,12294.0,100265.8,14.79,8.156,391.0,423.0,544.8,609.2,36.6,0.0,,,112.0,73.0,,145.0,,140.0,1853.0,,25.0,82.0,,,,,,,,,,,0.0,,0.0,,1.0,,1655506816.0,2.0,22.5,23.3,21.5,0.94,1005.6,2.3,6.0,252.0,0.0,1655512192.0,1655559808.0,0.66,10388125.0,,0.0,,0.76,16093.0,0.0,273.7,,,,0.0,7.525,3600.9,,,,,,,,,,,,,,,,,,,,,media/04EDE023-0257-4ED9-AE62-0587B081D49A.jpg
7319091406,"Jun 16, 2022, 3:23:18 PM",Evening Ride,Ride,"",745,3.19,160.0,4,,,The raider,activities/7797270595.fit.gz,,13.0,745.0,745.0,3193.2,12.786,4.286,62.7,114.0,594.0,665.7,10.5,-0.4,,,,,,141.0,,160.0,139.0,,,4.0,,,,,,,,,,,0.0,,0.0,,1.0,,1655391616.0,3.0,24.8,25.4,21.0,0.79,1006.3,5.1,8.0,254.0,0.0,1655339392.0,1655387008.0,0.59,10404546.0,,0.0,,0.97,16093.0,0.0,274.6,,,,0.0,4.286,2754.4,,,,,,,,,,,,,,,,,,,,,""
7316138888,"Jun 16, 2022, 1:50:32 AM",Morning Ride,Ride,,1338,5.00,151.0,3,,,Road sweeper,activities/7794042480.fit.gz,,13.0,1338.0,1179.0,5003.3,7.802,4.244,54.0,78.0,558.7,600.9,15.3,0.8,,,,,,122.0,,117.0,160.0,,,3.0,,,,,,,,,,,,,0.0,,1.0,,1655341184.0,2.0,23.0,23.7,21.4,0.91,1006.2,2.3,5.0,248.0,0.0,1655339392.0,1655387008.0,0.59,9402698.0,,0.05,5.0,0.65,16093.0,0.0,278.0,,,,0.0,3.739,1841.7,,,,,,,,,,,,,,,,,,,,,""
7315979034,"Jun 16, 2022, 12:58:01 AM",Morning Ride,Ride,,557,3.83,133.0,1,,,Road sweeper,activities/7793871131.fit.gz,,13.0,557.0,557.0,3833.8,12.421,6.883,6.1,80.0,559.9,596.3,4.3,-0.9,,,,,,116.0,,125.0,72.0,,,1.0,,,,,,,,,,,,,0.0,,1.0,,1655337600.0,2.0,23.0,23.6,21.0,0.89,1005.7,2.2,5.8,244.0,0.0,1655339392.0,1655387008.0,0.59,9402698.0,,0.06,5.0,0.7,16093.0,0.0,278.7,,,,0.0,6.883,1963.1,,,,,,,,,,,,,,,,,,,,,""
7310610665,"Jun 15, 2022, 1:28:22 AM",Morning Ride,Ride,"",1508,8.26,147.0,5,,,The ultimate canyon,activities/7788022362.fit.gz,,13.0,1508.0,1463.0,8262.5,8.26,5.648,48.0,20.0,585.0,617.0,37.4,0.4,,,86.0,53.0,,134.0,,78.0,246.0,,25.0,5.0,,,,,,,,,,,0.0,,0.0,,1.0,,1655254784.0,3.0,23.5,24.4,22.4,0.93,1007.3,3.2,6.1,252.0,0.0,1655252992.0,1655300608.0,0.55,10388125.0,,0.0,,0.92,16093.0,0.0,279.0,,,,0.0,5.479,2414.5,,,,,,,,,,,,,,,,,,,,,""
7310544442,"Jun 15, 2022, 12:08:55 AM",Z4 CC-> Ravet-> suncity,Ride,Tried an ITT. Also got a a PR on the WSSM ITT segment,4717,45.02,189.0,84,,,The ultimate canyon,activities/7787951692.fit.gz,,13.0,4717.0,4717.0,45028.3,19.491,9.546,255.0,339.0,549.4,664.6,10.5,-0.3,,,148.0,81.0,,164.0,,200.0,1102.0,,24.0,84.0,,,,,,,,,,,0.0,,0.0,,1.0,,1655251200.0,2.0,23.1,23.9,22.0,0.93,1006.6,3.2,6.5,252.0,0.0,1655252992.0,1655300608.0,0.55,10388125.0,,0.0,,0.82,16093.0,0.0,279.2,,,,0.0,9.546,103.4,,,,,,,,,,,,,,,,,,,,,media/35AB4A8A-9E24-4A8D-BA1F-2EE57D0DC862.jpg|media/55CC6D13-3371-4F95-840B-6BAC8E0546E4.jpg
7310303979,"Jun 14, 2022, 11:34:58 PM",Morning Ride,Ride,"",2025,11.19,167.0,9,,,The ultimate canyon,activities/7787694262.fit.gz,,13.0,2025.0,1982.0,11196.0,12.818,5.649,98.0,49.0,560.6,646.8,10.1,0.3,,,89.0,59.0,,139.0,,91.0,368.0,,24.0,9.0,,,,,,,,,,,0.0,,0.0,,1.0,,1655247616.0,2.0,22.7,23.5,21.7,0.94,1006.5,3.3,6.9,252.0,0.0,1655252992.0,1655300608.0,0.55,10388125.0,,0.0,,0.85,16093.0,0.0,279.7,,,,0.0,5.529,6787.9,,,,,,,,,,,,,,,,,,,,,""
7307202320,"Jun 14, 2022, 12:14:08 PM",Afternoon Ride,Ride,,5128,5.59,161.0,3,,,Road sweeper,activities/7784331239.fit.gz,,13.0,5128.0,1282.0,5598.0,13.72,4.367,75.1,103.0,555.6,614.0,46.7,0.8,,,,,,119.0,,133.0,168.0,,,3.0,,,,,,,,,,,,,0.0,,1.0,,1655207936.0,2.0,29.7,31.4,19.8,0.55,1005.8,5.8,6.0,251.0,0.0,1655166592.0,1655214208.0,0.51,9402698.0,,0.03,5.0,0.55,16093.0,1.0,275.2,,,,0.0,1.092,3166.7,,,,,,,,,,,,,,,,,,,,,""
7306599108,"Jun 14, 2022, 11:34:15 AM",Afternoon Ride,Ride,,217,1.00,138.0,0,,,Road sweeper,activities/7783681352.fit.gz,,13.0,217.0,217.0,1007.8,8.84,4.644,2.8,40.0,555.6,559.8,5.9,0.0,,,,,,123.0,,101.0,32.0,,,0.0,,,,,,,,,,,,,0.0,,1.0,,1655204352.0,2.0,31.0,32.7,19.4,0.5,1005.6,5.8,5.8,253.0,0.0,1655166592.0,1655214208.0,0.51,9402698.0,,0.03,5.0,0.59,16093.0,3.0,276.1,,,,0.0,4.644,636.4,,,,,,,,,,,,,,,,,,,,,""
7306258147,"Jun 14, 2022, 10:13:13 AM",Afternoon Ride,Ride,,736,4.06,144.0,2,,,Road sweeper,activities/7783312297.fit.gz,,13.0,736.0,736.0,4066.6,11.93,5.525,9.6,83.0,556.0,596.5,5.0,-1.0,,,,,,118.0,,91.0,99.0,,,2.0,,,,,,,,,,,,,0.0,,1.0,,1655200768.0,2.0,31.5,33.1,19.3,0.48,1005.6,5.6,5.6,253.0,0.0,1655166592.0,1655214208.0,0.51,9402698.0,,0.03,5.0,0.57,16093.0,5.0,277.4,,,,0.0,5.525,2495.4,,,,,,,,,,,,,,,,,,,,,""
7294180114,"Jun 12, 2022, 4:34:09 AM",Morning Ride,Ride,,1024,5.16,176.0,5,,,Road sweeper,activities/7770109134.fit.gz,,13.0,1024.0,1024.0,5164.3,7.007,5.043,52.0,14.0,571.0,613.8,24.9,0.8,,,,,,140.0,,135.0,198.0,,30.0,5.0,,,,,,,,,,,,,0.0,,1.0,,1655006464.0,2.0,26.3,28.2,22.5,0.8,1007.4,3.9,5.6,237.0,0.1,1654993792.0,1655041408.0,0.43,9402698.0,,0.08,5.0,0.86,16093.0,4.0,280.0,,,,0.0,5.043,1036.4,,,,,,,,,,,,,,,,,,,,,""
7294058577,"Jun 11, 2022, 11:52:14 PM",Easy ride. Some part behind truckers,Ride,"",13209,60.52,186.0,32,,,The ultimate canyon,activities/7769974856.fit.gz,,13.0,13209.0,9794.0,60528.5,15.492,6.18,350.0,381.0,557.4,640.6,8.4,-0.1,,,,,,119.0,,89.0,1083.0,,25.0,32.0,,,,,,,,,,,0.0,,0.0,,1.0,,1654988416.0,2.0,22.6,23.2,20.2,0.86,1005.7,2.3,4.7,244.0,0.0,1654993792.0,1655041408.0,0.43,10388125.0,,0.09,5.0,0.75,16093.0,0.0,278.9,,,,0.0,4.582,5584.5,,,,,,,,,,,,,,,,,,,,,media/934E73D6-B4EE-4BE8-B9A5-3535AF2D1072.jpg|media/DF57E1E0-B005-41AB-AE25-C36188A9895C.jpg
7288148976,"Jun 10, 2022, 11:31:23 PM",Just adding the miles,Ride,"",6836,38.11,167.0,25,,,The raider,activities/7763496898.fit.gz,,13.0,6836.0,6632.0,38116.8,13.306,5.747,228.0,244.0,551.0,641.6,17.0,-0.1,,,158.0,73.0,,132.0,,170.0,890.0,,24.0,25.0,,,,,,,,,,,0.0,,0.0,,1.0,,1654902016.0,2.0,23.2,23.8,20.8,0.87,1005.8,2.6,5.9,247.0,0.1,1654907392.0,1654955008.0,0.39,10404546.0,,0.12,5.0,0.53,16093.0,0.0,279.4,,,,0.0,5.576,9642.7,,,,,,,,,,,,,,,,,,,,,media/C2D575B0-8B8F-4BAE-8D10-B4A640A2AC9D.jpg|media/19D08165-67B6-4077-8568-633CF4A7AD21.jpg
7283570211,"Jun 10, 2022, 3:16:11 AM",Morning Ride,Ride,"",1376,6.01,160.0,5,,,The ultimate canyon,activities/7758494510.fit.gz,,13.0,1376.0,1337.0,6015.0,6.886,4.499,60.0,14.0,573.2,619.4,38.9,0.8,,,96.0,59.0,,132.0,,65.0,221.0,,28.0,5.0,,,,,,,,,,,0.0,,0.0,,1.0,,1654829952.0,2.0,25.9,26.5,21.2,0.75,1007.7,2.8,4.8,240.0,0.0,1654820992.0,1654868480.0,0.35,10388125.0,,0.0,,0.8,16093.0,2.0,282.7,,,,0.0,4.371,1930.4,,,,,,,,,,,,,,,,,,,,,""
7283482550,"Jun 10, 2022, 1:32:55 AM",Morning Ride,Ride,,2830,13.54,152.0,6,,,The ultimate canyon,activities/7758337626.fit.gz,,7.0,2830.0,2272.0,13544.6,10.0,5.962,58.0,63.6,546.6,579.6,4.0,0.0,,,101.0,64.0,,123.0,,72.0,182.0,,26.0,6.0,,,,,,,,,,,,,0.0,,1.0,,1654822784.0,2.0,23.9,24.5,21.3,0.86,1006.5,1.9,5.3,242.0,0.0,1654820992.0,1654868608.0,0.35,10388125.0,,0.0,,0.67,16093.0,0.0,282.7,,,,0.0,4.786,1401.8,,,,,,,,,,,,,,,,,,,,,""
7283482525,"Jun 10, 2022, 12:49:23 AM",Morning Ride,Ride,,2612,26.06,183.0,52,,,The ultimate canyon,activities/7758337626.fit.gz,,7.0,2612.0,2612.0,26066.4,17.367,9.979,121.2,177.6,557.4,623.8,5.9,-0.2,,,120.0,85.0,,166.0,,218.0,635.0,,23.0,52.0,,,,,,,,,,,,,0.0,,1.0,,1654819200.0,2.0,23.1,23.8,20.8,0.87,1005.8,1.9,5.2,214.0,0.0,1654820992.0,1654868480.0,0.35,10388125.0,,0.0,,0.83,16093.0,0.0,281.8,,,,0.0,9.979,0.0,,,,,,,,,,,,,,,,,,,,,""
7283437401,"Jun 10, 2022, 12:01:46 AM",Morning Ride,Ride,"",2857,13.30,161.0,8,,,The ultimate canyon,activities/7758337626.fit.gz,,13.0,2857.0,2595.0,13299.3,15.7,5.125,99.2,311.0,559.6,642.2,14.4,0.0,,,111.0,61.0,,125.0,,73.0,1083.0,,24.0,8.0,,,,,,,,,,,0.0,,0.0,,1.0,,1654819200.0,2.0,23.1,23.8,20.8,0.87,1005.8,1.9,5.2,214.0,0.0,1654820992.0,1654868480.0,0.35,10388125.0,,0.0,,0.83,16093.0,0.0,281.8,,,,0.0,4.655,7705.4,,,,,,,,,,,,,,,,,,,,,""
7264387064,"Jun 6, 2022, 1:09:08 PM",Evening Ride,Ride,"",1394,2.91,157.0,2,,,The ultimate canyon,activities/7737701221.fit.gz,,13.0,1394.0,572.0,2910.6,8.413,5.089,29.0,37.0,588.2,614.6,27.6,-0.5,,,79.0,52.0,,128.0,,70.0,88.0,,31.0,2.0,,,,,,,,,,,0.0,,0.0,,1.0,,1654520448.0,5.0,28.3,31.0,21.8,0.68,1005.2,6.2,9.2,255.0,1.5,1654475392.0,1654522880.0,0.22,10388125.0,,0.25,5.0,0.88,16093.0,0.0,278.5,,,,0.0,2.088,2037.9,,,,,,,,,,,,,,,,,,,,,""
7264200751,"Jun 6, 2022, 11:37:03 AM",Afternoon Ride,Ride,"",4674,10.19,186.0,22,,,The ultimate canyon,activities/7737497033.fit.gz,,13.0,4674.0,2357.0,10191.0,16.536,4.324,216.0,197.0,591.8,676.8,42.3,0.0,,,108.0,54.0,,150.0,,117.0,439.0,,31.0,22.0,,,,,,,,,,,0.0,,0.0,,1.0,,1654513152.0,2.0,30.2,33.4,21.9,0.61,1003.9,4.5,5.7,276.0,0.5,1654475392.0,1654522880.0,0.22,10388125.0,,0.14,5.0,0.79,10270.0,3.0,276.2,,,,0.0,2.18,9248.0,,,,,,,,,,,,,,,,,,,,,""
7251140813,"Jun 4, 2022, 3:26:20 AM",Morning Ride,Ride,"",3469,5.59,169.0,5,,,The ultimate canyon,activities/7723163401.fit.gz,,13.0,3469.0,1213.0,5591.4,6.926,4.61,61.0,14.0,573.2,625.0,20.2,0.9,,,91.0,50.0,,132.0,,76.0,174.0,,31.0,5.0,,,,,,,,,,,0.0,,0.0,,1.0,,1654311552.0,2.0,26.4,27.9,20.5,0.7,1008.5,4.1,5.2,277.0,0.0,1654302592.0,1654349952.0,0.16,10388125.0,,0.0,,0.32,16093.0,3.0,283.9,,,,0.0,1.612,1133.4,,,,,,,,,,,,,,,,,,,,,""
7250955106,"Jun 4, 2022, 12:35:27 AM",Morning Ride,Ride,"",7060,47.53,191.0,41,,,The ultimate canyon,activities/7722959372.fit.gz,,13.0,7060.0,6104.0,47538.2,16.91,7.788,233.0,256.0,564.8,607.4,11.9,-0.1,,,123.0,71.0,,142.0,,128.0,938.0,,25.0,41.0,,,,,,,,,,,0.0,,0.0,,1.0,,1654300800.0,2.0,23.5,24.1,21.3,0.88,1007.0,3.4,5.5,261.0,0.0,1654302592.0,1654349952.0,0.16,10388125.0,,0.0,,0.46,16093.0,0.0,282.9,,,,0.0,6.733,3833.6,,,,,,,,,,,,,,,,,,,,,""
7242679198,"Jun 2, 2022, 11:52:15 AM",Afternoon Ride,Ride,,3085,11.03,177.0,22,,,Road sweeper,activities/7713966633.fit.gz,,13.0,3085.0,2510.0,11038.5,15.892,4.398,235.0,228.0,571.8,688.6,25.3,0.3,,,96.0,56.0,,148.0,,145.0,470.0,,32.0,22.0,,,,,,,,,,,,,0.0,,1.0,,1654167552.0,2.0,31.8,32.9,18.4,0.45,1004.5,5.7,5.7,309.0,1.1,1654129792.0,1654177152.0,0.1,9402698.0,,0.09,5.0,0.65,16093.0,3.0,280.3,,,,0.0,3.578,10198.3,,,,,,,,,,,,,,,,,,,,,""
7240772822,"Jun 2, 2022, 3:10:26 AM",Morning Activity,Elliptical,,301,0,155.0,1,,,,activities/7711897125.fit.gz,,,301.0,301.0,0.0,0.0,0.0,0.0,,,,0.0,0.0,,,,,,130.0,,,52.0,,,1.0,,,,,,,,,,,,,0.0,,1.0,,,,,,,,,,,,,,,,,,,,,,,,,,,0.0,0.0,0.0,,,,,,,,,,,,,,,,,,,,,""
7235417668,"Jun 1, 2022, 3:39:53 AM",Morning Ride,Ride,"",1446,7.32,170.0,6,,,The ultimate canyon,activities/7706071342.fit.gz,,13.0,1446.0,1381.0,7322.2,9.82,5.302,89.0,35.0,582.4,640.2,26.6,0.6,,,93.0,54.0,,134.0,,88.0,232.0,,28.0,6.0,,,,,,,,,,,0.0,,0.0,,1.0,,1654052352.0,2.0,25.6,26.2,21.1,0.76,1008.7,3.3,4.4,276.0,0.0,1654043392.0,1654090752.0,0.07,10388125.0,,0.0,,0.62,16093.0,3.0,286.7,,,,0.0,5.064,2671.6,,,,,,,,,,,,,,,,,,,,,""
7235164237,"Jun 1, 2022, 12:15:49 AM",Morning Ride,Ride,"",6103,35.20,191.0,25,,,The ultimate canyon,activities/7705796421.fit.gz,,13.0,6103.0,5692.0,35201.5,19.652,6.184,210.0,240.0,561.4,658.2,19.9,-0.1,,,126.0,53.0,,134.0,,88.0,781.0,,25.0,25.0,,,,,,,,,,,0.0,,0.0,,1.0,,1654041600.0,2.0,23.9,24.6,21.5,0.86,1007.0,3.7,6.5,261.0,0.0,1654043392.0,1654090752.0,0.07,10388125.0,,0.0,,0.76,16093.0,0.0,287.0,,,,0.0,5.768,16000.1,,,,,,,,,,,,,,,,,,,,,""
7232179582,"May 31, 2022, 1:27:48 PM",Evening Ride,Ride,,4735,12.80,156.0,8,,,Road sweeper,activities/7702555650.fit.gz,,13.0,4735.0,2516.0,12806.7,10.221,5.09,70.4,165.0,555.6,596.0,9.7,0.1,,,,,,128.0,,117.0,370.0,,,8.0,,,,,,,,,,,,,0.0,,1.0,,1654002048.0,2.0,30.5,32.8,20.5,0.55,1004.6,6.3,6.7,284.0,0.1,1653956992.0,1654004352.0,0.04,9402698.0,,0.03,5.0,0.51,16093.0,0.0,286.0,,,,0.0,2.705,8094.5,,,,,,,,,,,,,,,,,,,,,""
7229906712,"May 31, 2022, 3:26:42 AM",Morning Ride,Ride,"",897,5.13,182.0,5,,,The ultimate canyon,activities/7700071003.fit.gz,,13.0,897.0,897.0,5134.1,10.097,5.724,46.0,14.0,563.8,606.4,9.4,0.6,,,96.0,52.0,,143.0,,101.0,177.0,,29.0,5.0,,,,,,,,,,,0.0,,0.0,,1.0,,1653965952.0,2.0,26.3,27.9,21.1,0.73,1008.7,4.3,5.7,277.0,0.0,1653956992.0,1654004352.0,0.04,10388125.0,,0.0,,0.52,16093.0,3.0,289.0,,,,0.0,5.724,779.1,,,,,,,,,,,,,,,,,,,,,""
7229761672,"May 31, 2022, 12:23:23 AM",Morning Ride,Ride,"",6318,32.24,192.0,25,,,The ultimate canyon,activities/7699908772.fit.gz,,13.0,6318.0,5140.0,32244.5,19.226,6.273,219.0,250.0,551.0,650.8,13.7,-0.1,,,122.0,58.0,,135.0,,93.0,716.0,,24.0,25.0,,,,,,,,,,,0.0,,0.0,,1.0,,1653955200.0,2.0,22.2,22.9,21.0,0.93,1007.4,3.4,6.1,266.0,0.0,1653956992.0,1654004352.0,0.04,10388125.0,,0.0,,0.55,16093.0,0.0,287.7,,,,0.0,5.104,12047.2,,,,,,,,,,,,,,,,,,,,,""
7224819116,"May 30, 2022, 3:21:40 AM",Morning Ride,Ride,"",1045,5.47,169.0,3,,,The ultimate canyon,activities/7694502828.fit.gz,,13.0,1045.0,1045.0,5469.3,8.555,5.234,45.0,12.0,566.4,607.6,10.4,0.6,,,101.0,52.0,,128.0,,82.0,158.0,,28.0,3.0,,,,,,,,,,,0.0,,0.0,,1.0,,1653879552.0,1.0,26.6,28.0,20.1,0.68,1009.2,5.1,7.1,274.0,0.0,1653870592.0,1653917824.0,0.0,10388125.0,,0.0,,0.19,16093.0,3.0,284.8,,,,0.0,5.234,839.9,,,,,,,,,,,,,,,,,,,,,""
7224748589,"May 30, 2022, 12:25:18 AM",Morning Ride,Ride,"",6933,40.95,177.0,19,,,The ultimate canyon,activities/7694422014.fit.gz,,13.0,6933.0,6910.0,40953.8,12.148,5.927,204.0,246.0,551.8,607.4,5.7,-0.1,,,110.0,52.0,,117.0,,69.0,690.0,,24.0,19.0,,,,,,,,,,,0.0,,0.0,,1.0,,1653868800.0,1.0,22.2,22.9,20.6,0.91,1007.3,3.4,7.7,261.0,0.0,1653870592.0,1653917952.0,0.0,10388125.0,,0.01,5.0,0.22,16093.0,0.0,283.9,,,,0.0,5.907,4859.4,,,,,,,,,,,,,,,,,,,,,""
7219256315,"May 29, 2022, 2:34:18 AM",Super windy return from chefs on a wheel ,Ride,"",2448,12.10,165.0,8,,,The ultimate canyon,activities/7688359410.fit.gz,,13.0,2448.0,2228.0,12101.7,11.327,5.432,76.0,53.0,575.8,618.0,26.4,0.1,,,86.0,50.0,,132.0,,76.0,339.0,,27.0,8.0,,,,,,,,,,,0.0,,0.0,,1.0,,1653789568.0,1.0,24.9,25.5,20.9,0.78,1008.6,5.5,9.4,287.0,0.0,1653784192.0,1653831424.0,0.97,10388125.0,,0.01,5.0,0.13,16093.0,1.0,287.6,,,,0.0,4.943,2721.0,,,,,,,,,,,,,,,,,,,,,""
7219132912,"May 29, 2022, 12:07:38 AM",Undecided solo ride,Ride,"",7343,50.27,178.0,36,,,The ultimate canyon,activities/7688224209.fit.gz,,13.0,7343.0,7029.0,50274.0,13.338,7.152,243.0,283.0,546.4,612.8,5.6,-0.1,,,145.0,66.0,,137.0,,102.0,988.0,,24.0,36.0,,,,,,,,,,,0.0,,0.0,,1.0,,1653782400.0,1.0,22.6,23.3,21.0,0.91,1007.4,3.8,9.1,254.0,0.0,1653784192.0,1653831424.0,0.97,10388125.0,,0.01,5.0,0.19,16093.0,0.0,286.5,,,,0.0,6.847,7275.9,,,,,,,,,,,,,,,,,,,,,media/87FBE13C-2EF7-479C-9B0E-D21DCA78593E.jpg|media/3FD21A58-3BBB-4442-887B-3A964B7358AB.jpg
7213780515,"May 28, 2022, 3:21:13 AM",Morning Ride,Ride,,1177,5.26,161.0,4,,,Road sweeper,activities/7682357177.fit.gz,,13.0,1177.0,1177.0,5262.6,6.614,4.471,47.0,14.0,565.8,607.8,10.3,0.6,,,96.0,51.0,,129.0,,114.0,186.0,,29.0,4.0,,,,,,,,,,,,,0.0,,1.0,,1653706752.0,1.0,26.5,27.6,18.7,0.62,1009.1,6.1,8.7,265.0,0.0,1653697792.0,1653745024.0,0.94,9402698.0,,0.0,,0.09,16093.0,3.0,288.1,,,,0.0,4.471,945.7,,,,,,,,,,,,,,,,,,,,,""
7213683170,"May 27, 2022, 11:57:08 PM",Morning Ride,Ride,"",9016,46.53,183.0,27,,,The ultimate canyon,activities/7682251729.fit.gz,,13.0,9016.0,7756.0,46535.8,17.262,6.0,283.0,321.0,550.2,628.0,18.6,-0.1,,,210.0,56.0,,124.0,,91.0,904.0,,24.0,27.0,,,,,,,,,,,0.0,,0.0,,1.0,,1653692416.0,1.0,22.6,23.2,20.4,0.87,1007.2,4.2,8.6,259.0,0.0,1653697792.0,1653745024.0,0.94,10388125.0,,0.0,,0.21,16093.0,0.0,287.2,,,,0.0,5.161,8188.0,,,,,,,,,,,,,,,,,,,,,""
7209121308,"May 27, 2022, 4:06:26 AM",Morning Ride,Ride,,1187,5.04,166.0,5,,,Road sweeper,activities/7677263291.fit.gz,,13.0,1187.0,1151.0,5041.3,7.114,4.38,58.0,13.0,574.6,620.4,33.0,0.8,,,89.0,46.0,,138.0,,121.0,211.0,,31.0,5.0,,,,,,,,,,,,,0.0,,1.0,,1653624064.0,1.0,28.8,29.7,18.1,0.53,1010.0,5.5,7.5,272.0,0.0,1653611392.0,1653658624.0,0.91,9402698.0,,0.0,,0.26,16093.0,5.0,291.4,,,,0.0,4.247,693.1,,,,,,,,,,,,,,,,,,,,,""
7209011361,"May 27, 2022, 12:35:51 AM",Morning Ride,Ride,,9028,43.02,185.0,39,,,Road sweeper,activities/7677142883.fit.gz,,13.0,9028.0,6315.0,43021.7,14.702,6.813,244.0,317.0,540.6,655.8,6.9,-0.3,,,196.0,62.0,,140.0,,178.0,987.0,,26.0,39.0,,,,,,,,,,,,,0.0,,1.0,,1653609600.0,1.0,21.9,22.4,19.6,0.87,1008.6,3.6,7.8,261.0,0.0,1653611392.0,1653658624.0,0.91,9402698.0,,0.0,,0.16,16093.0,0.0,288.3,,,,0.0,4.765,1170.1,,,,,,,,,,,,,,,,,,,,,""
7208682002,"May 26, 2022, 11:56:59 PM",Morning Ride,Ride,"",2270,11.36,178.0,9,,,The ultimate canyon,activities/7676787495.fit.gz,,13.0,2270.0,1909.0,11361.6,9.042,5.952,88.0,46.0,558.2,639.2,10.2,0.2,,,92.0,61.0,,135.0,,91.0,333.0,,24.0,9.0,,,,,,,,,,,0.0,,0.0,,1.0,,1653606016.0,1.0,22.4,22.9,19.7,0.84,1008.1,4.0,8.1,278.0,0.0,1653611392.0,1653658624.0,0.91,10388125.0,,0.0,,0.22,16093.0,0.0,289.6,,,,0.0,5.005,7656.7,,,,,,,,,,,,,,,,,,,,,""
7203455604,"May 25, 2022, 11:46:57 PM",First ride in pune after many days,Ride,"",9504,37.65,184.0,22,,,The ultimate canyon,activities/7671098081.fit.gz,,13.0,9504.0,6675.0,37654.1,15.244,5.641,234.0,233.0,546.4,652.4,8.8,0.0,,,,,,124.0,,76.0,800.0,,23.0,22.0,,,,,,,,,,,0.0,,0.0,,1.0,,1653519616.0,1.0,22.5,23.0,19.7,0.84,1008.8,3.6,7.4,278.0,0.0,1653524992.0,1653572224.0,0.88,10388125.0,,0.0,,0.16,16093.0,0.0,288.2,,,,0.0,3.962,15543.3,,,,,,,,,,,,,,,,,,,,,media/DC687F69-FBAC-462E-8045-5BE2C0D6DE24.jpg|media/C8DB77C7-CCF0-472C-AE10-C8E0CC9F2443.jpg
7176843298,"May 21, 2022, 12:21:46 AM",Morning Hike,Hike,,19572,7.28,,,,,Saucony Hurricane 23 Stable Hurricane,activities/7176843298.fit,,,19572.0,9758.0,7279.3,6.669,0.746,298.8,637.0,356.3,582.4,49.9,-0.4,,,,,,,,,751.0,,,,,,,,,,,,,,,,0.0,,1.0,,1653091200.0,5.0,23.2,24.0,22.1,0.94,1010.9,1.4,2.0,149.0,0.1,1653087360.0,1653129856.0,0.71,,9758854.0,0.25,5.0,1.0,16093.0,0.0,250.9,,,,0.0,0.372,1185.1,,,,,,,,,,,,,,,,,,,,,""
7171525160,"May 20, 2022, 12:18:23 AM",Morning Ride,Ride,,387,2.08,123.0,0,,,Road sweeper,activities/7636340829.fit.gz,,13.0,387.0,387.0,2080.8,7.762,5.377,4.0,4.0,9.6,13.8,9.9,0.1,,,87.0,64.0,,110.0,,55.0,31.0,,27.0,0.0,21493.0,,,,,,,,63.0,388.0,,,0.0,,1.0,,1653004800.0,2.0,25.7,26.5,23.1,0.86,1010.8,1.4,1.4,173.0,0.1,1653000960.0,1653043456.0,0.67,9402698.0,,0.15,5.0,0.62,16093.0,0.0,252.2,,,,0.0,5.377,0.0,,,,,,,,,,,,,,,,,,,,,""
7171409073,"May 19, 2022, 10:46:17 PM",Morning Ride,Ride,"",3608,34.54,181.0,33,,,Shanyon,activities/7636217129.fit.gz,,13.0,3608.0,3608.0,34545.9,14.926,9.575,33.0,38.0,-2.4,10.2,4.2,0.0,,,107.0,83.0,,150.0,,153.0,648.0,,26.0,33.0,553747.0,,,,,,,,171.0,3609.0,0.0,,0.0,,1.0,,1652997632.0,2.0,25.0,25.8,22.9,0.88,1009.5,1.0,1.1,179.0,0.0,1653000960.0,1653043456.0,0.67,10794160.0,,0.07,5.0,0.67,16093.0,0.0,253.4,,,,0.0,9.575,0.0,,,,,,,,,,,,,,,,,,,,,""
7166216935,"May 18, 2022, 11:35:49 PM",Morning Ride,Ride,,2516,12.33,163.0,8,,,Road sweeper,activities/7630574998.fit.gz,,13.0,2516.0,1531.0,12335.0,12.032,8.057,12.0,15.0,2.6,8.8,9.3,0.0,,,133.0,75.0,,139.0,,115.0,217.0,,26.0,8.0,176597.0,,,,,,,,136.0,1849.0,,,0.0,,1.0,,1652914816.0,3.0,24.9,26.1,24.9,1.0,1010.9,2.0,2.1,158.0,1.0,1652914560.0,1652957056.0,0.63,9402698.0,,0.22,5.0,0.88,16093.0,0.0,252.7,,,,0.0,4.903,0.0,,,,,,,,,,,,,,,,,,,,,""
7166084262,"May 18, 2022, 10:42:13 PM",Tempo pulomas 4 loops solo,Ride,"",3200,30.04,178.0,44,,,Shanyon,activities/7630434414.fit.gz,,13.0,3200.0,3200.0,30041.2,13.29,9.388,37.0,38.0,-0.6,7.2,5.7,0.0,,,109.0,83.0,,156.0,,162.0,604.0,,26.0,44.0,520160.0,,,,,,,,179.0,3201.0,0.0,,0.0,,1.0,,1652911232.0,2.0,24.4,25.7,24.4,1.0,1010.3,1.6,1.8,159.0,0.5,1652914560.0,1652957056.0,0.63,10794160.0,,0.15,5.0,0.87,16093.0,0.0,252.4,,,,0.0,9.388,0.0,,,,,,,,,,,,,,,,,,,,,media/1A599C1E-68CC-4F3B-9FBA-2D749DFF84E5.jpg
7143665835,"May 14, 2022, 11:43:19 PM",Morning Ride,Ride,"",923,2.29,138.0,1,,,Shanyon,activities/7606032725.fit.gz,,13.0,923.0,311.0,2292.2,8.388,7.37,3.0,0.0,7.6,9.8,6.8,-0.1,,,91.0,76.0,,130.0,,102.0,40.0,,28.0,1.0,32083.0,,,,,,,,93.0,478.0,0.0,,0.0,,1.0,,1652569216.0,2.0,26.9,31.1,25.4,0.91,1010.1,1.3,1.3,151.0,0.0,1652568960.0,1652611456.0,0.48,10794160.0,,0.05,5.0,0.68,16093.0,0.0,251.8,,,,0.0,2.483,0.0,,,,,,,,,,,,,,,,,,,,,""
7143605484,"May 14, 2022, 10:49:00 PM",Morning Ride,Ride,"",2845,22.01,179.0,12,,,Shanyon,activities/7605967185.fit.gz,,13.0,2845.0,2845.0,22016.2,11.856,7.739,24.0,26.0,-0.6,9.2,8.2,0.0,,,110.0,77.0,,132.0,,112.0,394.0,,27.0,12.0,318854.0,,,,,,,,142.0,2846.0,0.0,,0.0,,1.0,,1652565632.0,2.0,26.7,31.1,25.8,0.95,1009.9,1.4,1.5,149.0,0.0,1652568960.0,1652611456.0,0.48,10794160.0,,0.05,5.0,0.66,16093.0,0.0,251.7,,,,0.0,7.739,0.0,,,,,,,,,,,,,,,,,,,,,""
7138245921,"May 13, 2022, 10:33:18 PM",Morning Ride,Ride,"",14466,63.26,179.0,48,,,Shanyon,activities/7600120692.fit.gz,,13.0,14466.0,10247.0,63260.9,16.472,6.174,586.0,475.0,8.6,449.8,37.5,0.2,,,119.0,68.0,,136.0,,115.0,1448.0,,28.0,48.0,1176629.0,,,,,,,,141.0,12175.0,0.0,,0.0,,1.0,,1652479232.0,2.0,26.4,29.4,25.5,0.95,1009.3,1.4,1.9,206.0,0.0,1652482560.0,1652525056.0,0.44,10794160.0,,0.0,,0.86,16093.0,0.0,249.8,,,,0.0,4.373,0.0,,,,,,,,,,,,,,,,,,,,,""
7133160501,"May 13, 2022, 12:02:54 AM",Morning Ride,Ride,"",358,2.06,126.0,0,,,Shanyon,activities/7594588601.fit.gz,,13.0,358.0,358.0,2065.7,7.55,5.77,5.0,5.0,8.6,12.8,4.1,0.0,,,85.0,63.0,,113.0,,62.0,31.0,,28.0,0.0,22524.0,,,,,,,,71.0,357.0,0.0,,0.0,,1.0,,1652400000.0,2.0,27.4,31.2,24.5,0.84,1009.3,2.0,2.8,215.0,0.0,1652396160.0,1652438656.0,0.4,10794160.0,,0.0,,0.66,16093.0,1.0,246.8,,,,0.0,5.77,0.0,,,,,,,,,,,,,,,,,,,,,""
7133101978,"May 12, 2022, 10:46:54 PM",Morning Ride,Ride,"",3802,34.96,157.0,15,,,Shanyon,activities/7594525922.fit.gz,,13.0,3802.0,3802.0,34962.0,12.164,9.196,41.0,47.0,5.0,13.0,35.2,0.0,,,110.0,80.0,,139.0,,125.0,575.0,,27.0,15.0,477368.0,,,,,,,,131.0,3802.0,0.0,,0.0,,1.0,,1652392832.0,2.0,26.7,30.5,25.1,0.91,1008.4,2.2,5.4,225.0,0.0,1652396160.0,1652438656.0,0.4,10794160.0,,0.06,5.0,0.73,16093.0,0.0,246.9,,,,0.0,9.196,0.0,,,,,,,,,,,,,,,,,,,,,""
7129871652,"May 12, 2022, 11:18:22 AM",Evening Run,Run,,1970,5.01,192.0,33,,,Saucony Hurricane 23 Stable Hurricane,activities/7591001371.fit.gz,,,1970.0,1970.0,5015.9,5.033,2.546,0.0,121.0,7.3,8.5,1.3,0.0,,,83.0,77.0,,165.0,,,436.0,,,33.0,,,,,,,,,,,,,0.0,,1.0,5018.0,1652353152.0,3.0,30.2,36.0,24.6,0.72,1006.8,5.2,8.4,236.0,0.2,1652309760.0,1652352384.0,0.37,,9758854.0,0.14,5.0,0.92,16093.0,0.0,245.5,,,,0.0,2.546,0.0,,,,,,,,,,,,,,,,,,,,,""
7116317215,"May 10, 2022, 12:13:52 AM",Morning Ride,Ride,"",188,0.98,115.0,0,,,Shanyon,activities/7576351999.fit.gz,,13.0,188.0,188.0,983.4,7.118,5.231,7.0,2.0,9.8,14.6,31.2,0.5,,,74.0,56.0,,108.0,,54.0,14.0,,28.0,0.0,9833.0,,,,,,,,57.0,189.0,0.0,,0.0,,1.0,,1652140800.0,2.0,27.4,32.8,26.2,0.94,1007.9,1.5,1.6,146.0,0.0,1652136960.0,1652179584.0,0.3,10794160.0,,0.02,5.0,0.71,16093.0,1.0,250.8,,,,0.0,5.231,0.0,,,,,,,,,,,,,,,,,,,,,""
7116248554,"May 9, 2022, 10:52:06 PM",Morning Ride,Ride,"",3634,28.48,159.0,13,,,Shanyon,activities/7576279223.fit.gz,,13.0,3634.0,3537.0,28486.6,11.126,8.054,34.0,38.0,6.0,12.6,18.8,0.0,,,106.0,78.0,,134.0,,117.0,508.0,,26.0,13.0,414272.0,,,,,,,,124.0,3635.0,0.0,,0.0,,1.0,,1652133632.0,2.0,26.7,30.8,26.7,1.0,1007.8,1.4,1.5,137.0,0.0,1652136832.0,1652179584.0,0.3,10794160.0,,0.0,,0.84,16093.0,0.0,249.2,,,,0.0,7.839,0.0,,,,,,,,,,,,,,,,,,,,,""
7105650147,"May 7, 2022, 11:28:54 PM",Super bonked ride,Ride,"",5291,30.16,143.0,12,true,,Shanyon,activities/7564713512.fit.gz,,13.0,5291.0,4588.0,30166.3,11.87,6.575,77.0,76.0,-3.0,14.6,12.1,0.0,,,98.0,66.0,,116.0,,68.0,434.0,,29.0,12.0,313034.0,,,,,,,,85.0,4878.0,0.0,,1.0,,1.0,,1651964416.0,3.0,26.5,29.5,24.9,0.9,1008.0,2.4,4.4,195.0,0.0,1651964032.0,1652006784.0,0.24,10794160.0,,0.1,5.0,0.97,16093.0,0.0,249.1,,,,0.0,5.701,0.0,,,,,,,,,,,,,,,,,,,,,""
7100140486,"May 6, 2022, 10:40:24 PM",Alam Sutera Bintaro loop. Traffic after 113kms,Ride,"",20982,122.06,185.0,93,,,Shanyon,activities/7558684617.fit.gz,,13.0,20982.0,14972.0,122065.4,14.77,8.153,421.0,421.0,4.8,34.2,18.6,0.0,,,131.0,75.0,,144.0,,115.0,2115.0,,31.0,93.0,1721825.0,,,,,6.0,,,136.0,16012.0,0.0,395.0,0.0,,1.0,,1651874432.0,2.0,26.1,28.3,24.5,0.91,1006.4,1.8,1.8,185.0,0.1,1651877632.0,1651920384.0,0.21,10794160.0,,0.2,5.0,0.7,16093.0,0.0,250.4,,,,0.0,5.818,0.0,,,,,,,,,,,,,,,,,,,,,media/D838A84D-CE88-4AAC-AC10-5B59CF195D85.jpg|media/6CF94A36-2545-4CBC-8599-7C39EFAA3787.jpg|media/5014B8EB-EFD2-49C5-8DB0-90FF3BEB0EF3.jpg
7089739458,"May 4, 2022, 10:40:13 PM",Dalkot Z2,Ride,"",7772,59.15,179.0,33,,,Shanyon,activities/7547354455.fit.gz,,13.0,7772.0,6438.0,59149.4,14.112,9.188,273.0,279.0,-9.4,19.4,10.4,0.0,,,121.0,78.0,,140.0,,135.0,1047.0,,26.0,33.0,876234.0,,,,,,,,154.0,6825.0,0.0,,0.0,,1.0,,1651701632.0,2.0,25.7,26.6,23.7,0.89,1008.5,1.5,1.9,212.0,0.0,1651704832.0,1651747584.0,0.15,10794160.0,,0.0,,0.56,16093.0,0.0,250.6,,,,0.0,7.611,0.0,,,,,,,,,,,,,,,,,,,,,""
7084496407,"May 3, 2022, 11:31:59 PM",Climbs 😭😭😭,Ride,"",7804,28.67,185.0,47,,,Shanyon,activities/7541689823.fit.gz,,13.0,7804.0,5751.0,28669.3,15.478,4.985,586.0,606.0,188.2,617.8,41.3,0.0,,,107.0,66.0,,139.0,,127.0,879.0,,25.0,47.0,727408.0,,,,,,,,177.0,6161.0,0.0,,0.0,,1.0,,1651618816.0,2.0,23.5,24.3,21.9,0.91,1009.8,1.3,1.4,200.0,0.0,1651618560.0,1651661184.0,0.12,10794160.0,,0.0,,0.65,16093.0,0.0,248.6,,,,0.0,3.674,0.0,,,,,,,,,,,,,,,,,,,,,media/8AE68295-35A1-4819-82E1-77DB280DC333.jpg|media/A9F27864-3506-459B-950C-8211DA69AEB4.jpg|media/1B67D9BC-1E89-4442-9B1F-A95EE03365CF.jpg
7078931484,"May 3, 2022, 1:26:50 AM",Morning Ride,Ride,,769,3.81,134.0,2,,,Road sweeper,activities/7535688877.fit.gz,,13.0,769.0,741.0,3813.4,9.146,5.146,9.0,7.0,4.2,8.6,7.2,0.0,,,95.0,59.0,,119.0,,55.0,60.0,,29.0,2.0,40601.0,,,,,,,,64.0,762.0,,,0.0,,1.0,,1651539584.0,2.0,27.7,31.3,23.9,0.8,1009.9,1.6,2.0,154.0,0.0,1651532032.0,1651574784.0,0.08,9402698.0,,0.0,,0.44,16093.0,2.0,250.8,,,,0.0,4.959,0.0,,,,,,,,,,,,,,,,,,,,,""
7078931437,"May 3, 2022, 12:47:10 AM",Morning Ride,Ride,,678,3.89,137.0,1,,,Road sweeper,activities/7535688814.fit.gz,,13.0,678.0,678.0,3894.1,10.79,5.744,7.0,8.0,8.6,19.6,21.0,0.2,,,92.0,62.0,,122.0,,61.0,59.0,,31.0,1.0,41441.0,,,,,,,,72.0,676.0,,,0.0,,1.0,,1651536000.0,2.0,26.1,28.1,23.3,0.85,1009.3,1.8,2.3,165.0,0.0,1651532032.0,1651574784.0,0.08,9402698.0,,0.0,,0.43,16093.0,1.0,250.3,,,,0.0,5.744,0.0,,,,,,,,,,,,,,,,,,,,,""
7078663215,"May 2, 2022, 11:01:20 PM",Morning Ride,Ride,"",5579,47.41,173.0,29,,,Shanyon,activities/7535398533.fit.gz,,13.0,5579.0,5579.0,47410.3,14.402,8.498,68.0,60.0,-12.4,28.0,47.0,0.1,,,111.0,79.0,,142.0,,129.0,870.0,,25.0,29.0,721850.0,,,,,,,,145.0,5580.0,0.0,,0.0,,1.0,,1651532416.0,2.0,25.4,26.3,23.3,0.88,1008.7,1.5,2.0,171.0,0.0,1651532032.0,1651574784.0,0.08,10794160.0,,0.0,,0.44,16093.0,0.0,250.2,,,,0.0,8.498,0.0,,,,,,,,,,,,,,,,,,,,,media/E3B29D92-9697-4790-ACAB-C8819DA3AF69.jpg|media/785F9459-45BE-4EAD-9398-B407718E16FF.jpg
7062445222,"Apr 30, 2022, 2:59:35 AM",Morning Ride,Ride,,5183,6.70,144.0,4,,,Road sweeper,activities/7517703093.fit.gz,,13.0,5183.0,1578.0,6707.9,9.758,4.251,66.0,22.0,564.0,616.6,45.9,0.8,,,100.0,59.0,,126.0,,104.0,202.0,,33.0,4.0,,,,,,,,,,,,,0.0,,1.0,,1651283968.0,1.0,26.6,26.6,13.0,0.43,1009.3,2.5,3.5,287.0,0.0,1651279104.0,1651325184.0,0.99,9402698.0,,0.0,,0.01,16093.0,1.0,275.5,,,,0.0,1.294,2345.2,,,,,,,,,,,,,,,,,,,,,""
7062218678,"Apr 30, 2022, 12:15:19 AM",Morning Ride,Ride,,6528,37.56,178.0,20,,,Road sweeper,activities/7517455324.fit.gz,,13.0,6528.0,6048.0,37563.2,13.994,6.211,218.0,262.0,548.2,602.8,6.7,-0.1,,,125.0,68.0,,122.0,,145.0,680.0,,26.0,20.0,,,,,,,,,,,,,0.0,,1.0,,1651276800.0,1.0,23.8,23.9,16.3,0.63,1007.6,2.4,3.2,269.0,0.0,1651279104.0,1651325184.0,0.99,9402698.0,,0.0,,0.01,16093.0,0.0,274.7,,,,0.0,5.754,5136.7,,,,,,,,,,,,,,,,,,,,,""
7057758001,"Apr 29, 2022, 3:19:49 AM",Morning Ride,Ride,,1109,5.75,173.0,3,,,Road sweeper,activities/7512598009.fit.gz,,13.0,1109.0,1109.0,5756.0,9.18,5.19,49.0,16.0,571.8,617.6,7.3,0.8,,,109.0,69.0,,126.0,,136.0,159.0,,30.0,3.0,,,,,,,,,,,,,0.0,,1.0,,1651201152.0,1.0,29.6,30.8,18.8,0.52,1012.0,2.0,3.3,285.0,0.0,1651192832.0,1651238784.0,0.96,9402698.0,,0.0,,0.18,16093.0,3.0,275.0,,,,0.0,5.19,1050.5,,,,,,,,,,,,,,,,,,,,,""
7057652361,"Apr 29, 2022, 12:08:57 AM",Morning Ride,Ride,,8374,44.42,181.0,21,,,Road sweeper,activities/7512483182.fit.gz,,13.0,8374.0,7734.0,44426.9,17.53,5.744,206.0,244.0,558.2,625.4,14.4,-0.1,,,160.0,66.0,,115.0,,125.0,723.0,,26.0,21.0,,,,,,,,,,,,,0.0,,1.0,,1651190400.0,1.0,23.6,24.2,20.8,0.84,1010.3,2.0,2.9,247.0,0.0,1651192832.0,1651238784.0,0.96,9402698.0,,0.0,,0.12,16093.0,0.0,272.7,,,,0.0,5.305,3710.3,,,,,,,,,,,,,,,,,,,,,""
7049085522,"Apr 27, 2022, 12:47:50 PM",Evening Swim,Swim,,764,350,147.0,2,,,,activities/7503258411.fit.gz,,,764.0,528.0,350.0,1.472,0.663,0.0,,,,0.0,0.0,,,,26.0,,124.0,,,85.0,,,2.0,,,,,,,,,,,,,0.0,,1.0,,,,,,,,,,,,,,,,,,,,,,,,,,,0.0,0.458,0.0,,,,,,,,,,,,,,,,,,,,,""
7049084791,"Apr 27, 2022, 12:32:57 PM",Evening Swim,Swim,,874,400,149.0,2,,,,activities/7503257613.fit.gz,,,874.0,558.0,400.0,3.572,0.717,0.0,,,,0.0,0.0,,,,28.0,,124.0,,,93.0,,,2.0,,,,,,,,,,,,,0.0,,1.0,,,,,,,,,,,,,,,,,,,,,,,,,,,0.0,0.458,0.0,,,,,,,,,,,,,,,,,,,,,""
7043612421,"Apr 26, 2022, 1:04:03 PM",Evening Swim,Swim,6*25 m rounds,347,150,142.0,1,,,,activities/7497362468.fit.gz,,,347.0,249.0,150.0,0.808,0.602,0.0,,,,0.0,0.0,,,,28.0,,126.0,,,38.0,,,1.0,,,,,,,,,,,0.0,,0.0,,1.0,,,,,,,,,,,,,,,,,,,,,,,,,,,0.0,0.432,0.0,,,,,,,,,,,,,,,,,,,,,""
7043588564,"Apr 26, 2022, 12:36:42 PM",Evening Swim,Swim,14*50 m rounds,1539,700,143.0,4,,,,activities/7497336463.fit.gz,,,1539.0,987.0,700.0,8.0,0.709,0.0,,,,0.0,0.0,,,,29.0,,123.0,,,180.0,,,4.0,,,,,,,,,,,0.0,,0.0,,1.0,,,,,,,,,,,,,,,,,,,,,,,,,,,0.0,0.455,0.0,,,,,,,,,,,,,,,,,,,,,""
7042375218,"Apr 26, 2022, 7:27:17 AM",Lunch Ride,Ride,"",2117,8.42,,,,,The raider,activities/7496021568.fit.gz,,13.0,2117.0,1796.0,8428.2,9.148,4.693,46.0,26.0,587.4,625.2,10.2,0.4,,,102.0,63.0,,,,140.0,246.0,,43.0,,,,,,,,,,,,0.0,,0.0,,1.0,,1650956416.0,1.0,36.7,36.7,4.9,0.14,1008.3,2.9,3.4,34.0,0.0,1650933760.0,1650979584.0,0.86,10404546.0,,0.0,,0.18,16093.0,12.0,273.6,,,,0.0,3.981,3385.1,,,,,,,,,,,,,,,,,,,,,""
7041803159,"Apr 26, 2022, 3:09:02 AM",Morning Ride,Ride,"",3726,23.76,179.0,29,,,The raider,activities/7495403067.fit.gz,,13.0,3726.0,3688.0,23766.1,13.202,6.444,163.0,167.0,561.8,651.4,8.4,0.0,,,118.0,75.0,,148.0,,218.0,736.0,,31.0,29.0,,,,,,,,,,,0.0,,0.0,,1.0,,1650941952.0,1.0,29.8,29.8,8.0,0.25,1010.5,0.8,1.0,347.0,0.0,1650933760.0,1650979584.0,0.86,10404546.0,,0.0,,0.23,16093.0,3.0,273.5,,,,0.0,6.378,9371.5,,,,,,,,,,,,,,,,,,,,,""
7031071240,"Apr 24, 2022, 4:43:13 AM",Morning Ride,Ride,"",1384,6.10,168.0,6,,,The raider,activities/7483716982.fit.gz,,13.0,1384.0,1345.0,6107.8,6.554,4.541,51.0,16.0,565.8,612.4,10.5,0.2,,,114.0,65.0,,139.0,,150.0,260.0,,29.0,6.0,,,,,,,,,,,0.0,,0.0,,1.0,,1650772736.0,2.0,30.7,30.8,16.4,0.42,1011.7,1.7,3.1,344.0,0.0,1650760960.0,1650806656.0,0.79,10404546.0,,0.0,,0.72,16093.0,4.0,276.9,,,,0.0,4.413,1344.2,,,,,,,,,,,,,,,,,,,,,""
7031026879,"Apr 24, 2022, 1:43:08 AM",Morning Ride,Ride,"",7978,37.49,166.0,25,,,The raider,activities/7483667529.fit.gz,,13.0,7978.0,6870.0,37493.6,14.034,5.458,232.0,277.0,552.6,644.8,20.2,-0.1,,,126.0,68.0,,130.0,,164.0,903.0,,26.0,25.0,,,,,,,,,,,0.0,,0.0,,1.0,,1650761984.0,2.0,24.8,25.2,19.3,0.71,1010.5,1.4,2.3,269.0,0.0,1650760960.0,1650806656.0,0.79,10404546.0,,0.0,,0.64,16093.0,0.0,273.9,,,,0.0,4.7,13244.1,,,,,,,,,,,,,,,,,,,,,""
7025621754,"Apr 23, 2022, 4:18:45 AM",Morning Ride,Ride,,1826,8.67,72.0,1,,,Road sweeper,activities/7477779537.fit.gz,,13.0,1826.0,1671.0,8672.8,9.718,5.19,52.0,46.0,571.8,611.6,11.2,0.1,,,97.0,63.0,,72.0,,121.0,274.0,,35.0,1.0,,,,,,,,,,,,,0.0,,1.0,,1650686464.0,2.0,31.2,31.4,16.4,0.41,1011.7,1.5,2.5,63.0,0.0,1650674688.0,1650720256.0,0.75,9402698.0,,0.0,,0.7,16093.0,4.0,276.6,,,,0.0,4.75,4414.3,,,,,,,,,,,,,,,,,,,,,""
7025347811,"Apr 23, 2022, 1:07:32 AM",Morning Ride,Ride,,2849,15.54,173.0,12,,,Road sweeper,activities/7477476048.fit.gz,,13.0,2849.0,2540.0,15542.7,13.32,6.119,129.0,116.0,554.8,632.6,14.4,-0.1,,,106.0,70.0,,138.0,,159.0,452.0,,24.0,12.0,,,,,,,,,,,,,0.0,,1.0,,1650675584.0,2.0,25.4,25.5,16.4,0.58,1010.4,1.3,1.4,259.0,0.0,1650674688.0,1650720256.0,0.75,9402698.0,,0.0,,0.56,16093.0,0.0,274.4,,,,0.0,5.455,6462.4,,,,,,,,,,,,,,,,,,,,,""
7025234963,"Apr 22, 2022, 11:51:36 PM",Morning Ride,Ride,,4540,37.25,194.0,76,,,Road sweeper,activities/7477354195.fit.gz,,13.0,4540.0,4495.0,37256.8,14.022,8.288,193.5,219.0,555.4,600.9,5.2,0.0,,,160.0,82.0,,161.0,,242.0,1082.0,,24.0,76.0,,,,,,,,,,,,,0.0,,1.0,,1650668416.0,2.0,25.7,25.8,17.1,0.59,1009.1,1.6,1.7,174.0,0.0,1650674560.0,1650720256.0,0.75,9402698.0,,0.01,5.0,0.41,16093.0,0.0,272.9,,,,0.0,8.206,2335.7,,,,,,,,,,,,,,,,,,,,,""
7023028253,"Apr 22, 2022, 2:31:01 PM",Evening Ride,Ride,,1028,5.70,164.0,7,,,Road sweeper,activities/7474961578.fit.gz,,13.0,1028.0,1007.0,5700.6,12.136,5.661,44.4,72.0,571.0,596.8,14.1,0.4,,,,,,148.0,,150.0,211.0,,,7.0,,,,,,,,,,,,,0.0,,1.0,,1650636032.0,2.0,32.2,32.2,15.7,0.37,1008.0,3.6,6.3,289.0,0.0,1650588288.0,1650633856.0,0.72,9402698.0,,0.01,5.0,0.48,16093.0,0.0,271.8,,,,0.0,5.545,1566.3,,,,,,,,,,,,,,,,,,,,,""
7022586798,"Apr 22, 2022, 12:36:44 PM",Evening Swim,Swim,,1517,600,172.0,8,,,,activities/7474481520.fit.gz,,,1517.0,711.0,600.0,8.334,0.844,0.0,,,,0.0,0.0,,,,32.0,,137.0,,,179.0,,,8.0,,,,,,,,,,,,,0.0,,1.0,,,,,,,,,,,,,,,,,,,,,,,,,,,0.0,0.396,0.0,,,,,,,,,,,,,,,,,,,,,""
7022803573,"Apr 22, 2022, 1:21:51 PM",Evening Ride,Ride,,2307,4.95,161.0,4,,,Road sweeper,activities/7474718338.fit.gz,,13.0,2307.0,795.0,4956.5,11.927,6.235,26.9,114.0,572.4,593.7,4.0,-0.4,,,,,,140.0,,137.0,155.0,,,4.0,,,,,,,,,,,,,0.0,,1.0,,1650632448.0,2.0,34.0,34.0,14.9,0.32,1006.8,4.4,6.2,355.0,0.0,1650588288.0,1650633856.0,0.72,9402698.0,,0.02,5.0,0.59,16093.0,0.0,272.2,,,,0.0,2.148,950.8,,,,,,,,,,,,,,,,,,,,,""
7017411257,"Apr 21, 2022, 12:35:36 PM",Evening Swim,Swim,,1682,800,169.0,7,,,,activities/7468880831.fit.gz,,,1682.0,1203.0,800.0,1.284,0.665,0.0,,,,0.0,0.0,,,,30.0,,138.0,,,189.0,,,7.0,,,,,,,,,,,,,0.0,,1.0,,,,,,,,,,,,,,,,,,,,,,,,,,,0.0,0.476,0.0,,,,,,,,,,,,,,,,,,,,,""
7012181998,"Apr 20, 2022, 12:41:13 PM",Evening Swim,Swim,,1976,900,155.0,6,,,,activities/7463250524.fit.gz,,,1976.0,1325.0,900.0,2.174,0.679,0.0,,,,0.0,0.0,,,,28.0,,129.0,,,226.0,,,6.0,,,,,,,,,,,,,0.0,,1.0,,,,,,,,,,,,,,,,,,,,,,,,,,,0.0,0.455,0.0,,,,,,,,,,,,,,,,,,,,,""
6987951836,"Apr 15, 2022, 3:27:18 PM","Best 100 k ever✌️✌️!!!

Also, first 100k on my bergamont sweep",Ride,"No traffic, no sunlight, cool temperatures😀😀",24286,117.06,193.0,99,,,Road sweeper,activities/7436875173.fit.gz,,13.0,24286.0,17665.0,117058.6,18.546,6.627,974.0,958.0,571.6,856.2,42.6,0.0,,,162.0,72.0,,141.0,,184.0,2816.0,,24.0,99.0,,,,,,,,,,,0.0,,0.0,,1.0,,1650034816.0,1.0,29.2,29.2,13.1,0.37,1008.1,3.7,5.6,267.0,0.0,1649983744.0,1650028928.0,0.46,9402698.0,,0.0,,0.31,16093.0,0.0,280.4,,,,0.0,4.82,12225.3,,,,,,,,,,,,,,,,,,,,,media/4B781525-F01A-43D5-AECF-BD2489CF571D.jpg|media/F7998D7B-67C4-434D-897C-F0B920D9A374.jpg|media/95358E56-F471-4933-8511-3A643727ADB3.jpg
6980305660,"Apr 14, 2022, 12:48:43 PM",Evening Swim,Swim,,1737,500,167.0,6,,,,activities/7428582333.fit.gz,,,1737.0,715.0,500.0,5.0,0.699,0.0,,,,0.0,0.0,,,,29.0,,132.0,,,118.0,,,6.0,,,,,,,,,,,,,0.0,,1.0,,,,,,,,,,,,,,,,,,,,,,,,,,,0.0,0.288,0.0,,,,,,,,,,,,,,,,,,,,,""
6980288172,"Apr 14, 2022, 12:40:09 PM",Evening Swim,Swim,,381,200,155.0,1,,,,activities/7428563582.fit.gz,,,381.0,270.0,200.0,1.564,0.741,0.0,,,,0.0,0.0,,,,31.0,,139.0,,,59.0,,,1.0,,,,,,,,,,,,,0.0,,1.0,,,,,,,,,,,,,,,,,,,,,,,,,,,0.0,0.525,0.0,,,,,,,,,,,,,,,,,,,,,""
6956996390,"Apr 10, 2022, 12:49:18 AM",Morning Swim,Swim,,2145,400,158.0,7,,,,activities/7403318847.fit.gz,,,2145.0,429.0,400.0,5.588,0.932,0.0,,,,0.0,0.0,,,,28.0,,119.0,,,124.0,,,7.0,,,,,,,,,,,,,0.0,,1.0,,,,,,,,,,,,,,,,,,,,,,,,,,,0.0,0.186,0.0,,,,,,,,,,,,,,,,,,,,,""
6953866041,"Apr 9, 2022, 12:11:42 PM",Evening Swim,Swim,,182,25,130.0,0,,,,activities/7399922275.fit.gz,,,182.0,53.0,25.0,0.465,0.472,0.0,,,,0.0,0.0,,,,28.0,,112.0,,,6.0,,,0.0,,,,,,,,,,,,,0.0,,1.0,,,,,,,,,,,,,,,,,,,,,,,,,,,0.0,0.137,0.0,,,,,,,,,,,,,,,,,,,,,""
6953865620,"Apr 9, 2022, 11:49:29 AM",Evening Swim,Swim,,1313,500,153.0,9,,,,activities/7399921859.fit.gz,,,1313.0,720.0,500.0,1.352,0.694,0.0,,,,0.0,0.0,,,,30.0,,122.0,,,155.0,,,9.0,,,,,,,,,,,,,0.0,,1.0,,,,,,,,,,,,,,,,,,,,,,,,,,,0.0,0.381,0.0,,,,,,,,,,,,,,,,,,,,,""
6952065208,"Apr 9, 2022, 2:03:44 AM",Morning Ride,Ride,"",5864,14.14,167.0,18,,,The raider,activities/7397983678.fit.gz,,13.0,5864.0,2744.0,14140.2,9.566,5.153,77.0,60.0,551.4,598.4,13.3,-0.1,,,123.0,68.0,,135.0,,169.0,448.0,,27.0,18.0,,,,,,,,,,,0.0,,0.0,,1.0,,1649469568.0,2.0,24.4,24.5,16.3,0.61,1011.1,2.0,3.4,288.0,0.0,1649465600.0,1649510400.0,0.26,10404546.0,,0.0,,0.34,16093.0,1.0,269.5,,,,0.0,2.411,6377.1,,,,,,,,,,,,,,,,,,,,,""
6951898989,"Apr 9, 2022, 1:16:26 AM",Morning Ride,Ride,"",2824,9.51,180.0,25,,,The raider,activities/7397803352.fit.gz,,13.0,2824.0,2287.0,9513.7,9.98,4.16,99.0,191.0,514.0,639.2,20.7,-0.8,,,150.0,61.0,,143.0,,121.0,399.0,,23.0,25.0,,,,,,,,,,,0.0,,0.0,,1.0,,1649465984.0,2.0,22.8,23.0,17.3,0.71,1010.4,1.9,2.6,206.0,0.0,1649465600.0,1649510400.0,0.26,10404546.0,,0.0,,0.33,16093.0,0.0,268.6,,,,0.0,3.369,8350.8,,,,,,,,,,,,,,,,,,,,,media/6696301B-5C4C-4C6F-9C2B-8AFB42A2ACDA.jpg|media/F3E288CD-4C79-43E8-B2DF-78740C930717.jpg
6951796737,"Apr 9, 2022, 12:48:54 AM",Morning Ride,Ride,"",1643,7.72,179.0,16,,,The raider,activities/7397693606.fit.gz,,13.0,1643.0,1582.0,7724.3,12.076,4.883,112.0,47.0,559.4,664.8,28.9,0.9,,,110.0,68.0,,140.0,,187.0,309.0,,25.0,16.0,,,,,,,,,,,0.0,,0.0,,1.0,,1649462400.0,2.0,22.9,23.2,18.4,0.76,1009.6,2.2,2.9,249.0,0.0,1649465600.0,1649510400.0,0.26,10404546.0,,0.0,,0.33,16093.0,0.0,267.8,,,,0.0,4.701,6118.5,,,,,,,,,,,,,,,,,,,,,""
6950328115,"Apr 8, 2022, 11:37:44 AM",Evening Swim,Swim,,487,500,168.0,8,,,,activities/7396115973.fit.gz,,,487.0,397.0,500.0,2.382,1.259,0.0,,,,0.0,0.0,,,,28.0,,147.0,,,173.0,,,8.0,,,,,,,,,,,,,0.0,,1.0,,,,,,,,,,,,,,,,,,,,,,,,,,,0.0,1.027,0.0,,,,,,,,,,,,,,,,,,,,,""
6950327772,"Apr 8, 2022, 11:28:33 AM",Evening Swim,Swim,,519,175,156.0,3,,,,activities/7396115585.fit.gz,,,519.0,202.0,175.0,5.0,0.866,0.0,,,,0.0,0.0,,,,31.0,,119.0,,,59.0,,,3.0,,,,,,,,,,,,,0.0,,1.0,,,,,,,,,,,,,,,,,,,,,,,,,,,0.0,0.337,0.0,,,,,,,,,,,,,,,,,,,,,""
6944865565,"Apr 7, 2022, 1:09:40 PM",Evening Swim,Swim,,1200,300,,,,,,,,,1200.0,1200.0,300.0,,0.25,,,,,,0.0,,,,,,,,,,,,,,,,,,,,,,,,,0.0,,0.0,,,,,,,,,,,,,,,,,,,,,,,,,,,0.0,0.25,0.0,,,,,,,,,,,,,,,,,,,,,""
6944808258,"Apr 7, 2022, 12:40:13 PM",Evening Swim,Swim,,563,400,153.0,8,,,,activities/7390160357.fit.gz,,,563.0,478.0,400.0,3.334,0.837,0.0,,,,0.0,0.0,,,,27.0,,139.0,,,108.0,,,8.0,,,,,,,,,,,,,0.0,,1.0,,,,,,,,,,,,,,,,,,,,,,,,,,,0.0,0.71,0.0,,,,,,,,,,,,,,,,,,,,,""
6944807711,"Apr 7, 2022, 12:34:59 PM",Evening Swim,Swim,,220,100,147.0,1,,,,activities/7390159815.fit.gz,,,220.0,145.0,100.0,1.042,0.69,0.0,,,,0.0,0.0,,,,30.0,,133.0,,,27.0,,,1.0,,,,,,,,,,,,,0.0,,1.0,,,,,,,,,,,,,,,,,,,,,,,,,,,0.0,0.455,0.0,,,,,,,,,,,,,,,,,,,,,""
6939908151,"Apr 6, 2022, 12:42:04 PM",Evening Swim,Swim,,727,250,168.0,8,,,,activities/7384877032.fit.gz,,,727.0,417.0,250.0,0.658,0.6,0.0,,,,0.0,0.0,,,,30.0,,133.0,,,60.0,,,8.0,,,,,,,,,,,,,0.0,,1.0,,,,,,,,,,,,,,,,,,,,,,,,,,,0.0,0.344,0.0,,,,,,,,,,,,,,,,,,,,,""
6939921291,"Apr 6, 2022, 12:39:00 PM",Evening Swim,Swim,"",360,125,,,,,,,,,360.0,360.0,125.0,,0.347,,,,,,0.0,,,,,,,,,,,,,,,,,,,,,,,0.0,,0.0,,0.0,,,,,,,,,,,,,,,,,,,,,,,,,,,0.0,0.347,0.0,,,,,,,,,,,,,,,,,,,,,""
6939907246,"Apr 6, 2022, 12:28:33 PM",Evening Swim,Swim,,489,175,153.0,3,,,,activities/7384876035.fit.gz,,,489.0,196.0,175.0,1.192,0.893,0.0,,,,0.0,0.0,,,,32.0,,128.0,,,44.0,,,3.0,,,,,,,,,,,,,0.0,,1.0,,,,,,,,,,,,,,,,,,,,,,,,,,,0.0,0.358,0.0,,,,,,,,,,,,,,,,,,,,,""
6938909538,"Apr 6, 2022, 6:12:26 AM",Lunch Ride to D byk,Ride,"",8746,34.36,162.0,40,,,The raider,activities/7383791753.fit.gz,,13.0,8746.0,6627.0,34366.8,11.967,5.186,190.3,406.0,547.5,628.8,6.3,0.0,,,,,,132.0,,153.0,967.0,,,40.0,,,,,,,,,,,0.0,,0.0,,1.0,,1649224832.0,1.0,35.0,35.0,13.6,0.28,1014.6,3.1,6.0,19.0,0.0,1649206528.0,1649251200.0,0.17,10404546.0,,0.0,,0.31,16093.0,9.0,280.7,,,,0.0,3.929,21052.5,,,,,,,,,,,,,,,,,,,,,""
6933017926,"Apr 4, 2022, 11:23:37 PM",Morning Ride,Ride,"",9955,53.41,155.0,26,,,Road sweeper,activities/7377460124.fit.gz,,13.0,9955.0,8457.0,53415.3,12.326,6.316,272.0,301.0,559.4,619.6,5.9,-0.1,,,129.0,58.0,,115.0,,145.0,868.0,,23.0,26.0,,,,,,,,,,,0.0,,0.0,,1.0,,1649113216.0,2.0,22.9,23.5,20.1,0.84,1011.3,1.6,2.1,270.0,0.0,1649120256.0,1649164800.0,0.14,9402698.0,,0.0,,0.61,16093.0,0.0,270.9,,,,0.0,5.366,3135.1,,,,,,,,,,,,,,,,,,,,,""
6930291345,"Apr 4, 2022, 12:17:48 PM",Afternoon Ride,Ride,,1372,4.96,156.0,4,,,Road sweeper,activities/7374531635.fit.gz,,13.0,1372.0,1164.0,4968.8,7.712,4.269,58.3,79.0,559.4,601.0,7.9,0.8,,,,,,128.0,,125.0,185.0,,,4.0,,,,,,,,,,,,,0.0,,1.0,,1649073664.0,2.0,34.9,34.9,12.0,0.25,1008.1,4.9,5.7,287.0,0.1,1649033856.0,1649078400.0,0.11,9402698.0,,0.01,5.0,0.44,16093.0,1.0,265.3,,,,0.0,3.622,1967.7,,,,,,,,,,,,,,,,,,,,,""
6929648488,"Apr 4, 2022, 11:18:50 AM",Afternoon Ride,Ride,,711,3.79,141.0,2,,,Road sweeper,activities/7373835584.fit.gz,,13.0,711.0,692.0,3789.7,11.374,5.476,6.2,86.0,555.3,595.1,6.9,-1.1,,,,,,112.0,,90.0,85.0,,,2.0,,,,,,,,,,,,,0.0,,1.0,,1649069952.0,2.0,35.9,35.9,7.2,0.17,1007.5,3.1,3.2,283.0,0.2,1649033856.0,1649078400.0,0.11,9402698.0,,0.02,5.0,0.61,16093.0,3.0,265.5,,,,0.0,5.33,1918.7,,,,,,,,,,,,,,,,,,,,,""
6928518350,"Apr 3, 2022, 11:59:29 PM",Morning Ride,Ride,"",9482,52.05,184.0,66,,,The ultimate canyon,activities/7372596690.fit.gz,,13.0,9482.0,7915.0,52054.0,16.54,6.577,318.0,332.0,548.2,655.6,32.5,0.0,,,124.0,59.0,,137.0,,100.0,1243.0,,22.0,66.0,,,,,,,,,,,0.0,,0.0,,1.0,,1649026816.0,2.0,21.6,21.6,15.4,0.68,1009.4,1.9,2.5,269.0,0.0,1649033856.0,1649078400.0,0.11,10388125.0,,0.0,,0.43,16093.0,0.0,265.5,,,,0.0,5.49,25282.6,,,,,,,,,,,,,,,,,,,,,""
6904748133,"Mar 30, 2022, 12:27:21 AM",CC-Ganpati matha ,Ride,"",8489,37.65,195.0,48,,,The ultimate canyon,activities/7346749187.fit.gz,,13.0,8489.0,6127.0,37656.5,16.894,6.146,283.0,302.0,552.4,657.4,33.4,-0.1,,,204.0,59.0,,136.0,,97.0,956.0,,22.0,48.0,,,,,,,,,,,0.0,,0.0,,1.0,,1648598400.0,1.0,21.9,21.9,8.7,0.43,1009.4,1.6,2.0,270.0,0.0,1648602112.0,1648646400.0,0.94,10388125.0,,0.0,,0.11,16093.0,0.0,274.4,,,,0.0,4.436,13613.5,,,,,,,,,,,,,,,,,,,,,media/0EF94E08-79A5-4CF5-869F-9194770EE044.jpg|media/32513A87-3D2D-467D-91F2-C2B8C8E7E71D.jpg|media/EE19FA0A-7DDD-4B0B-AD7D-97AA6B976D33.jpg
6899564868,"Mar 28, 2022, 11:08:33 PM","Morning Ride kamshet. Super slow, super sore ",Ride,"",19876,101.55,172.0,85,,,The ultimate canyon,activities/7341149584.fit.gz,,13.0,19876.0,14939.0,101548.7,15.271,6.798,603.0,606.0,563.2,657.8,23.4,0.0,,,235.0,62.0,,133.0,,108.0,2026.0,,24.0,85.0,,,,,,3.0,,,,,0.0,124.0,0.0,,1.0,,1648508416.0,1.0,22.3,22.3,16.3,0.69,1009.4,1.8,2.2,277.0,0.0,1648515840.0,1648560000.0,0.91,10388125.0,,0.0,,0.03,16093.0,0.0,276.3,,,,0.0,5.109,11441.3,,,,,,,,,,,,,,,,,,,,,media/8E891D67-79EC-4C3F-9AD9-0EE179415054.jpg|media/7B4DDBC6-DAF2-4A31-9C94-99CC982CC51A.jpg|media/9DAEFB2E-823C-4973-84D8-BEE9F1BC4AAE.jpg
6867497836,"Mar 23, 2022, 12:15:39 AM",Crash’d ride,Ride,"",2850,8.33,159.0,5,,,The ultimate canyon,activities/7306270057.fit.gz,,13.0,2850.0,1701.0,8332.8,10.656,4.899,48.0,47.0,555.6,611.0,12.4,-0.2,,,83.0,53.0,,117.0,,61.0,204.0,,23.0,5.0,,,,,,,,,,,0.0,,0.0,,1.0,,1647993600.0,2.0,21.9,21.9,8.3,0.42,1007.9,0.9,1.4,304.0,0.0,1647997696.0,1648041472.0,0.69,10388125.0,,0.0,,0.51,16093.0,0.0,267.6,,,,0.0,2.924,4014.9,,,,,,,,,,,,,,,,,,,,,""
6845908552,"Mar 19, 2022, 12:18:23 AM",Morning Ride,Ride,,13775,48.72,171.0,23,,,Road sweeper,activities/7282909335.fit.gz,,13.0,13775.0,8176.0,48719.2,15.96,5.959,272.0,271.0,549.4,612.6,17.9,0.0,,,108.0,57.0,,118.0,,141.0,909.0,,23.0,23.0,,,,,,,,,,,,,0.0,,1.0,,1647648000.0,2.0,22.1,22.1,13.3,0.57,1006.5,2.2,2.3,237.0,0.0,1647652224.0,1647695872.0,0.55,9402698.0,,0.0,,0.64,16093.0,0.0,265.3,,,,0.0,3.537,8755.2,,,,,,,,,,,,,,,,,,,,,""
6831258820,"Mar 16, 2022, 4:02:35 AM",Morning Ride,Ride,,1264,5.38,171.0,7,,,Road sweeper,activities/7267162467.fit.gz,,13.0,1264.0,1098.0,5386.2,6.962,4.905,45.0,13.0,573.8,615.6,12.6,0.7,,,87.0,51.0,,133.0,,135.0,195.0,,29.0,7.0,,,,,,,,,,,,,0.0,,1.0,,1647403264.0,2.0,29.7,29.7,4.3,0.2,1011.6,1.7,2.6,64.0,0.0,1647393152.0,1647436544.0,0.44,9402698.0,,0.0,,0.33,16093.0,4.0,260.8,,,,0.0,4.261,825.8,,,,,,,,,,,,,,,,,,,,,""
6831229822,"Mar 16, 2022, 12:15:07 AM",Morning Ride,Ride,"",10008,52.24,186.0,42,,,The ultimate canyon,activities/7267129966.fit.gz,,13.0,10008.0,7334.0,52248.2,15.332,7.124,279.0,322.0,543.6,642.2,17.8,-0.1,,,142.0,63.0,,128.0,,115.0,1008.0,,20.0,42.0,,,,,,,,,,,0.0,,0.0,,1.0,,1647388800.0,1.0,20.0,20.0,5.9,0.4,1008.8,1.3,1.6,265.0,0.0,1647393280.0,1647436544.0,0.44,10388125.0,,0.0,,0.21,16093.0,0.0,258.9,,,,0.0,5.221,8279.9,,,,,,,,,,,,,,,,,,,,,""
6827295897,"Mar 15, 2022, 11:48:09 AM",Afternoon Ride,Ride,,1288,3.72,150.0,3,,,Road sweeper,activities/7262940164.fit.gz,,13.0,1288.0,991.0,3725.6,7.43,3.759,42.8,39.0,559.8,600.9,8.4,1.1,,,,,,117.0,,118.0,135.0,,,3.0,,,,,,,,,,,,,0.0,,1.0,,1647341952.0,1.0,36.3,36.3,-3.3,0.08,1007.0,2.6,4.5,56.0,0.0,1647306880.0,1647350144.0,0.41,9402698.0,,0.0,,0.09,16093.0,3.0,258.0,,,,0.0,2.893,1876.5,,,,,,,,,,,,,,,,,,,,,""
6826836831,"Mar 15, 2022, 10:20:04 AM",Afternoon Ride,Ride,,875,4.07,135.0,2,,,Road sweeper,activities/7262445401.fit.gz,,13.0,875.0,752.0,4073.5,11.594,5.417,6.2,94.0,557.5,600.8,6.0,-1.1,,,,,,114.0,,92.0,100.0,,,2.0,,,,,,,,,,,,,0.0,,1.0,,1647338368.0,1.0,36.6,36.6,-3.8,0.08,1007.5,2.6,4.5,52.0,0.0,1647306880.0,1647350144.0,0.41,9402698.0,,0.0,,0.11,16093.0,6.0,257.7,,,,0.0,4.655,2088.0,,,,,,,,,,,,,,,,,,,,,""
6815503378,"Mar 13, 2022, 3:15:49 AM",Morning Ride,Ride,,12517,11.54,177.0,13,,,Road sweeper,activities/7250191410.fit.gz,,13.0,12517.0,1918.0,11539.9,12.658,6.017,83.0,81.0,555.0,625.0,35.4,-0.2,,,102.0,56.0,,134.0,,155.0,334.0,,30.0,13.0,,,,,,,,,,,,,0.0,,1.0,,1647140352.0,2.0,25.5,25.5,5.1,0.27,1012.7,2.0,6.5,76.0,0.0,1647134208.0,1647177344.0,0.35,9402698.0,,0.0,,0.33,16093.0,2.0,265.3,,,,0.0,0.922,1838.0,,,,,,,,,,,,,,,,,,,,,""
6810039940,"Mar 12, 2022, 12:46:32 AM",Morning Ride,Ride,"",11676,46.30,186.0,80,,,The ultimate canyon,activities/7244274356.fit.gz,,13.0,11676.0,6337.0,46308.7,16.609,7.308,256.0,257.0,542.0,607.6,45.8,0.0,,,112.0,63.0,,145.0,,121.0,1167.0,,20.0,80.0,,,,,,,,,,,0.0,,0.0,,1.0,,1647043200.0,1.0,19.1,19.1,11.4,0.61,1010.1,1.0,1.5,182.0,0.0,1647047808.0,1647090944.0,0.32,10388125.0,,0.0,,0.08,16093.0,0.0,273.4,,,,0.0,3.966,4901.6,,,,,,,,,,,,,,,,,,,,,""
6801805187,"Mar 10, 2022, 11:31:51 AM",Afternoon Ride,Ride,,1076,4.67,155.0,4,,,Road sweeper,activities/7235412738.fit.gz,,13.0,1076.0,1076.0,4669.3,7.118,4.34,50.3,86.0,557.5,601.0,24.7,0.9,,,,,,129.0,,129.0,184.0,,,4.0,,,,,,,,,,,,,0.0,,1.0,,1646909952.0,2.0,32.2,32.2,9.9,0.25,1008.2,4.1,4.1,94.0,0.2,1646875136.0,1646918016.0,0.26,9402698.0,,0.04,5.0,0.5,16093.0,2.0,272.2,,,,0.0,4.34,1850.2,,,,,,,,,,,,,,,,,,,,,""
6801560557,"Mar 10, 2022, 10:37:13 AM",Afternoon Ride,Ride,,877,3.70,136.0,1,,,Road sweeper,activities/7235148928.fit.gz,,13.0,877.0,674.0,3702.2,11.368,5.493,6.1,182.0,558.5,594.0,5.5,-1.0,,,,,,106.0,,99.0,74.0,,,1.0,,,,,,,,,,,,,0.0,,1.0,,1646906368.0,2.0,32.1,32.1,8.9,0.24,1008.6,3.9,3.9,82.0,0.1,1646875136.0,1646918016.0,0.26,9402698.0,,0.03,5.0,0.52,16093.0,5.0,271.4,,,,0.0,4.221,1729.8,,,,,,,,,,,,,,,,,,,,,""
6791498452,"Mar 8, 2022, 11:44:11 AM",Afternoon Ride,Ride,,1411,4.08,156.0,4,,,Road sweeper,activities/7224310433.fit.gz,,13.0,1411.0,954.0,4083.1,7.674,4.28,50.5,103.0,557.0,605.2,48.4,1.1,,,,,,127.0,,134.0,158.0,,,4.0,,,,,,,,,,,,,0.0,,1.0,,1646737152.0,2.0,32.2,32.2,11.7,0.29,1008.2,3.0,4.6,264.0,0.0,1646702336.0,1646745216.0,0.2,9402698.0,,0.0,,0.59,16093.0,2.0,264.6,,,,0.0,2.894,1254.0,,,,,,,,,,,,,,,,,,,,,""
6791074934,"Mar 8, 2022, 10:16:23 AM",Afternoon Ride,Ride,"",832,3.83,138.0,2,,,Road sweeper,activities/7223857451.fit.gz,,7.0,832.0,737.0,3831.9,11.399,5.199,10.1,75.0,558.0,591.1,5.0,-0.9,,,,,,116.0,,94.0,100.0,,,2.0,,,,,,,,,,,0.0,,0.0,,1.0,,1646733568.0,2.0,32.8,32.8,10.5,0.25,1008.7,2.6,3.2,123.0,0.0,1646702336.0,1646745216.0,0.2,9402698.0,,0.0,,0.54,16093.0,5.0,264.3,,,,0.0,4.606,2348.6,,,,,,,,,,,,,,,,,,,,,""
6785997966,"Mar 7, 2022, 8:10:51 AM",Afternoon Ride,Ride,"",2202,9.01,154.0,8,,,Road sweeper,activities/7218391484.fit.gz,,7.0,2202.0,1919.0,9017.5,9.293,4.699,62.9,113.0,556.5,603.9,9.3,0.2,,,,,,129.0,,118.0,300.0,,,8.0,,,,,,,,,,,0.0,,0.0,,1.0,,1646640000.0,1.0,32.4,32.4,9.8,0.25,1010.7,2.4,2.9,143.0,0.0,1646616064.0,1646658816.0,0.16,9402698.0,,0.0,,0.27,16093.0,10.0,261.8,,,,0.0,4.095,3704.9,,,,,,,,,,,,,,,,,,,,,""
6785281341,"Mar 7, 2022, 1:15:57 AM",Morning Ride,Ride,"",1138,8.13,178.0,18,,,Road sweeper,activities/7217601480.fit.gz,,7.0,1138.0,1138.0,8136.9,10.599,7.15,36.5,77.0,557.8,599.9,10.6,-0.2,,,,,,151.0,,177.0,266.0,,,18.0,,,,,,,,,,,0.0,,0.0,,1.0,,1646614784.0,2.0,23.3,23.3,7.4,0.36,1011.0,1.0,1.6,322.0,0.0,1646616064.0,1646658816.0,0.16,9402698.0,,0.0,,0.76,16093.0,0.0,263.5,,,,0.0,7.15,4138.8,,,,,,,,,,,,,,,,,,,,,""
6779824521,"Mar 6, 2022, 4:00:41 AM",Morning Ride,Ride,,6337,30.16,177.0,22,,,The ultimate canyon,activities/7211683839.fit.gz,,7.0,6337.0,5287.0,30168.0,13.06,5.706,182.0,171.0,560.0,620.2,21.8,-0.1,,,127.0,49.0,,123.0,,81.0,657.0,,30.0,22.0,,,,,,,,,,,,,0.0,,1.0,,1646539264.0,2.0,25.9,25.9,10.6,0.38,1013.7,2.5,6.0,111.0,0.0,1646529664.0,1646572416.0,0.13,10388125.0,,0.0,,0.34,16093.0,4.0,259.2,,,,0.0,4.761,11046.5,,,,,,,,,,,,,,,,,,,,,""
6774074659,"Mar 5, 2022, 12:02:29 AM",Morning Ride,Ride,,8715,52.06,173.0,51,,,The ultimate canyon,activities/7205456709.fit.gz,,7.0,8715.0,7251.0,52065.0,13.166,7.18,277.0,287.0,556.0,610.4,15.0,0.0,,,166.0,64.0,,135.0,,114.0,1101.0,,19.0,51.0,,,,,,,,,,,,,0.0,,1.0,,1646438400.0,1.0,20.4,20.4,5.8,0.39,1011.8,1.0,1.7,74.0,0.0,1646443264.0,1646486016.0,0.1,10388125.0,,0.0,,0.12,16093.0,0.0,259.8,,,,0.0,5.974,5567.2,,,,,,,,,,,,,,,,,,,,,""
6770385180,"Mar 4, 2022, 8:24:49 AM",Afternoon Ride,Ride,,3221,13.13,166.0,17,,,Road sweeper,activities/7201480942.fit.gz,,7.0,3221.0,2724.0,13136.1,11.357,4.822,82.6,175.0,553.9,600.9,13.2,0.1,,,,,,137.0,,122.0,483.0,,,17.0,,,,,,,,,,,0.0,,0.0,,1.0,,1646380800.0,1.0,33.0,33.0,2.3,0.14,1012.3,2.8,2.8,60.0,0.0,1646356992.0,1646399616.0,0.07,9402698.0,,0.0,,0.09,16093.0,11.0,256.0,,,,0.0,4.078,4051.1,,,,,,,,,,,,,,,,,,,,,""
6769620670,"Mar 4, 2022, 1:56:07 AM",Morning Ride,Ride,"",1532,8.77,156.0,10,,,Road sweeper,activities/7200649241.fit.gz,,7.0,1532.0,1532.0,8771.6,9.084,5.726,39.3,124.0,554.5,597.3,8.7,-0.1,,,,,,135.0,,127.0,287.0,,,10.0,,,,,,,,,,,0.0,,0.0,,1.0,,1646355584.0,2.0,21.1,21.1,4.8,0.34,1012.6,1.0,1.7,109.0,0.0,1646356992.0,1646399616.0,0.07,9402698.0,,0.0,,0.45,16093.0,0.0,255.3,,,,0.0,5.726,6738.5,,,,,,,,,,,,,,,,,,,,,""
6766680660,"Mar 3, 2022, 11:35:14 AM",Afternoon Ride,Ride,"",1116,4.09,161.0,4,,,Road sweeper,activities/7197505050.fit.gz,,7.0,1116.0,953.0,4097.5,6.896,4.3,43.4,69.0,560.0,601.0,7.3,1.0,,,,,,130.0,,126.0,166.0,,,4.0,,,,,,,,,,,0.0,,0.0,,1.0,,1646305152.0,2.0,32.5,32.5,3.1,0.16,1010.1,2.6,2.7,64.0,0.0,1646270592.0,1646313216.0,0.03,9402698.0,,0.0,,0.84,16093.0,2.0,251.3,,,,0.0,3.672,1708.0,,,,,,,,,,,,,,,,,,,,,""
6766680074,"Mar 3, 2022, 10:23:33 AM",Afternoon Ride,Ride,"",644,4.00,161.0,3,,,Road sweeper,activities/7197504438.fit.gz,,7.0,644.0,644.0,4000.7,12.08,6.212,10.1,39.0,558.5,597.6,9.9,-1.0,,,,,,135.0,,115.0,125.0,,,3.0,,,,,,,,,,,0.0,,0.0,,1.0,,1646301568.0,2.0,32.8,32.8,2.9,0.15,1010.5,2.6,2.6,66.0,0.0,1646270592.0,1646313088.0,0.03,9402698.0,,0.0,,0.84,16093.0,4.0,251.3,,,,0.0,6.212,2835.0,,,,,,,,,,,,,,,,,,,,,""
6760214400,"Mar 2, 2022, 7:41:22 AM",Afternoon Ride,Ride,"",3179,13.22,163.0,12,,,Road sweeper,activities/7190558806.fit.gz,,7.0,3179.0,2856.0,13228.0,9.463,4.632,74.2,192.0,553.9,600.9,7.6,0.1,,,,,,125.0,,103.0,417.0,,,12.0,,,,,,,,,,,0.0,,0.0,,1.0,,1646204416.0,1.0,31.6,31.6,5.2,0.19,1013.7,2.8,2.8,81.0,0.0,1646184192.0,1646226688.0,1.0,9402698.0,,0.0,,0.28,16093.0,10.0,253.3,,,,0.0,4.161,4313.3,,,,,,,,,,,,,,,,,,,,,""
6759519271,"Mar 2, 2022, 1:55:37 AM",Morning Ride,Ride,"",1978,10.38,169.0,17,,,Road sweeper,activities/7189794879.fit.gz,,7.0,1978.0,1889.0,10388.4,10.482,5.499,44.7,137.0,556.1,596.0,6.7,-0.1,,,,,,136.0,,129.0,327.0,,,17.0,,,,,,,,,,,0.0,,0.0,,1.0,,1646182784.0,1.0,21.0,21.0,4.5,0.34,1013.0,0.9,1.8,81.0,0.0,1646184320.0,1646226688.0,1.0,9402698.0,,0.0,,0.24,16093.0,0.0,256.0,,,,0.0,5.252,7588.7,,,,,,,,,,,,,,,,,,,,,""
6754800922,"Mar 1, 2022, 6:29:16 AM",Lunch Ride,Ride,"",951,4.07,158.0,3,,,Road sweeper,activities/7184728904.fit.gz,,7.0,951.0,951.0,4076.4,7.274,4.286,45.6,75.0,559.6,603.2,9.3,1.0,,,,,,126.0,,131.0,155.0,,,3.0,,,,,,,,,,,0.0,,0.0,,1.0,,1646114432.0,1.0,30.8,30.8,4.0,0.18,1015.4,3.3,5.1,62.0,0.0,1646097920.0,1646140288.0,0.96,9402698.0,,0.0,,0.17,16093.0,9.0,259.1,,,,0.0,4.286,1822.7,,,,,,,,,,,,,,,,,,,,,""
6754487636,"Mar 1, 2022, 5:17:08 AM",Morning Ride,Ride,"",675,3.92,136.0,1,,,Road sweeper,activities/7184389108.fit.gz,,7.0,675.0,675.0,3922.8,12.757,5.812,10.2,60.0,554.4,595.0,5.2,-1.0,,,,,,114.0,,104.0,90.0,,,1.0,,,,,,,,,,,0.0,,0.0,,1.0,,1646110848.0,1.0,28.6,28.6,0.8,0.17,1016.2,3.3,5.5,66.0,0.0,1646097920.0,1646140288.0,0.96,9402698.0,,0.0,,0.18,16093.0,6.0,258.7,,,,0.0,5.812,2765.4,,,,,,,,,,,,,,,,,,,,,""
6754440993,"Mar 1, 2022, 4:17:23 AM",Morning Ride,Ride,"",2304,9.55,163.0,8,,,Road sweeper,activities/7184337998.fit.gz,,7.0,2304.0,1792.0,9549.7,10.625,5.329,56.8,132.0,555.6,600.9,7.6,0.2,,,,,,128.0,,136.0,279.0,,,8.0,,,,,,,,,,,0.0,,0.0,,1.0,,1646107136.0,1.0,26.3,26.3,-1.0,0.17,1016.2,2.3,5.1,90.0,0.0,1646097920.0,1646140288.0,0.96,9402698.0,,0.0,,0.21,16093.0,4.0,259.7,,,,0.0,4.145,3634.1,,,,,,,,,,,,,,,,,,,,,""
6754210800,"Mar 1, 2022, 1:55:48 AM",Morning Ride,Ride,"",1649,8.06,137.0,4,,,Road sweeper,activities/7184086619.fit.gz,,7.0,1649.0,1506.0,8064.4,10.092,5.355,41.3,110.0,557.8,595.7,8.9,-0.1,,,,,,112.0,,118.0,185.0,,,4.0,,,,,,,,,,,0.0,,0.0,,1.0,,1646096384.0,1.0,19.6,19.6,-3.0,0.22,1013.8,0.7,0.9,73.0,0.0,1646097920.0,1646140288.0,0.96,9402698.0,,0.0,,0.21,16093.0,0.0,260.5,,,,0.0,4.89,3932.7,,,,,,,,,,,,,,,,,,,,,""
6750127863,"Feb 28, 2022, 7:32:27 AM",Afternoon Ride,Ride,"",3842,13.08,159.0,12,,,Road sweeper,activities/7179668439.fit.gz,,7.0,3842.0,2374.0,13085.9,11.248,5.512,74.6,157.0,553.9,600.8,7.1,0.1,,,,,,131.0,,135.0,400.0,,,12.0,,,,,,,,,,,0.0,,0.0,,1.0,,1646031616.0,1.0,31.3,31.3,1.3,0.15,1014.6,2.3,3.0,90.0,0.0,1646011520.0,1646053888.0,0.92,9402698.0,,0.0,,0.11,16093.0,10.0,260.1,,,,0.0,3.406,4233.9,,,,,,,,,,,,,,,,,,,,,""
6749513825,"Feb 28, 2022, 1:57:40 AM",Morning Ride,Ride,"",1377,7.98,150.0,5,,,Road sweeper,activities/7178986357.fit.gz,,7.0,1377.0,1347.0,7981.3,9.102,5.925,32.8,106.0,561.7,595.2,9.4,-0.1,,,,,,123.0,,129.0,213.0,,,5.0,,,,,,,,,,,0.0,,0.0,,1.0,,1646009984.0,2.0,19.5,19.5,2.4,0.32,1013.9,0.7,0.8,179.0,0.0,1646011520.0,1646053888.0,0.92,9402698.0,,0.0,,0.63,16093.0,0.0,259.3,,,,0.0,5.796,4178.4,,,,,,,,,,,,,,,,,,,,,""
6743965028,"Feb 27, 2022, 3:12:55 AM",Easy recovery. New roads taken,Ride,"",7902,23.63,167.0,15,,,The ultimate canyon,activities/7172958229.fit.gz,,7.0,7902.0,4125.0,23634.9,11.862,5.73,128.0,106.0,568.4,613.4,7.3,0.0,,,106.0,54.0,,118.0,,77.0,482.0,,26.0,15.0,,,,,,,,,,,0.0,,0.0,,1.0,,1645930752.0,2.0,23.2,23.2,3.2,0.27,1015.9,1.7,2.3,101.0,0.0,1645925248.0,1645967488.0,0.89,10388125.0,,0.0,,0.53,16093.0,1.0,258.9,,,,0.0,2.991,8667.5,,,,,,,,,,,,,,,,,,,,,media/CC5B9C41-14BE-4FBC-911F-41F1907B9E62.jpg
6738604585,"Feb 26, 2022, 4:17:40 AM",Morning Ride,Ride,,1066,5.24,164.0,5,,,The ultimate canyon,activities/7167155963.fit.gz,,7.0,1066.0,1005.0,5242.0,7.118,5.216,47.0,14.0,564.2,605.2,9.1,0.6,,,86.0,57.0,,133.0,,86.0,181.0,,28.0,5.0,,,,,,,,,,,,,0.0,,1.0,,1645848064.0,2.0,26.1,26.1,3.0,0.22,1016.0,1.5,1.9,82.0,0.0,1645838848.0,1645881088.0,0.85,10388125.0,,0.0,,0.56,16093.0,3.0,260.2,,,,0.0,4.917,1123.7,,,,,,,,,,,,,,,,,,,,,""
6738571784,"Feb 25, 2022, 11:23:18 PM",Kamshet return,Ride,Med z2-z3,17175,100.31,184.0,98,,,The ultimate canyon,activities/7167120007.fit.gz,,7.0,17175.0,13014.0,100315.6,18.04,7.708,585.0,631.0,533.8,647.6,10.6,-0.1,,,121.0,66.0,,136.0,,138.0,1978.0,,19.0,98.0,,,,,,5.0,,,,,0.0,234.0,0.0,,1.0,,1645830016.0,2.0,19.3,19.3,4.3,0.37,1012.2,0.8,0.9,261.0,0.0,1645838848.0,1645881088.0,0.85,10388125.0,,0.0,,0.33,16093.0,0.0,258.4,,,,0.0,5.841,8892.7,,,,,,,,,,,,,,,,,,,,,media/6F668F54-0032-4477-8C00-A64A72ABF664.jpg|media/334FF384-956D-4D7C-9116-C66522078653.jpg|media/26A0255F-2BDB-4492-90F4-DE81DDFFCF24.jpg
6734537185,"Feb 25, 2022, 6:36:05 AM",Lunch Ride,Ride,,959,4.52,147.0,3,,,The ultimate canyon,activities/7162767911.fit.gz,,7.0,959.0,959.0,4521.9,6.25,4.715,43.5,51.0,558.4,600.9,18.0,0.9,,,,,,127.0,,85.0,162.0,,,3.0,,,,,,,,,,,,,0.0,,1.0,,1645768832.0,2.0,30.7,30.7,7.5,0.23,1016.0,3.3,3.3,74.0,0.0,1645752448.0,1645794560.0,0.81,10388125.0,,0.0,,0.38,16093.0,8.0,260.6,,,,0.0,4.715,1964.4,,,,,,,,,,,,,,,,,,,,,""
6734404030,"Feb 25, 2022, 5:00:42 AM",Morning Ride,Ride,"",1598,6.02,140.0,3,,,Road sweeper,activities/7162621065.fit.gz,,7.0,1598.0,1298.0,6020.2,8.633,4.638,16.2,88.0,556.6,587.2,5.7,-0.4,,,,,,116.0,,89.0,164.0,,,3.0,,,,,,,,,,,0.0,,0.0,,1.0,,1645765248.0,2.0,28.9,28.9,8.1,0.27,1016.5,2.8,3.2,75.0,0.0,1645752448.0,1645794688.0,0.81,9402698.0,,0.0,,0.6,16093.0,5.0,259.8,,,,0.0,3.767,2510.5,,,,,,,,,,,,,,,,,,,,,""
6734152592,"Feb 25, 2022, 1:56:53 AM",Morning Ride,Ride,,1370,7.66,157.0,5,,,The ultimate canyon,activities/7162347688.fit.gz,,7.0,1370.0,1370.0,7664.7,8.255,5.595,36.6,74.0,557.8,591.8,9.9,-0.1,,,,,,123.0,,61.0,215.0,,,5.0,,,,,,,,,,,,,0.0,,1.0,,1645750784.0,2.0,19.2,19.2,10.5,0.57,1014.3,0.5,0.6,152.0,0.0,1645752448.0,1645794688.0,0.81,10388125.0,,0.0,,0.7,16093.0,0.0,260.5,,,,0.0,5.595,3743.4,,,,,,,,,,,,,,,,,,,,,""
6730875234,"Feb 24, 2022, 11:39:18 AM",Afternoon Ride,Ride,,941,4.01,,,,,The ultimate canyon,activities/7158835262.fit.gz,,7.0,941.0,887.0,4013.4,7.662,4.525,50.0,6.0,572.2,621.6,18.7,1.2,,,103.0,45.0,,,,80.0,132.0,,31.0,,,,,,,,,,,,,,0.0,,1.0,,1645700352.0,2.0,34.0,34.0,5.8,0.17,1011.4,4.1,4.2,326.0,0.0,1645666176.0,1645708160.0,0.78,10388125.0,,0.0,,0.59,16093.0,2.0,259.7,,,,0.0,4.265,877.2,,,,,,,,,,,,,,,,,,,,,""
6730875223,"Feb 24, 2022, 10:19:28 AM",Afternoon Ride,Ride,,753,3.97,,,,,The ultimate canyon,activities/7158835177.fit.gz,,7.0,753.0,729.0,3976.3,12.63,5.454,6.0,41.0,560.0,600.2,4.4,-1.0,,,90.0,37.0,,,,43.0,116.0,,30.0,,,,,,,,,,,,,,0.0,,1.0,,1645696768.0,2.0,33.7,33.7,6.5,0.19,1011.8,2.7,3.0,336.0,0.0,1645666048.0,1645708160.0,0.78,10388125.0,,0.0,,0.65,16093.0,4.0,258.9,,,,0.0,5.281,2083.6,,,,,,,,,,,,,,,,,,,,,""
6730176642,"Feb 24, 2022, 7:50:44 AM",Afternoon Ride,Ride,,1608,8.02,147.0,5,,,The ultimate canyon,activities/7158069744.fit.gz,,7.0,1608.0,1590.0,8019.2,10.538,5.044,44.8,110.0,561.4,600.9,7.2,0.2,,,,,,121.0,,66.0,236.0,,,5.0,,,,,,,,,,,,,0.0,,1.0,,1645686016.0,2.0,32.5,32.5,9.3,0.24,1015.0,1.8,1.9,66.0,0.0,1645666176.0,1645708160.0,0.78,10388125.0,,0.0,,0.62,16093.0,7.0,261.5,,,,0.0,4.987,3544.7,,,,,,,,,,,,,,,,,,,,,""
6729585442,"Feb 24, 2022, 2:05:21 AM",Morning Ride,Ride,"",1391,7.99,147.0,5,,,Road sweeper,activities/7157415849.fit.gz,,7.0,1391.0,1391.0,7995.0,8.368,5.748,37.0,118.0,557.8,595.8,12.0,-0.1,,,,,,125.0,,126.0,223.0,,,5.0,,,,,,,,,,,0.0,,0.0,,1.0,,1645667968.0,2.0,20.0,20.0,7.1,0.43,1015.5,0.8,0.9,202.0,0.0,1645666176.0,1645708160.0,0.78,9402698.0,,0.0,,0.52,16093.0,0.0,260.8,,,,0.0,5.748,4051.9,,,,,,,,,,,,,,,,,,,,,""
6727323458,"Feb 23, 2022, 1:57:42 PM",Evening Ride,Ride,,5060,11.09,177.0,22,,,The ultimate canyon,activities/7155005723.fit.gz,,7.0,5060.0,1799.0,11090.9,13.573,6.165,77.0,184.0,571.2,600.4,5.3,0.0,,,,,,147.0,,97.0,390.0,,,22.0,,,,,,,,,,,,,0.0,,1.0,,1645621248.0,1.0,31.7,31.7,7.2,0.22,1011.6,2.1,3.3,8.0,0.0,1645579776.0,1645621760.0,0.74,10388125.0,,0.0,,0.14,16093.0,0.0,261.1,,,,0.0,2.192,3007.0,,,,,,,,,,,,,,,,,,,,,""
6724977925,"Feb 23, 2022, 7:37:46 AM",Afternoon Ride,Ride,"",1966,8.11,151.0,7,,,Road sweeper,activities/7152458649.fit.gz,,7.0,1966.0,1718.0,8114.7,10.102,4.723,48.8,115.0,559.9,600.3,7.4,0.2,,,,,,125.0,,110.0,268.0,,,7.0,,,,,,,,,,,0.0,,0.0,,1.0,,1645599616.0,1.0,33.0,33.0,6.9,0.2,1014.0,2.3,2.6,94.0,0.0,1645579776.0,1645621760.0,0.74,9402698.0,,0.0,,0.0,16093.0,11.0,262.5,,,,0.0,4.128,3216.5,,,,,,,,,,,,,,,,,,,,,""
6724287895,"Feb 23, 2022, 1:52:38 AM",Morning Ride,Ride,"",1306,8.05,165.0,10,,,Road sweeper,activities/7151706021.fit.gz,,7.0,1306.0,1306.0,8049.9,9.298,6.164,36.7,98.0,557.0,597.7,10.8,-0.2,,,,,,137.0,,139.0,261.0,,,10.0,,,,,,,,,,,0.0,,0.0,,1.0,,1645577984.0,1.0,16.5,16.5,9.2,0.62,1013.0,0.5,0.7,163.0,0.0,1645579776.0,1645621760.0,0.74,9402698.0,,0.0,,0.06,16093.0,0.0,259.4,,,,0.0,6.164,3766.3,,,,,,,,,,,,,,,,,,,,,""
6720919212,"Feb 22, 2022, 12:37:01 PM",Evening Ride,Ride,,1873,4.89,179.0,10,,,The ultimate canyon,activities/7148123619.fit.gz,,7.0,1873.0,1031.0,4894.2,14.462,4.747,92.0,95.0,588.2,679.0,35.8,0.2,,,151.0,51.0,,139.0,,110.0,192.0,,28.0,10.0,,,,,,,,,,,,,0.0,,1.0,,1645531136.0,1.0,33.6,33.6,2.6,0.14,1008.9,1.3,2.0,181.0,0.0,1645493376.0,1645535360.0,0.7,10388125.0,,0.0,,0.08,16093.0,1.0,259.8,,,,0.0,2.613,3925.7,,,,,,,,,,,,,,,,,,,,,""
6704445449,"Feb 19, 2022, 6:45:34 AM",Lunch Ride,Ride,,4300,8.30,154.0,9,,,The ultimate canyon,activities/7130378415.fit.gz,,7.0,4300.0,1945.0,8300.7,12.904,4.268,45.0,88.0,518.8,698.6,33.5,-1.7,,,,,,131.0,,50.0,290.0,,36.0,9.0,,,,,,,,,,,,,0.0,,1.0,,1645250432.0,2.0,29.0,29.0,11.6,0.34,1013.6,3.3,4.4,108.0,0.0,1645234304.0,1645276032.0,0.6,10388125.0,,0.0,,0.52,16093.0,7.0,255.6,,,,0.0,1.93,5049.6,,,,,,,,,,,,,,,,,,,,,""
6704289784,"Feb 19, 2022, 4:58:03 AM",WSSM vetal xc race,Ride,"",2690,11.75,194.0,104,,,The raider,activities/7130205762.fit.gz,,7.0,2690.0,2608.0,11755.2,10.692,4.507,146.0,158.0,584.6,614.2,49.5,0.1,,,,,,174.0,,153.0,708.0,,32.0,104.0,,,,,,,,,,,0.0,,0.0,,1.0,,1645243136.0,2.0,24.2,24.2,10.4,0.42,1013.5,1.9,3.6,123.0,0.0,1645234304.0,1645276032.0,0.6,10404546.0,,0.0,,0.64,16093.0,3.0,255.5,,,,0.0,4.37,8392.0,,,,,,,,,,,,,,,,,,,,,""
6704138939,"Feb 19, 2022, 2:01:56 AM",Morning Ride,Ride,"",9093,8.01,165.0,18,,,The raider,activities/7130041043.fit.gz,,7.0,9093.0,1866.0,8009.2,11.342,4.292,112.0,48.0,563.4,668.4,49.5,1.0,,,,,,139.0,,160.0,368.0,,20.0,18.0,,,,,,,,,,,0.0,,0.0,,1.0,,1645235968.0,2.0,18.4,18.4,10.2,0.59,1012.1,0.7,1.0,112.0,0.0,1645234304.0,1645276032.0,0.6,10404546.0,,0.0,,0.57,16093.0,0.0,255.1,,,,0.0,0.881,6123.0,,,,,,,,,,,,,,,,,,,,,""
6700108041,"Feb 18, 2022, 5:39:47 AM",Lunch Ride,Ride,"",2303,8.46,156.0,7,,,Road sweeper,activities/7125688290.fit.gz,,7.0,2303.0,1773.0,8461.2,8.854,4.772,46.9,137.0,555.8,600.6,7.7,0.2,,,,,,125.0,,114.0,272.0,,,7.0,,,,,,,,,,,0.0,,0.0,,1.0,,1645160448.0,1.0,25.9,25.9,8.2,0.33,1012.7,1.2,1.5,65.0,0.0,1645147904.0,1645189632.0,0.56,9402698.0,,0.0,,0.19,16093.0,6.0,257.4,,,,0.0,3.674,3988.3,,,,,,,,,,,,,,,,,,,,,""
6699842352,"Feb 18, 2022, 3:06:59 AM",Morning Activity,Workout,,128,0,107.0,0,,,,activities/7125397950.fit.gz,,,128.0,128.0,0.0,0.0,0.0,0.0,,,,0.0,0.0,,,,,,98.0,,,,,,0.0,,,,,,,,,,,,,0.0,,1.0,,,,,,,,,,,,,,,,,,,,,,,,,,,0.0,0.0,0.0,,,,,,,,,,,,,,,,,,,,,""
6699745175,"Feb 18, 2022, 1:50:20 AM",Morning Ride,Ride,"",1566,8.26,172.0,17,,,Road sweeper,activities/7125294043.fit.gz,,7.0,1566.0,1295.0,8267.3,13.134,6.384,45.6,101.0,552.9,596.4,27.8,-0.1,,,,,,147.0,,160.0,293.0,,,17.0,,,,,,,,,,,0.0,,0.0,,1.0,,1645145984.0,2.0,15.5,15.5,7.0,0.57,1009.7,0.8,1.0,290.0,0.0,1645147904.0,1645189632.0,0.56,9402698.0,,0.0,,0.36,16093.0,0.0,257.5,,,,0.0,5.279,6187.8,,,,,,,,,,,,,,,,,,,,,""
6686219225,"Feb 15, 2022, 11:55:24 AM",Afternoon Ride,Ride,,1625,4.20,138.0,3,,,The ultimate canyon,activities/7110793403.fit.gz,,7.0,1625.0,1107.0,4200.3,7.17,3.794,49.3,58.0,556.0,600.8,46.0,1.1,,,,,,117.0,,71.0,149.0,,,3.0,,,,,,,,,,,,,0.0,,1.0,,1644922752.0,1.0,29.8,29.8,0.2,0.15,1008.5,4.3,4.6,291.0,0.0,1644888832.0,1644930432.0,0.47,10388125.0,,0.0,,0.07,16093.0,2.0,259.9,,,,0.0,2.585,2304.8,,,,,,,,,,,,,,,,,,,,,""
6685727471,"Feb 15, 2022, 10:18:33 AM",Afternoon Ride,Ride,"",787,4.12,132.0,2,,,The raider,activities/7110264557.fit.gz,,7.0,787.0,769.0,4122.7,12.088,5.361,11.4,79.0,555.3,599.7,21.6,-1.0,,,,,,113.0,,130.0,99.0,,,2.0,,,,,,,,,,,0.0,,0.0,,1.0,,1644919168.0,1.0,30.3,30.3,-0.5,0.14,1008.9,3.1,4.6,290.0,0.0,1644888832.0,1644930432.0,0.47,10404546.0,,0.0,,0.16,16093.0,5.0,259.4,,,,0.0,5.238,3004.2,,,,,,,,,,,,,,,,,,,,,""
6684989377,"Feb 15, 2022, 4:37:57 AM","Reco ride, with a little off roading for good luck 😁😁",Ride,"",4902,16.65,175.0,21,,,The raider,activities/7109458627.fit.gz,,7.0,4902.0,3970.0,16651.3,12.47,4.194,173.0,163.0,565.2,680.6,46.4,0.1,,,,,,129.0,,139.0,545.0,,28.0,21.0,,,,,,,,,,,0.0,,0.0,,1.0,,1644897536.0,1.0,22.0,22.0,5.8,0.35,1014.3,1.4,1.8,78.0,0.0,1644888832.0,1644930432.0,0.47,10404546.0,,0.0,,0.05,16093.0,3.0,260.8,,,,0.0,3.397,10928.9,,,,,,,,,,,,,,,,,,,,,""
6674970399,"Feb 12, 2022, 11:38:02 PM",Morning Ride to Pachgani,Ride,"",27229,117.98,179.0,198,,,Black Gold,activities/7098621520.fit.gz,,7.0,27229.0,19873.0,117981.3,18.724,5.937,1509.6,830.0,552.9,1312.0,34.1,0.6,,,119.0,69.0,,141.0,,124.0,3115.0,,22.0,198.0,,,,,,7.0,,,,,0.0,634.0,0.0,,1.0,,1644706816.0,2.0,16.9,16.9,9.6,0.62,1011.1,0.8,0.9,122.0,0.0,1644716160.0,1644757504.0,0.4,7940261.0,,0.0,,0.35,16093.0,0.0,259.3,,,,0.0,4.333,6506.2,,,,,,,,,,,,,,,,,,,,,""
6669092047,"Feb 12, 2022, 1:01:32 AM",Morning Ride to welcome another bike,Ride,"",10875,28.09,173.0,31,,,The raider,activities/7092274218.fit.gz,,7.0,10875.0,6228.0,28098.7,11.912,4.512,214.0,216.0,534.0,685.8,48.6,0.2,,,,,,126.0,,140.0,857.0,,17.0,31.0,,,,,,,,,,,0.0,,0.0,,1.0,,1644627584.0,1.0,14.9,14.9,5.7,0.54,1014.8,1.4,2.1,101.0,0.0,1644629760.0,1644671104.0,0.37,10404546.0,,0.0,,0.14,16093.0,0.0,259.4,,,,0.0,2.584,17350.7,,,,,,,,,,,,,,,,,,,,,media/DBACF495-B788-4983-8516-C96255021B14.jpg|media/71AB1F7B-B1EF-4024-9B12-E2E970C6C1DF.jpg
6661770878,"Feb 10, 2022, 11:58:37 AM",Afternoon Ride,Ride,"",1883,5.36,153.0,5,,,The raider,activities/7084422137.fit.gz,,7.0,1883.0,1196.0,5359.2,9.364,4.481,65.1,53.0,558.9,613.9,18.7,0.8,,,,,,127.0,,174.0,196.0,,,5.0,,,,,,,,,,,0.0,,0.0,,1.0,,1644490752.0,2.0,29.2,29.2,3.1,0.19,1011.2,2.1,2.1,51.0,0.0,1644456960.0,1644498176.0,0.31,10404546.0,,0.0,,0.41,16093.0,2.0,252.8,,,,0.0,2.846,3431.6,,,,,,,,,,,,,,,,,,,,,""
6660180218,"Feb 10, 2022, 10:12:24 AM",Afternoon Ride,Ride,"",808,3.57,140.0,1,,,The raider,activities/7082711556.fit.gz,,7.0,808.0,642.0,3575.5,11.855,5.569,10.1,78.0,555.9,587.7,4.7,-0.8,,,,,,117.0,,145.0,91.0,,,1.0,,,,,,,,,,,0.0,,0.0,,1.0,,1644487168.0,2.0,29.7,29.7,3.1,0.18,1011.5,2.0,2.2,66.0,0.0,1644456960.0,1644498176.0,0.31,10404546.0,,0.0,,0.4,16093.0,4.0,252.4,,,,0.0,4.425,1544.1,,,,,,,,,,,,,,,,,,,,,""
6650118509,"Feb 8, 2022, 12:17:24 PM",Afternoon Ride,Ride,,3877,6.55,,,,,The ultimate canyon,activities/7071965166.fit.gz,,7.0,3877.0,1629.0,6554.8,7.83,4.024,48.0,13.0,573.0,610.8,4.9,0.5,,,93.0,51.0,,,,63.0,191.0,,26.0,,,,,,,,,,,,,,0.0,,1.0,,1644321536.0,1.0,28.2,28.2,9.6,0.31,1011.1,5.3,5.6,272.0,0.0,1644284160.0,1644325376.0,0.25,10388125.0,,0.0,,0.04,16093.0,0.0,252.1,,,,0.0,1.691,3371.8,,,,,,,,,,,,,,,,,,,,,""
6649408788,"Feb 8, 2022, 10:32:54 AM",Afternoon Ride,Ride,,685,3.89,,,,,The ultimate canyon,activities/7071203107.fit.gz,,7.0,685.0,685.0,3891.4,12.172,5.681,15.0,42.0,576.6,614.0,23.7,-0.8,,,86.0,54.0,,,,47.0,125.0,,28.0,,,,,,,,,,,,,,0.0,,1.0,,1644314368.0,1.0,30.1,30.1,6.9,0.23,1010.6,4.9,5.2,282.0,0.0,1644284160.0,1644325376.0,0.25,10388125.0,,0.0,,0.06,16093.0,5.0,252.9,,,,0.0,5.681,2049.9,,,,,,,,,,,,,,,,,,,,,""
6648196834,"Feb 8, 2022, 12:26:50 AM",New bike day,Ride,"",6630,35.18,187.0,38,,,The ultimate canyon,activities/7069894358.fit.gz,,9.5,6630.0,5508.0,35187.8,14.994,6.388,255.0,253.0,561.4,665.8,32.6,0.0,,,,,,133.0,,95.0,808.0,,16.0,38.0,,,,,,,,,,,0.0,,0.0,,1.0,,1644278400.0,1.0,14.5,14.5,12.9,0.9,1013.5,1.3,1.3,289.0,0.0,1644284160.0,1644325376.0,0.25,10388125.0,,0.0,,0.13,16093.0,0.0,252.3,,,,0.0,5.307,22024.2,,,,,,,,,,,,,,,,,,,,,media/127C382E-2144-4F0F-976D-3977BE4EA260.jpg
6638247651,"Feb 6, 2022, 12:08:09 AM",Granfondo February,Ride,"",18401,104.21,170.0,81,,,Black Gold,activities/7059215949.fit.gz,,9.5,18401.0,14855.0,104218.2,12.82,7.016,429.0,445.0,520.6,603.0,8.2,0.0,,,120.0,62.0,,131.0,,102.0,2003.0,,16.0,81.0,,,,,,,,,,,0.0,,0.0,,1.0,,1644105600.0,1.0,13.5,13.5,9.6,0.77,1013.4,0.6,1.0,71.0,0.0,1644111488.0,1644152576.0,0.19,7940261.0,,0.0,,0.23,16093.0,0.0,251.9,,,,0.0,5.664,3902.3,,,,,,,,,,,,,,,,,,,,,media/804BDE81-B8AC-4FFC-AAE7-23CBE4A044B0.jpg|media/EEF52B84-6E18-4F58-A4EB-0AC164A4E2E1.jpg|media/EA9DB3BE-45BD-4334-9FB9-A48B34EA725F.jpg
6632643152,"Feb 5, 2022, 12:53:00 AM",Morning Ride,Ride,,10940,33.42,178.0,21,,,Black Gold,activities/7053189218.fit.gz,,9.5,10940.0,6120.0,33419.9,15.544,5.461,226.0,218.0,544.8,655.6,8.2,0.0,,,116.0,57.0,,118.0,,72.0,719.0,,14.0,21.0,,,,,,,,,,,,,0.0,,1.0,,1644019200.0,2.0,11.8,11.8,9.4,0.85,1011.7,0.8,1.0,105.0,0.0,1644025088.0,1644066176.0,0.16,7940261.0,,0.0,,0.57,16093.0,0.0,253.7,,,,0.0,3.055,15259.4,,,,,,,,,,,,,,,,,,,,,""
6613816088,"Feb 1, 2022, 9:51:16 AM",Afternoon Ride,Ride,,778,4.49,152.0,3,,,Black Gold,activities/7033123025.fit.gz,,9.5,778.0,778.0,4497.0,12.037,5.78,11.5,78.0,555.8,589.6,4.3,-0.7,,,,,,128.0,,57.0,136.0,,,3.0,,,,,,,,,,,,,0.0,,1.0,,1643705984.0,1.0,31.6,31.6,-7.7,0.07,1010.1,1.6,1.9,38.0,0.0,1643679488.0,1643720320.0,0.02,7940261.0,,0.0,,0.0,16093.0,7.0,262.4,,,,0.0,5.78,2929.7,,,,,,,,,,,,,,,,,,,,,""
6612948886,"Feb 1, 2022, 12:41:24 AM",Morning Ride,Ride,,11589,34.71,165.0,26,,,Black Gold,activities/7032184837.fit.gz,,9.5,11589.0,6158.0,34717.1,16.942,5.638,224.0,230.0,538.4,653.6,8.6,-0.1,,,119.0,60.0,,126.0,,75.0,848.0,,14.0,26.0,,,,,,,,,,,,,0.0,,1.0,,1643673600.0,1.0,13.5,13.5,5.4,0.58,1012.4,0.6,0.6,213.0,0.0,1643679488.0,1643720448.0,0.02,7940261.0,,0.0,,0.01,16093.0,0.0,258.5,,,,0.0,2.996,16390.2,,,,,,,,,,,,,,,,,,,,,""
6609379911,"Jan 31, 2022, 10:49:52 AM",Afternoon Ride,Ride,,4593,23.07,173.0,22,,,Black Gold,activities/7028401321.fit.gz,,9.5,4593.0,3822.0,23074.0,11.73,6.037,109.0,107.0,556.4,606.4,7.9,0.0,,,174.0,58.0,,131.0,,83.0,570.0,,29.0,22.0,,,,,,,,,,,,,0.0,,1.0,,1643623168.0,1.0,31.4,31.4,-6.9,0.08,1010.6,1.4,1.9,354.0,0.0,1643593216.0,1643633920.0,0.98,7940261.0,,0.0,,0.09,16093.0,4.0,256.7,,,,0.0,5.024,7582.7,,,,,,,,,,,,,,,,,,,,,""
6608287503,"Jan 31, 2022, 3:39:08 AM",Morning Walk,Walk,,1754,2.45,159.0,4,,,Saucony Hurricane 23 Stable Hurricane,activities/7027213628.fit.gz,,,1754.0,1544.0,2455.3,3.992,1.59,39.2,136.0,583.6,613.9,7.8,0.3,,,116.0,56.0,,111.0,,,183.0,,,4.0,,,,,,,,,,,,,0.0,,1.0,,1643597952.0,1.0,17.3,17.3,8.0,0.55,1015.3,0.7,0.9,100.0,0.0,1643593216.0,1643633920.0,0.98,,9758854.0,0.0,,0.15,16093.0,1.0,259.9,,,,0.0,1.4,1878.6,,,,,,,,,,,,,,,,,,,,,""
6602410071,"Jan 30, 2022, 1:01:38 AM",Morning Ride,Ride,,8660,39.49,192.0,50,,,Black Gold,activities/7020891304.fit.gz,,9.5,8660.0,6167.0,39494.6,17.476,6.404,264.0,271.0,548.0,660.4,16.6,-0.1,,,123.0,64.0,,138.0,,101.0,1003.0,,13.0,50.0,,,,,,,,,,,,,0.0,,1.0,,1643504384.0,1.0,11.2,11.2,6.6,0.73,1015.2,0.6,0.7,135.0,0.0,1643506816.0,1643547520.0,0.94,7940261.0,,0.0,,0.3,16093.0,0.0,251.2,,,,0.0,4.561,15986.6,,,,,,,,,,,,,,,,,,,,,""
6597520339,"Jan 29, 2022, 7:17:03 AM",Lunch Ride,Ride,,1363,4.14,144.0,3,,,Black Gold,activities/7015651140.fit.gz,,9.5,1363.0,1112.0,4141.8,7.161,3.725,50.4,76.0,556.2,600.7,24.0,1.1,,,,,,120.0,,79.0,156.0,,,3.0,,,,,,,,,,,,,0.0,,1.0,,1643439616.0,1.0,26.0,26.0,3.3,0.23,1016.9,3.4,3.8,103.0,0.0,1643420416.0,1643461120.0,0.9,7940261.0,,0.0,,0.01,16093.0,9.0,248.3,,,,0.0,3.039,2110.8,,,,,,,,,,,,,,,,,,,,,""
6597395173,"Jan 29, 2022, 6:12:09 AM",Lunch Ride,Ride,,792,3.84,129.0,2,,,Black Gold,activities/7015511576.fit.gz,,9.5,792.0,777.0,3842.3,9.766,4.945,6.4,103.0,555.8,595.3,5.4,-1.0,,,,,,112.0,,43.0,97.0,,,2.0,,,,,,,,,,,,,0.0,,1.0,,1643436032.0,1.0,23.8,23.8,3.8,0.27,1018.1,3.4,4.2,105.0,0.0,1643420416.0,1643461120.0,0.9,7940261.0,,0.0,,0.03,16093.0,8.0,248.4,,,,0.0,4.851,1622.4,,,,,,,,,,,,,,,,,,,,,""
6593689943,"Jan 28, 2022, 8:55:51 AM",Afternoon Ride,Ride,,7736,37.72,181.0,37,,,Black Gold,activities/7011550963.fit.gz,,9.5,7736.0,6524.0,37723.6,16.944,5.782,226.0,211.0,559.4,658.6,20.8,0.0,,,114.0,59.0,,131.0,,83.0,904.0,,28.0,37.0,,,,,,,,,,,,,0.0,,1.0,,1643356800.0,1.0,25.9,25.9,6.9,0.3,1015.1,3.8,3.8,112.0,0.0,1643334016.0,1643374592.0,0.86,7940261.0,,0.0,,0.07,16093.0,8.0,243.8,,,,0.0,4.876,21124.7,,,,,,,,,,,,,,,,,,,,,""
6589052908,"Jan 27, 2022, 11:41:01 AM",Afternoon Ride,Ride,"",1124,4.46,139.0,3,,,Road sweeper,activities/7006601242.fit.gz,,9.5,1124.0,1082.0,4461.1,6.372,4.123,54.5,49.0,554.4,603.9,31.4,1.0,,,,,,121.0,,127.0,161.0,,,3.0,,,,,,,,,,,0.0,,0.0,,1.0,,1643281152.0,1.0,27.7,27.7,2.7,0.2,1011.8,2.8,2.8,51.0,0.0,1643247616.0,1643288192.0,0.83,9402698.0,,0.0,,0.11,16093.0,2.0,245.0,,,,0.0,3.969,1946.4,,,,,,,,,,,,,,,,,,,,,""
6588740825,"Jan 27, 2022, 10:31:17 AM",Afternoon Ride,Ride,"",627,3.58,132.0,1,,,Road sweeper,activities/7006264293.fit.gz,,9.5,627.0,627.0,3580.0,10.517,5.71,6.6,64.0,560.9,598.2,5.9,-1.0,,,,,,114.0,,92.0,86.0,,,1.0,,,,,,,,,,,0.0,,0.0,,1.0,,1643277568.0,1.0,27.0,27.0,2.7,0.21,1012.2,2.5,2.5,68.0,0.0,1643247616.0,1643288192.0,0.83,9402698.0,,0.0,,0.1,16093.0,4.0,245.7,,,,0.0,5.71,1874.6,,,,,,,,,,,,,,,,,,,,,""
6583091446,"Jan 26, 2022, 12:43:19 AM",Easy ride to kamshet,Ride,Z2-Z3,22194,107.36,192.0,142,,,Black Gold,activities/7000219446.fit.gz,,9.5,22194.0,15694.0,107365.4,15.879,6.841,765.0,788.0,538.2,646.2,21.5,0.0,,,121.0,64.0,,140.0,,109.0,2455.0,,18.0,142.0,,,,,,3.0,,,,,0.0,130.0,0.0,,1.0,,1643155200.0,1.0,10.8,10.8,4.3,0.64,1012.8,1.1,1.7,86.0,0.0,1643161216.0,1643201792.0,0.79,7940261.0,,0.0,,0.01,16093.0,0.0,245.9,,,,0.0,4.838,5849.4,,,,,,,,,,,,,,,,,,,,,media/723365E4-DCD5-41C9-A14B-254EF5DAA8A1.jpg|media/417BB018-A677-4CB9-8605-45F7B8C59A9D.jpg|media/D3026D2B-026B-42FB-BE3E-FD65849024A6.jpg|media/9EEDB02E-03FF-4BE1-80F7-7F50B9269282.jpg|media/27661B51-FA2C-4E97-9C6A-3015FCCBBF2E.jpg|media/1194B12F-BFD1-4D49-A1A8-A92116675658.jpg|media/4F12F0C7-4E2D-4A96-B91B-8E2DE911027E.jpg|media/9167966D-7311-435D-8298-C993A1EAF805.jpg|media/30E83955-D21D-4BEC-A729-0ACB0D0EA287.jpg
6577250800,"Jan 25, 2022, 2:08:07 AM",Morning Run,Run,,1566,4.00,192.0,44,,,Saucony Hurricane 23 Stable Hurricane,activities/6994004161.fit.gz,,,1566.0,1466.0,4003.8,4.47,2.731,9.8,147.0,554.9,600.9,18.7,-1.1,,,104.0,77.0,,165.0,,,358.0,,,44.0,,,,,,,,,,,,,0.0,,1.0,4007.2,1643075968.0,1.0,11.2,11.2,4.2,0.62,1014.1,1.2,2.1,115.0,0.0,1643074816.0,1643115264.0,0.75,,9758854.0,0.0,,0.14,16093.0,0.0,247.7,,,,0.0,2.557,1866.6,,,,,,,,,,,,,,,,,,,,,""
6573599620,"Jan 24, 2022, 10:40:36 AM",Afternoon Ride,Ride,"",4311,16.72,138.0,10,,,Road sweeper,activities/6990131869.fit.gz,,9.5,4311.0,3219.0,16724.2,9.491,5.195,87.0,215.0,549.6,611.0,10.5,0.1,,,,,,118.0,,117.0,400.0,,,10.0,,,,,,,,,,,0.0,,0.0,,1.0,,1643018368.0,1.0,23.9,23.9,4.8,0.29,1010.2,1.4,1.7,27.0,0.0,1642988416.0,1643028864.0,0.72,9402698.0,,0.0,,0.03,16093.0,4.0,247.4,,,,0.0,3.879,4195.7,,,,,,,,,,,,,,,,,,,,,""
6566567681,"Jan 23, 2022, 3:37:34 AM",Morning Ride,Ride,,929,5.16,182.0,6,,,Black Gold,activities/6982540651.fit.gz,,9.5,929.0,929.0,5164.3,9.126,5.559,47.0,15.0,563.6,605.8,10.1,0.6,,,100.0,62.0,,135.0,,96.0,181.0,,20.0,6.0,,,,,,,,,,,,,0.0,,1.0,,1642906752.0,2.0,18.1,18.1,14.8,0.81,1011.9,3.4,7.9,272.0,0.0,1642902016.0,1642942464.0,0.68,7940261.0,,0.1,5.0,0.46,16093.0,1.0,254.6,,,,0.0,5.559,977.4,,,,,,,,,,,,,,,,,,,,,""
6566507646,"Jan 23, 2022, 12:09:17 AM",Morning Ride,Ride,,9166,36.44,186.0,57,,,Black Gold,activities/6982475478.fit.gz,,9.5,9166.0,5233.0,36445.7,15.484,6.965,262.0,294.0,561.4,664.4,16.8,-0.1,,,119.0,62.0,,142.0,,106.0,897.0,,17.0,57.0,,,,,,,,,,,,,0.0,,1.0,,1642896000.0,2.0,16.7,16.8,15.3,0.92,1009.7,3.4,7.2,272.0,0.0,1642902016.0,1642942464.0,0.68,7940261.0,,0.14,5.0,0.68,16093.0,0.0,252.7,,,,0.0,3.976,21236.5,,,,,,,,,,,,,,,,,,,,,""
6562549047,"Jan 22, 2022, 11:27:55 AM",Afternoon Ride,Ride,"",990,4.23,140.0,3,,,Road sweeper,activities/6978215702.fit.gz,,9.5,990.0,990.0,4232.3,6.402,4.275,45.4,49.0,556.2,600.6,22.4,1.0,,,,,,123.0,,130.0,153.0,,,3.0,,,,,,,,,,,0.0,,0.0,,1.0,,1642849152.0,1.0,26.0,26.0,11.1,0.39,1008.8,6.1,7.3,269.0,0.0,1642815616.0,1642856064.0,0.65,9402698.0,,0.0,,0.14,16093.0,2.0,252.5,,,,0.0,4.275,1749.5,,,,,,,,,,,,,,,,,,,,,""
6562090664,"Jan 22, 2022, 10:22:48 AM",Afternoon Ride,Ride,"",561,3.71,152.0,3,,,Road sweeper,activities/6977729937.fit.gz,,9.5,561.0,561.0,3712.6,11.802,6.618,11.3,73.0,556.1,590.2,5.7,-0.9,,,,,,133.0,,134.0,109.0,,,3.0,,,,,,,,,,,0.0,,0.0,,1.0,,1642845568.0,1.0,26.6,26.6,9.3,0.34,1008.8,6.1,7.5,268.0,0.0,1642815616.0,1642856064.0,0.65,9402698.0,,0.0,,0.14,16093.0,4.0,252.6,,,,0.0,6.618,2606.1,,,,,,,,,,,,,,,,,,,,,""
6561163112,"Jan 22, 2022, 4:39:09 AM",Morning Ride,Ride,,1148,5.15,156.0,4,,,Black Gold,activities/6976728107.fit.gz,,9.5,1148.0,1109.0,5150.3,6.284,4.644,51.0,17.0,569.4,614.8,20.5,0.7,,,128.0,55.0,,123.0,,78.0,163.0,,24.0,4.0,,,,,,,,,,,,,0.0,,1.0,,1642823936.0,1.0,21.6,21.6,14.2,0.63,1013.4,3.5,5.0,252.0,0.0,1642815616.0,1642856064.0,0.65,7940261.0,,0.0,,0.03,16093.0,3.0,257.5,,,,0.0,4.486,1085.1,,,,,,,,,,,,,,,,,,,,,""
6561104898,"Jan 22, 2022, 12:17:45 AM",Morning Ride,Ride,,12807,50.81,180.0,38,,,Black Gold,activities/6976663625.fit.gz,,9.5,12807.0,8661.0,50809.1,14.66,5.866,356.0,405.0,532.0,624.4,42.5,-0.2,,,120.0,55.0,,124.0,,82.0,1104.0,,16.0,38.0,,,,,,,,,,,,,0.0,,1.0,,1642809600.0,1.0,13.8,13.8,12.1,0.89,1011.1,2.3,2.3,245.0,0.0,1642815616.0,1642856064.0,0.65,7940261.0,,0.0,,0.13,16093.0,0.0,255.5,,,,0.0,3.967,7071.2,,,,,,,,,,,,,,,,,,,,,""
6556457448,"Jan 21, 2022, 12:00:13 AM",Morning Ride,Ride,,7162,28.49,179.0,33,,,Black Gold,activities/6971669215.fit.gz,,9.5,7162.0,4338.0,28494.0,15.168,6.568,211.0,220.0,545.8,649.2,42.5,0.0,,,131.0,61.0,,138.0,,102.0,685.0,,14.0,33.0,,,,,,,,,,,,,0.0,,1.0,,1642723200.0,1.0,14.0,14.0,7.9,0.66,1012.4,1.2,1.3,271.0,0.0,1642729216.0,1642769536.0,0.62,7940261.0,,0.0,,0.05,16093.0,0.0,255.8,,,,0.0,3.978,11573.5,,,,,,,,,,,,,,,,,,,,,""
6553902586,"Jan 20, 2022, 2:49:08 PM",Evening Ride,Ride,"",2128,10.91,185.0,45,,,Road sweeper,activities/6968973505.fit.gz,,9.5,2128.0,1646.0,10914.3,9.917,6.631,59.2,129.0,551.1,600.5,7.2,0.2,,,,,,163.0,,185.0,414.0,,,45.0,,,,,,,,,,,0.0,,0.0,,1.0,,1642687232.0,1.0,23.5,23.5,4.6,0.29,1012.3,2.8,4.2,273.0,0.0,1642642816.0,1642683136.0,0.58,9402698.0,,0.0,,0.02,16093.0,0.0,253.7,,,,0.0,5.129,985.6,,,,,,,,,,,,,,,,,,,,,""
6553582861,"Jan 20, 2022, 1:54:11 PM",Evening Ride,Ride,"",690,5.27,168.0,6,,,Road sweeper,activities/6968628894.fit.gz,,9.5,690.0,690.0,5269.1,10.919,7.636,24.8,71.0,572.4,598.4,3.9,-0.4,,,,,,140.0,,184.0,146.0,,,6.0,,,,,,,,,,,0.0,,0.0,,1.0,,1642683648.0,1.0,25.7,25.7,2.8,0.23,1011.4,3.0,4.4,338.0,0.0,1642642816.0,1642683136.0,0.58,9402698.0,,0.0,,0.02,16093.0,0.0,253.0,,,,0.0,7.636,1604.3,,,,,,,,,,,,,,,,,,,,,""
6553088193,"Jan 20, 2022, 11:17:04 AM",Afternoon Ride,Ride,"",3868,8.61,161.0,8,,,Road sweeper,activities/6968103325.fit.gz,,9.5,3868.0,1900.0,8614.8,9.931,4.534,75.2,105.0,547.3,601.0,22.5,0.5,,,,,,127.0,,121.0,290.0,,,8.0,,,,,,,,,,,0.0,,0.0,,1.0,,1642676352.0,1.0,29.9,29.9,-1.2,0.13,1010.6,4.1,4.3,306.0,0.0,1642642816.0,1642683136.0,0.58,9402698.0,,0.0,,0.11,16093.0,2.0,253.9,,,,0.0,2.227,4289.1,,,,,,,,,,,,,,,,,,,,,""
6552611972,"Jan 20, 2022, 10:17:36 AM",Afternoon Ride,Ride,"",782,4.08,151.0,2,,,Road sweeper,activities/6967591701.fit.gz,,9.5,782.0,745.0,4082.8,11.477,5.48,6.6,92.0,556.0,594.9,13.9,-0.9,,,,,,123.0,,105.0,121.0,,,2.0,,,,,,,,,,,0.0,,0.0,,1.0,,1642672768.0,1.0,31.1,31.1,-3.1,0.11,1010.6,4.0,4.4,310.0,0.0,1642642816.0,1642683136.0,0.58,9402698.0,,0.0,,0.14,16093.0,4.0,254.2,,,,0.0,5.221,2222.2,,,,,,,,,,,,,,,,,,,,,""
6546598334,"Jan 19, 2022, 12:31:01 AM",Morning Ride,Ride,,9052,37.22,,,,,Black Gold,activities/6546598334.fit,,9.5,9052.0,5633.0,37225.3,14.118,6.608,173.0,191.0,531.0,628.2,11.2,-0.1,,,,,,,,98.0,613.0,,,,,,,,,,,,,,,,0.0,,1.0,,1642550400.0,1.0,16.1,16.1,12.8,0.81,1015.1,0.9,1.5,69.0,0.0,1642556416.0,1642596736.0,0.55,7940261.0,,0.0,,0.04,16093.0,0.0,254.2,,,,0.0,4.112,9117.7,,,,,,,,,,,,,,,,,,,,,""
6541052551,"Jan 18, 2022, 12:53:52 AM",Morning Ride,Ride,,5718,34.35,194.0,70,,,Black Gold,activities/6955248905.fit.gz,,9.5,5718.0,5050.0,34350.0,13.815,6.802,239.0,247.0,554.4,656.4,22.4,0.0,,,103.0,64.0,,148.0,,112.0,901.0,,15.0,70.0,,,,,,,,,,,,,0.0,,1.0,,1642464000.0,1.0,15.5,15.5,13.3,0.87,1016.6,0.7,0.9,146.0,0.0,1642470016.0,1642510208.0,0.52,7940261.0,,0.0,,0.03,16093.0,0.0,254.7,,,,0.0,6.007,20943.9,,,,,,,,,,,,,,,,,,,,,""
6515078565,"Jan 13, 2022, 12:22:24 AM",Morning Ride,Ride,,8733,37.71,160.0,22,,,Black Gold,activities/6927403385.fit.gz,,9.5,8733.0,6765.0,37717.6,14.634,5.575,267.0,265.0,556.4,658.2,23.2,0.0,,,110.0,57.0,,117.0,,78.0,794.0,,15.0,22.0,,,,,,,,,,,,,0.0,,1.0,,1642032000.0,1.0,12.8,12.8,11.7,0.93,1013.0,1.2,1.9,16.0,0.0,1642038016.0,1642078080.0,0.37,7940261.0,,0.0,,0.12,16093.0,0.0,255.7,,,,0.0,4.319,19729.2,,,,,,,,,,,,,,,,,,,,,""
6509857683,"Jan 12, 2022, 12:46:29 AM",Morning Ride,Ride,,6983,30.05,182.0,51,,,Black Gold,activities/6921846682.fit.gz,,9.5,6983.0,4343.0,30049.7,16.48,6.919,226.0,225.0,558.4,664.4,38.1,0.0,,,130.0,68.0,,140.0,,118.0,835.0,,15.0,51.0,,,,,,,,,,,,,0.0,,1.0,,1641945600.0,2.0,11.3,11.3,9.9,0.91,1013.7,1.3,2.4,59.0,0.0,1641951616.0,1641991680.0,0.34,7940261.0,,0.0,,0.44,16093.0,0.0,258.4,,,,0.0,4.303,10973.4,,,,,,,,,,,,,,,,,,,,,""
6504523097,"Jan 11, 2022, 12:52:40 AM",Morning Ride to Kiran and NDA,Ride,"",6595,32.62,186.0,49,,,Black Gold,activities/6916176655.fit.gz,,9.5,6595.0,5083.0,32619.9,14.998,6.417,255.0,262.0,548.6,657.6,12.6,0.0,,,101.0,65.0,,141.0,,100.0,910.0,,13.0,49.0,,,,,,,,,,,0.0,,0.0,,1.0,,1641859200.0,1.0,11.1,11.1,8.8,0.86,1014.3,0.8,1.0,49.0,0.0,1641865216.0,1641905280.0,0.31,7940261.0,,0.0,,0.02,16093.0,0.0,259.1,,,,0.0,4.946,24419.4,,,,,,,,,,,,,,,,,,,,,""
6499792455,"Jan 10, 2022, 2:19:41 AM",Morning Walk,Walk,,4319,3.79,121.0,6,,,Saucony Hurricane 23 Stable Hurricane,activities/6911123021.fit.gz,,,4319.0,3102.0,3796.9,2.301,1.224,42.0,282.0,579.8,613.9,17.2,0.1,,,118.0,51.0,,95.0,,,272.0,,,6.0,,,,,,,,,,,,,0.0,,1.0,,1641779968.0,1.0,13.3,13.3,9.4,0.77,1015.9,1.0,1.5,122.0,0.0,1641778816.0,1641818752.0,0.28,,9758854.0,0.0,,0.07,16093.0,0.0,258.5,,,,0.0,0.879,3437.0,,,,,,,,,,,,,,,,,,,,,""
6488954490,"Jan 8, 2022, 3:11:49 AM",Morning Ride,Ride,,2098,7.22,172.0,10,,,Black Gold,activities/6899485137.fit.gz,,9.5,2098.0,1384.0,7226.6,9.612,5.222,61.0,30.0,569.4,611.6,15.7,0.6,,,125.0,61.0,,137.0,,84.0,258.0,,19.0,10.0,,,,,,,,,,,,,0.0,,1.0,,1641610752.0,1.0,15.9,15.9,14.2,0.9,1016.4,0.9,1.0,227.0,0.0,1641606016.0,1641645952.0,0.21,7940261.0,,0.0,,0.06,16093.0,1.0,258.4,,,,0.0,3.445,4614.6,,,,,,,,,,,,,,,,,,,,,""
6488886194,"Jan 8, 2022, 12:41:27 AM",Easy ride to ravet,Ride,"",8124,41.29,201.0,45,,,Black Gold,activities/6899411171.fit.gz,,9.5,8124.0,6011.0,41294.0,11.777,6.87,234.0,275.0,548.0,601.6,7.8,-0.1,,,154.0,65.0,,134.0,,99.0,931.0,,16.0,45.0,,,,,,4.0,,,,,0.0,66.0,0.0,,1.0,,1641600000.0,1.0,13.2,13.2,13.1,0.99,1014.3,1.2,1.4,246.0,0.0,1641606016.0,1641645952.0,0.21,7940261.0,,0.0,,0.01,16093.0,0.0,256.6,,,,0.0,5.083,5582.9,,,,,,,,,,,,,,,,,,,,,""
6486374417,"Jan 7, 2022, 9:54:37 AM",Afternoon Ride,Ride,,1963,8.22,151.0,7,,,Black Gold,activities/6896717915.fit.gz,,9.5,1963.0,1586.0,8222.3,9.065,5.184,61.1,94.0,555.8,600.5,9.5,0.2,,,,,,129.0,,76.0,292.0,,,7.0,,,,,,,,,,,,,0.0,,1.0,,1641545984.0,1.0,28.0,28.0,9.9,0.32,1012.2,3.5,4.8,204.0,0.0,1641519616.0,1641559424.0,0.18,7940261.0,,0.0,,0.3,16093.0,5.0,257.5,,,,0.0,4.189,5368.2,,,,,,,,,,,,,,,,,,,,,""
6484405399,"Jan 7, 2022, 1:57:17 AM",Super hard ride to school,Ride,"",1159,8.13,186.0,23,true,,Road sweeper,activities/6894582260.fit.gz,,9.5,1159.0,1159.0,8133.0,12.31,7.017,43.0,99.0,552.9,595.7,8.7,-0.1,,,,,,150.0,,178.0,276.0,,,23.0,,,,,,,,,,,0.0,,1.0,,1.0,,1641517184.0,1.0,16.6,16.7,15.2,0.91,1014.2,0.9,1.1,123.0,0.0,1641519616.0,1641559424.0,0.18,9402698.0,,0.0,,0.28,16093.0,0.0,258.4,,,,0.0,7.017,6094.3,,,,,,,,,,,,,,,,,,,,,""
6479930053,"Jan 6, 2022, 7:32:54 AM",Afternoon Ride,Ride,,1772,8.20,151.0,8,,,Black Gold,activities/6889814621.fit.gz,,9.5,1772.0,1696.0,8203.4,9.548,4.837,55.0,130.0,555.8,600.9,6.8,0.2,,,,,,132.0,,64.0,323.0,,,8.0,,,,,,,,,,,,,0.0,,1.0,,1641452416.0,1.0,27.5,27.5,11.4,0.37,1014.3,1.9,3.1,153.0,0.0,1641433216.0,1641473024.0,0.15,7940261.0,,0.0,,0.23,16093.0,7.0,258.4,,,,0.0,4.629,5122.2,,,,,,,,,,,,,,,,,,,,,""
6479572219,"Jan 6, 2022, 3:37:50 AM",Morning Ride,Ride,,1406,7.80,176.0,11,,,Road sweeper,activities/6889420957.fit.gz,,9.5,1406.0,1310.0,7806.2,8.447,5.959,39.6,78.0,557.0,592.7,16.5,-0.1,,,,,,140.0,,136.0,281.0,,,11.0,,,,,,,,,,,0.0,,0.0,,1.0,,1641437952.0,1.0,18.7,18.7,13.5,0.72,1016.7,0.9,1.1,133.0,0.0,1641433088.0,1641473024.0,0.15,9402698.0,,0.0,,0.1,16093.0,1.0,259.7,,,,0.0,5.552,3518.0,,,,,,,,,,,,,,,,,,,,,""
6474765035,"Jan 5, 2022, 5:36:14 AM",Lunch Ride,Ride,,1047,4.50,149.0,3,,,Black Gold,activities/6884299361.fit.gz,,9.5,1047.0,797.0,4505.3,8.634,5.653,11.7,125.0,556.1,586.7,13.4,-0.6,,,,,,126.0,,57.0,143.0,,,3.0,,,,,,,,,,,,,0.0,,1.0,,1641358848.0,1.0,24.7,24.7,13.2,0.49,1017.7,1.9,2.5,137.0,0.0,1641346688.0,1641386624.0,0.11,7940261.0,,0.0,,0.3,16093.0,4.0,253.1,,,,0.0,4.303,1490.0,,,,,,,,,,,,,,,,,,,,,""
6474442164,"Jan 5, 2022, 1:55:30 AM",Morning Ride,Ride,"",1171,7.99,110.0,2,,,Road sweeper,activities/6883948061.fit.gz,,9.5,1171.0,1153.0,7998.6,9.413,6.937,37.7,96.0,557.0,595.1,13.8,-0.1,,,,,,93.0,,171.0,100.0,,,2.0,,,,,,,,,,,0.0,,0.0,,1.0,,1641344384.0,2.0,16.3,16.3,13.0,0.81,1015.9,0.8,0.9,187.0,0.0,1641346688.0,1641386624.0,0.11,9402698.0,,0.0,,0.58,16093.0,0.0,251.8,,,,0.0,6.831,3679.8,,,,,,,,,,,,,,,,,,,,,""
6470742694,"Jan 4, 2022, 11:38:08 AM",Afternoon Ride,Ride,,1705,7.08,157.0,6,,,Black Gold,activities/6880008148.fit.gz,,9.5,1705.0,1446.0,7088.5,10.476,4.902,82.4,83.0,559.1,613.9,16.5,0.6,,,,,,130.0,,96.0,261.0,,,6.0,,,,,,,,,,,,,0.0,,1.0,,1641293952.0,1.0,28.6,28.6,10.5,0.32,1013.5,2.4,2.4,103.0,0.0,1641260288.0,1641300224.0,0.07,7940261.0,,0.0,,0.21,16093.0,1.0,247.7,,,,0.0,4.157,4366.1,,,,,,,,,,,,,,,,,,,,,""
6470330173,"Jan 4, 2022, 10:27:43 AM",Afternoon Ride,Ride,,687,3.97,146.0,2,,,Black Gold,activities/6879565484.fit.gz,,9.5,687.0,687.0,3971.6,11.836,5.781,11.5,125.0,557.2,595.0,4.7,-0.9,,,,,,125.0,,56.0,122.0,,,2.0,,,,,,,,,,,,,0.0,,1.0,,1641290368.0,1.0,28.7,28.7,10.7,0.33,1013.5,2.5,2.5,109.0,0.0,1641260288.0,1641300096.0,0.07,7940261.0,,0.0,,0.2,16093.0,3.0,247.5,,,,0.0,5.781,2788.8,,,,,,,,,,,,,,,,,,,,,""
6464508252,"Jan 3, 2022, 6:06:10 AM",Lunch Walk,Walk,,861,1.03,120.0,2,,,Saucony Hurricane 23 Stable Hurricane,activities/6873314468.fit.gz,,,861.0,861.0,1031.7,1.548,1.198,8.5,35.0,1260.3,1269.1,5.0,0.3,,,55.0,52.0,,106.0,,,78.0,,,2.0,,,,,,,,,,,,,0.0,,1.0,,1641189632.0,1.0,22.6,22.6,9.7,0.44,1016.2,2.1,2.3,116.0,0.0,1641173888.0,1641213824.0,0.03,,9758854.0,0.0,,0.2,16093.0,7.0,251.4,,,,0.0,1.198,0.0,,,,,,,,,,,,,,,,,,,,,""
6459016995,"Jan 2, 2022, 12:43:12 AM",Morning Ride,Ride,"",23804,108.00,177.0,172,true,,Black Gold,activities/6867406257.fit.gz,,9.5,23804.0,19027.0,108005.3,16.613,5.676,1407.0,751.0,573.4,1285.4,34.2,0.6,,,120.0,65.0,,138.0,,116.0,3126.0,,22.0,172.0,,,,,,,,,,,0.0,,1.0,,1.0,,1641081600.0,2.0,17.9,17.9,13.7,0.76,1016.3,0.9,1.2,57.0,0.0,1641087488.0,1641127296.0,1.0,7940261.0,,0.0,,0.58,16093.0,0.0,250.2,,,,0.0,4.537,2256.6,,,,,,,,,,,,,,,,,,,,,media/433F047F-DA4F-4E81-A9E8-60834EDC3364.jpg
6457570039,"Jan 1, 2022, 11:20:01 AM",Afternoon Ride,Ride,,2795,7.23,150.0,5,,,Black Gold,activities/6865831645.fit.gz,,9.5,2795.0,1615.0,7231.6,9.28,4.478,72.8,105.0,555.8,600.9,27.8,0.5,,,,,,122.0,,82.0,248.0,,,5.0,,,,,,,,,,,,,0.0,,1.0,,1641034752.0,2.0,28.3,28.3,14.7,0.44,1015.2,1.7,2.2,86.0,0.0,1641001088.0,1641040768.0,0.96,7940261.0,,0.0,,0.35,16093.0,1.0,248.7,,,,0.0,2.587,3855.7,,,,,,,,,,,,,,,,,,,,,""
6454708279,"Jan 1, 2022, 10:14:33 AM",Afternoon Ride,Ride,,488,2.76,142.0,1,,,Black Gold,activities/6862755887.fit.gz,,9.5,488.0,463.0,2760.3,11.9,5.962,6.5,54.0,567.2,595.3,4.7,-1.0,,,,,,120.0,,51.0,78.0,,,1.0,,,,,,,,,,,,,0.0,,1.0,,1641031168.0,2.0,27.5,27.5,13.8,0.43,1014.9,1.9,2.2,109.0,0.0,1641001088.0,1641040768.0,0.96,7940261.0,,0.01,5.0,0.37,16093.0,3.0,248.2,,,,0.0,5.656,1214.3,,,,,,,,,,,,,,,,,,,,,""
6454103290,"Jan 1, 2022, 3:52:31 AM",Morning Ride,Ride,,1219,5.70,145.0,4,,,Black Gold,activities/6862088607.fit.gz,,9.5,1219.0,1187.0,5707.2,8.54,4.808,50.6,60.0,554.0,600.4,7.7,0.6,,,,,,124.0,,81.0,200.0,,,4.0,,,,,,,,,,,,,0.0,,1.0,,1641005952.0,2.0,18.0,18.0,13.1,0.73,1020.3,1.8,3.6,86.0,0.0,1641001088.0,1641040896.0,0.96,7940261.0,,0.0,,0.33,16093.0,1.0,253.2,,,,0.0,4.682,1683.4,,,,,,,,,,,,,,,,,,,,,""
6454016907,"Jan 1, 2022, 2:39:03 AM",Morning Ride,Ride,,847,4.79,152.0,2,,,Black Gold,activities/6861991121.fit.gz,,9.5,847.0,847.0,4798.0,10.788,5.665,17.5,123.0,555.5,592.9,7.5,-0.6,,,,,,115.0,,54.0,125.0,,,2.0,,,,,,,,,,,,,0.0,,1.0,,1641002368.0,1.0,15.8,15.8,12.2,0.79,1019.6,1.5,2.4,78.0,0.0,1641001088.0,1641040896.0,0.96,7940261.0,,0.0,,0.23,16093.0,0.0,252.9,,,,0.0,5.665,1152.9,,,,,,,,,,,,,,,,,,,,,""
6449485584,"Dec 31, 2021, 4:35:23 AM",Morning Ride,Ride,,769,3.18,161.0,3,,,Black Gold,activities/6857082594.fit.gz,,9.5,769.0,717.0,3187.1,8.72,4.445,25.0,32.0,614.6,636.0,34.1,-0.1,,,94.0,45.0,,123.0,,59.0,115.0,,22.0,3.0,,,,,,,,,,,,,0.0,,1.0,,1640923136.0,2.0,19.8,19.8,14.5,0.71,1020.3,3.8,7.1,101.0,0.0,1640914688.0,1640954368.0,0.92,7940261.0,,0.0,,0.41,16093.0,2.0,252.1,,,,0.0,4.144,2228.5,,,,,,,,,,,,,,,,,,,,,""
6449407333,"Dec 31, 2021, 12:41:33 AM",Morning Ride,Ride,,10501,32.99,157.0,22,,,Black Gold,activities/6856995455.fit.gz,,9.5,10501.0,7002.0,32994.1,10.92,4.712,212.0,219.0,540.6,655.2,20.2,-0.1,,,92.0,53.0,,116.0,,58.0,845.0,,18.0,22.0,,,,,,,,,,,,,0.0,,1.0,,1640908800.0,2.0,16.4,16.6,15.4,0.93,1017.3,2.5,3.5,80.0,0.0,1640914688.0,1640954368.0,0.92,7940261.0,,0.0,,0.34,16093.0,0.0,250.5,,,,0.0,3.142,15048.8,,,,,,,,,,,,,,,,,,,,,""
6446364338,"Dec 30, 2021, 12:29:07 PM",Afternoon Ride,Ride,,966,4.06,142.0,4,,,Road sweeper,activities/6853722398.fit.gz,,9.5,966.0,950.0,4060.7,6.868,4.274,50.3,30.0,558.9,600.6,10.8,1.0,,,,,,132.0,,130.0,185.0,,,4.0,,,,,,,,,,,0.0,,0.0,,1.0,,1640865536.0,1.0,26.5,26.5,14.2,0.47,1014.5,2.7,3.5,113.0,0.0,1640828160.0,1640867968.0,0.88,9402698.0,,0.0,,0.31,16093.0,0.0,249.2,,,,0.0,4.204,2115.1,,,,,,,,,,,,,,,,,,,,,""
6446096247,"Dec 30, 2021, 11:29:04 AM",Afternoon Ride,Ride,,756,3.79,135.0,2,,,Road sweeper,activities/6853434079.fit.gz,,9.5,756.0,756.0,3789.7,11.043,5.013,6.4,112.0,559.7,595.3,8.1,-0.9,,,,,,119.0,,83.0,118.0,,,2.0,,,,,,,,,,,0.0,,0.0,,1.0,,1640861952.0,1.0,27.3,27.3,12.6,0.4,1014.1,3.2,4.2,126.0,0.0,1640828160.0,1640867968.0,0.88,9402698.0,,0.0,,0.27,16093.0,1.0,249.5,,,,0.0,5.013,1947.2,,,,,,,,,,,,,,,,,,,,,""
6444956154,"Dec 30, 2021, 12:41:13 AM",Morning Ride,Ride,,8913,35.29,148.0,19,,,Black Gold,activities/6852190102.fit.gz,,9.5,8913.0,6713.0,35297.2,8.698,5.258,174.0,184.0,541.8,605.4,9.1,-0.1,,,113.0,56.0,,112.0,,59.0,744.0,,16.0,19.0,,,,,,,,,,,,,0.0,,1.0,,1640822400.0,2.0,14.9,14.9,12.6,0.86,1016.3,1.9,3.0,73.0,0.0,1640828160.0,1640867968.0,0.88,7940261.0,,0.0,,0.54,16093.0,0.0,252.0,,,,0.0,3.96,6408.0,,,,,,,,,,,,,,,,,,,,,""
6436138792,"Dec 28, 2021, 12:49:27 AM",Morning Ride,Ride,,11499,42.07,171.0,46,,,Black Gold,activities/6842684673.fit.gz,,9.5,11499.0,7372.0,42070.0,12.644,5.707,287.0,293.0,545.6,660.8,14.0,-0.1,,,104.0,61.0,,131.0,,88.0,1153.0,,17.0,46.0,,,,,,,,,,,,,0.0,,1.0,,1640649600.0,1.0,15.2,15.2,11.1,0.77,1014.7,1.4,1.6,272.0,0.0,1640655360.0,1640695040.0,0.8,7940261.0,,0.0,,0.2,16093.0,0.0,248.5,,,,0.0,3.659,22238.9,,,,,,,,,,,,,,,,,,,,,""
6431853104,"Dec 27, 2021, 1:53:28 AM",Morning Walk,Walk,,1625,2.18,118.0,3,,,Saucony Hurricane 23 Stable Hurricane,activities/6838047322.fit.gz,,,1625.0,1625.0,2181.9,1.784,1.343,10.9,92.0,571.0,581.9,2.5,0.1,,,58.0,53.0,,98.0,,,135.0,,,3.0,,,,,,,,,,,,,0.0,,1.0,,1640566784.0,2.0,15.7,15.7,10.4,0.71,1016.2,0.9,1.1,122.0,0.0,1640568960.0,1640608640.0,0.77,,9758854.0,0.0,,0.62,16093.0,0.0,253.0,,,,0.0,1.343,0.0,,,,,,,,,,,,,,,,,,,,,""
6427629416,"Dec 26, 2021, 4:53:43 AM",Reco ride from panchanadikars to home,Ride,,2381,6.87,155.0,6,,,Black Gold,activities/6833425275.fit.gz,,9.5,2381.0,1336.0,6877.2,7.748,5.148,46.0,10.0,586.4,626.0,11.2,0.3,,,95.0,63.0,,131.0,,82.0,242.0,,25.0,6.0,,,,,,,,,,,0.0,,0.0,,1.0,,1640491264.0,1.0,20.7,20.7,11.0,0.54,1018.5,1.7,2.5,95.0,0.0,1640482560.0,1640522240.0,0.73,7940261.0,,0.0,,0.0,16093.0,3.0,249.9,,,,0.0,2.888,3162.4,,,,,,,,,,,,,,,,,,,,,""
6427566470,"Dec 26, 2021, 12:06:12 AM","Morning Ride to Yavat. First time riding on the route. Tbh, no smoother route in pune",Ride,,15469,105.04,178.0,159,,,Black Gold,activities/6833355379.fit.gz,,9.5,15469.0,13507.0,105042.1,13.529,7.777,411.0,468.0,537.2,611.6,38.1,0.0,,,111.0,70.0,,145.0,,123.0,2396.0,,16.0,159.0,,,,,,,,,,,0.0,,0.0,,1.0,,1640476800.0,1.0,13.7,13.7,8.4,0.7,1015.0,1.0,1.3,135.0,0.0,1640482560.0,1640522240.0,0.73,7940261.0,,0.0,,0.2,16093.0,0.0,249.4,,,,0.0,6.79,3172.8,,,,,,,,,,,,,,,,,,,,,media/b0a8855d-d5d4-4225-8fe3-4c35e13ace3f.jpg
6426040799,"Dec 25, 2021, 1:49:43 PM",Shawarma reco ride,Ride,,5596,16.91,149.0,10,,,Road sweeper,activities/6831687527.fit.gz,,9.5,5596.0,3507.0,16915.5,11.987,4.823,107.2,310.0,554.9,601.2,27.5,0.0,,,,,,114.0,,111.0,449.0,,,10.0,,,,,,,,,,,0.0,,0.0,,1.0,,1640437248.0,1.0,23.5,23.5,11.5,0.47,1014.0,2.8,4.1,273.0,0.0,1640396160.0,1640435840.0,0.7,9402698.0,,0.0,,0.0,16093.0,0.0,248.1,,,,0.0,3.023,10850.7,,,,,,,,,,,,,,,,,,,,,""
6424514081,"Dec 25, 2021, 12:27:32 AM",Morning Ride,Ride,,21985,90.92,172.0,108,,,Black Gold,activities/6830030953.fit.gz,,9.5,21985.0,14178.0,90920.5,12.879,6.413,520.0,532.0,533.4,617.6,44.1,0.0,,,214.0,62.0,,136.0,,93.0,2387.0,,18.0,108.0,,,,,,,,,,,,,0.0,,1.0,,1640390400.0,1.0,12.2,12.2,9.9,0.86,1014.5,0.6,0.6,154.0,0.0,1640396160.0,1640435840.0,0.7,7940261.0,,0.0,,0.17,16093.0,0.0,248.8,,,,0.0,4.136,12974.7,,,,,,,,,,,,,,,,,,,,,""
6421611541,"Dec 24, 2021, 10:12:07 AM",Afternoon Ride,Ride,,2305,10.12,157.0,12,,,Road sweeper,activities/6826879912.fit.gz,,9.5,2305.0,1810.0,10125.9,11.26,5.594,72.7,118.0,555.8,601.0,12.9,0.2,,,,,,135.0,,143.0,356.0,,,12.0,,,,,,,,,,,0.0,,0.0,,1.0,,1640339968.0,1.0,29.3,29.3,12.6,0.36,1012.0,3.5,3.6,283.0,0.0,1640309760.0,1640349312.0,0.67,9402698.0,,0.0,,0.03,16093.0,3.0,249.6,,,,0.0,4.393,7136.7,,,,,,,,,,,,,,,,,,,,,""
6421128097,"Dec 24, 2021, 7:33:17 AM",Afternoon Ride,Ride,,1921,8.42,157.0,8,true,,Road sweeper,activities/6826359010.fit.gz,,9.5,1921.0,1748.0,8422.5,10.043,4.818,46.3,212.0,553.8,588.7,7.2,0.0,,,,,,131.0,,108.0,326.0,,,8.0,,,,,,,,,,,0.0,,1.0,,1.0,,1640329216.0,1.0,28.4,28.4,13.1,0.39,1014.4,1.1,1.9,228.0,0.0,1640309760.0,1640349312.0,0.67,9402698.0,,0.0,,0.08,16093.0,7.0,249.6,,,,0.0,4.384,4012.3,,,,,,,,,,,,,,,,,,,,,""
6420783325,"Dec 24, 2021, 1:19:57 AM",Morning Ride,Ride,,7100,22.75,163.0,9,,,Black Gold,activities/6825977249.fit.gz,,9.5,7100.0,4611.0,22749.1,9.212,4.934,98.0,113.0,549.8,604.8,14.1,-0.1,,,113.0,50.0,,107.0,,56.0,516.0,,16.0,9.0,,,,,,,,,,,,,0.0,,1.0,,1640307584.0,1.0,13.7,13.7,10.9,0.83,1014.4,0.8,0.8,277.0,0.0,1640309760.0,1640349312.0,0.67,7940261.0,,0.0,,0.17,16093.0,0.0,249.6,,,,0.0,3.204,5267.8,,,,,,,,,,,,,,,,,,,,,""
6417799543,"Dec 23, 2021, 10:13:22 AM",Too tired to run. Had to take rickshaw. Also too sunny,Run,,370,0.87,164.0,1,,,,activities/6822771348.fit.gz,,,370.0,341.0,872.0,3.388,2.557,0.0,16.0,581.1,600.5,-0.1,-2.2,,,79.0,76.0,,144.0,,,73.0,,,1.0,,,,,,,,,,,0.0,,0.0,,1.0,836.2,1640253568.0,1.0,29.9,29.9,10.9,0.31,1011.9,1.0,1.6,70.0,0.0,1640223232.0,1640262912.0,0.64,,,0.0,,0.22,16093.0,3.0,247.3,,,,0.0,2.357,872.0,,,,,,,,,,,,,,,,,,,,,""
6417701105,"Dec 23, 2021, 9:00:37 AM",Afternoon Ride,Ride,,2597,10.21,153.0,6,,,Road sweeper,activities/6822663281.fit.gz,,9.5,2597.0,1954.0,10210.2,10.424,5.225,71.7,155.0,555.8,601.0,33.5,0.2,,,,,,132.0,,118.0,365.0,,,6.0,,,,,,,,,,,0.0,,0.0,,1.0,,1640249984.0,1.0,30.0,30.0,11.2,0.31,1012.3,0.8,1.4,129.0,0.0,1640223360.0,1640262912.0,0.64,9402698.0,,0.0,,0.16,16093.0,5.0,247.8,,,,0.0,3.932,4331.2,,,,,,,,,,,,,,,,,,,,,""
6417446829,"Dec 23, 2021, 7:12:41 AM",Lunch Ride,Ride,,1466,8.00,159.0,4,,,Road sweeper,activities/6822380599.fit.gz,,9.5,1466.0,1466.0,8006.0,11.728,5.461,44.5,118.0,557.0,594.8,14.1,-0.1,,,,,,132.0,,122.0,287.0,,,4.0,,,,,,,,,,,0.0,,0.0,,1.0,,1640242816.0,1.0,27.9,27.9,13.1,0.4,1014.6,1.2,1.2,106.0,0.0,1640223232.0,1640262912.0,0.64,9402698.0,,0.0,,0.04,16093.0,7.0,249.1,,,,0.0,5.461,3622.3,,,,,,,,,,,,,,,,,,,,,""
6410217684,"Dec 21, 2021, 11:33:23 AM",Afternoon Ride,Ride,,1151,4.02,150.0,2,,,Road sweeper,activities/6814684028.fit.gz,,9.5,1151.0,1036.0,4022.8,5.916,3.883,49.1,67.0,558.8,600.2,15.2,1.0,,,,,,122.0,,117.0,169.0,,,2.0,,,,,,,,,,,0.0,,0.0,,1.0,,1640084352.0,2.0,28.8,28.8,9.9,0.31,1014.1,1.9,2.3,18.0,0.0,1640050432.0,1640090112.0,0.57,9402698.0,,0.0,,0.35,16093.0,1.0,248.5,,,,0.0,3.495,2066.7,,,,,,,,,,,,,,,,,,,,,""
6409892827,"Dec 21, 2021, 10:07:41 AM",Afternoon Ride,Ride,,925,3.80,143.0,1,,,Road sweeper,activities/6814328041.fit.gz,,9.5,925.0,726.0,3801.7,11.407,5.237,6.7,83.0,556.9,595.2,6.6,-1.0,,,,,,118.0,,90.0,112.0,,,1.0,,,,,,,,,,,0.0,,0.0,,1.0,,1640080768.0,1.0,28.2,28.2,9.7,0.31,1014.0,1.6,1.8,40.0,0.0,1640050432.0,1640090112.0,0.57,9402698.0,,0.0,,0.05,16093.0,3.0,248.1,,,,0.0,4.11,1962.0,,,,,,,,,,,,,,,,,,,,,""
6409752451,"Dec 21, 2021, 8:59:38 AM",Afternoon Ride,Ride,,2049,8.16,154.0,4,,,Road sweeper,activities/6814174477.fit.gz,,9.5,2049.0,1631.0,8162.2,8.801,5.004,55.0,114.0,555.8,600.4,11.6,0.2,,,,,,127.0,,126.0,275.0,,,4.0,,,,,,,,,,,0.0,,0.0,,1.0,,1640073600.0,1.0,27.6,27.6,11.0,0.35,1015.7,1.4,1.4,81.0,0.0,1640050432.0,1640090112.0,0.57,9402698.0,,0.0,,0.02,16093.0,7.0,248.5,,,,0.0,3.984,4165.7,,,,,,,,,,,,,,,,,,,,,""
6409427123,"Dec 21, 2021, 6:28:02 AM",Lunch Ride,Ride,,1655,8.42,169.0,5,,,Road sweeper,activities/6813818992.fit.gz,,9.5,1655.0,1596.0,8419.5,10.913,5.275,42.7,156.0,552.9,595.0,7.8,-0.1,,,,,,132.0,,116.0,310.0,,,5.0,,,,,,,,,,,0.0,,0.0,,1.0,,1640066432.0,1.0,24.7,24.7,12.4,0.46,1018.0,1.7,1.7,108.0,0.0,1640050432.0,1640090112.0,0.57,9402698.0,,0.0,,0.0,16093.0,7.0,250.6,,,,0.0,5.087,6374.6,,,,,,,,,,,,,,,,,,,,,""
6409165228,"Dec 21, 2021, 3:07:08 AM",Morning Ride,Ride,,1197,5.87,168.0,3,,,Black Gold,activities/6813530921.fit.gz,,9.5,1197.0,1157.0,5878.8,6.958,5.081,48.0,19.0,563.0,604.4,8.0,0.5,,,91.0,61.0,,132.0,,82.0,220.0,,18.0,3.0,,,,,,,,,,,,,0.0,,1.0,,1640055552.0,1.0,16.2,16.2,11.2,0.72,1018.7,1.0,1.6,137.0,0.0,1640050432.0,1640090112.0,0.57,7940261.0,,0.0,,0.0,16093.0,1.0,250.7,,,,0.0,4.911,1505.4,,,,,,,,,,,,,,,,,,,,,""
6409078077,"Dec 21, 2021, 12:43:18 AM",Morning Ride,Ride,,5699,34.63,189.0,24,,,Black Gold,activities/6813436462.fit.gz,,9.5,5699.0,4975.0,34634.4,14.42,6.962,240.0,274.0,562.6,661.8,12.8,-0.1,,,147.0,64.0,,141.0,,109.0,874.0,,13.0,24.0,,,,,,,,,,,,,0.0,,1.0,,1640044800.0,1.0,13.0,13.0,10.1,0.83,1015.9,0.8,0.9,125.0,0.0,1640050432.0,1640090112.0,0.57,7940261.0,,0.0,,0.0,16093.0,0.0,251.6,,,,0.0,6.077,19560.7,,,,,,,,,,,,,,,,,,,,,""
6405926708,"Dec 20, 2021, 8:45:47 AM",Afternoon Ride,Ride,,2682,10.69,150.0,6,,,Road sweeper,activities/6810042273.fit.gz,,9.5,2682.0,2207.0,10695.4,9.012,4.846,72.1,185.0,555.8,598.2,12.2,0.1,,,,,,126.0,,112.0,368.0,,,6.0,,,,,,,,,,,0.0,,0.0,,1.0,,1639987200.0,1.0,26.3,26.3,14.1,0.47,1016.5,2.7,2.7,104.0,0.0,1639964032.0,1640003584.0,0.54,9402698.0,,0.0,,0.04,16093.0,7.0,254.3,,,,0.0,3.988,7027.9,,,,,,,,,,,,,,,,,,,,,""
6405611778,"Dec 20, 2021, 6:13:14 AM",Lunch Ride,Ride,,1555,8.00,166.0,4,,,Road sweeper,activities/6809694767.fit.gz,,9.5,1555.0,1432.0,8000.2,8.841,5.587,39.5,113.0,557.0,595.9,32.8,-0.1,,,,,,130.0,,119.0,272.0,,,4.0,,,,,,,,,,,0.0,,0.0,,1.0,,1639980032.0,1.0,23.5,23.5,14.2,0.56,1018.9,3.3,3.5,105.0,0.0,1639964032.0,1640003584.0,0.54,9402698.0,,0.0,,0.06,16093.0,7.0,255.0,,,,0.0,5.145,3680.6,,,,,,,,,,,,,,,,,,,,,""
6405388139,"Dec 20, 2021, 2:51:35 AM",Morning Walk,Walk,,1041,0.95,136.0,1,,,,activities/6809446148.fit.gz,,,1041.0,775.0,955.1,2.01,1.232,15.7,65.0,584.5,601.0,10.5,1.7,,,54.0,51.0,,113.0,,,102.0,,,1.0,,,,,,,,,,,,,0.0,,1.0,,1639965568.0,1.0,13.8,13.8,11.0,0.83,1018.7,1.5,2.4,108.0,0.0,1639964032.0,1640003584.0,0.54,,,0.0,,0.01,16093.0,0.0,254.8,,,,0.0,0.918,933.5,,,,,,,,,,,,,,,,,,,,,""
6405370416,"Dec 20, 2021, 2:31:50 AM",Morning Run,Run,,1140,3.00,187.0,17,,,,activities/6809426773.fit.gz,,,1140.0,1092.0,3008.8,4.072,2.755,17.0,301.0,579.8,597.7,3.8,-0.5,,,79.0,77.0,,170.0,,,281.0,,,17.0,,,,,,,,,,,,,0.0,,1.0,2993.4,1639965568.0,1.0,13.8,13.8,11.0,0.83,1018.7,1.5,2.4,108.0,0.0,1639964032.0,1640003584.0,0.54,,,0.0,,0.01,16093.0,0.0,254.8,,,,0.0,2.639,3008.8,,,,,,,,,,,,,,,,,,,,,""
6400941048,"Dec 19, 2021, 12:49:34 AM",Mhalunge-Maan-megapolis loop. ,Ride,Slight change of route made the roads real bad. ,13655,60.59,170.0,29,,,Black Gold,activities/6804610108.fit.gz,,9.5,13655.0,10156.0,60596.0,12.844,5.967,408.0,427.0,532.6,641.4,11.5,-0.1,,,217.0,59.0,,124.0,,84.0,1456.0,,17.0,29.0,,,,,,,,,,,0.0,,0.0,,1.0,,1639872000.0,1.0,13.7,13.7,10.4,0.81,1017.2,1.6,2.5,97.0,0.0,1639877632.0,1639917184.0,0.51,7940261.0,,0.0,,0.08,16093.0,0.0,248.5,,,,0.0,4.438,12852.4,,,,,,,,,,,,,,,,,,,,,""
6398116095,"Dec 18, 2021, 11:31:16 AM",Afternoon Ride,Ride,,3262,6.07,143.0,3,,,Black Gold,activities/6801554828.fit.gz,,9.5,3262.0,1387.0,6074.3,9.236,4.379,56.7,105.0,555.8,600.4,23.2,0.7,,,,,,121.0,,77.0,209.0,,,3.0,,,,,,,,,,,,,0.0,,1.0,,1639825152.0,1.0,27.2,27.2,12.8,0.41,1014.1,2.1,2.4,69.0,0.0,1639791104.0,1639830784.0,0.48,7940261.0,,0.0,,0.14,16093.0,1.0,250.6,,,,0.0,1.862,3069.1,,,,,,,,,,,,,,,,,,,,,""
6397545608,"Dec 18, 2021, 10:13:21 AM",Afternoon Ride,Ride,,896,4.42,128.0,1,,,Road sweeper,activities/6800943452.fit.gz,,9.5,896.0,881.0,4421.4,10.66,5.019,15.2,87.0,556.1,592.7,6.5,-0.8,,,,,,107.0,,96.0,106.0,,,1.0,,,,,,,,,,,0.0,,0.0,,1.0,,1639821568.0,1.0,27.8,27.8,11.8,0.37,1014.2,2.3,2.3,82.0,0.0,1639791104.0,1639830784.0,0.48,9402698.0,,0.0,,0.06,16093.0,3.0,250.1,,,,0.0,4.935,2359.6,,,,,,,,,,,,,,,,,,,,,""
6396815232,"Dec 18, 2021, 2:36:10 AM",Morning Ride,Ride,,8036,22.68,124.0,4,,,Black Gold,activities/6800145151.fit.gz,,9.5,8036.0,3495.0,22686.5,11.905,6.491,153.0,114.0,561.6,626.2,37.3,0.1,,,102.0,62.0,,87.0,,104.0,731.0,,19.0,4.0,,,,,,,,,,,,,0.0,,1.0,,1639792768.0,2.0,15.2,15.2,12.6,0.85,1017.8,1.4,2.3,76.0,0.0,1639791232.0,1639830784.0,0.48,7940261.0,,0.0,,0.73,16093.0,0.0,251.1,,,,0.0,2.823,3378.6,,,,,,,,,,,,,,,,,,,,,""
6396657250,"Dec 18, 2021, 12:41:25 AM",Morning Ride,Ride,,6869,35.20,185.0,16,,,Black Gold,activities/6799971260.fit.gz,,9.5,6869.0,4484.0,35205.0,14.114,7.851,189.0,227.0,555.8,614.8,5.7,-0.1,,,163.0,67.0,,131.0,,132.0,665.0,,15.0,16.0,,,,,,,,,,,,,0.0,,1.0,,1639785600.0,2.0,14.5,14.5,11.7,0.83,1016.0,0.9,1.2,97.0,0.0,1639791104.0,1639830784.0,0.48,7940261.0,,0.0,,0.66,16093.0,0.0,249.6,,,,0.0,5.125,2936.5,,,,,,,,,,,,,,,,,,,,,""
6394100991,"Dec 17, 2021, 11:22:58 AM",Afternoon Ride,Ride,,500,2.28,162.0,1,,,Road sweeper,activities/6797223748.fit.gz,,9.5,500.0,500.0,2282.8,6.955,4.566,33.4,23.0,569.1,600.8,7.1,1.4,,,,,,135.0,,158.0,102.0,,,1.0,,,,,,,,,,,0.0,,0.0,,1.0,,1639738752.0,2.0,27.1,27.4,15.3,0.48,1014.1,1.7,1.7,77.0,0.0,1639704704.0,1639744384.0,0.45,9402698.0,,0.0,,0.81,16093.0,1.0,251.3,,,,0.0,4.566,920.6,,,,,,,,,,,,,,,,,,,,,""
6394066402,"Dec 17, 2021, 10:19:03 AM",Afternoon Ride,Ride,,3637,7.42,148.0,4,,,Road sweeper,activities/6797186192.fit.gz,,9.5,3637.0,1476.0,7427.0,9.338,5.032,29.2,143.0,555.8,582.2,10.4,-0.2,,,,,,122.0,,112.0,235.0,,,4.0,,,,,,,,,,,0.0,,0.0,,1.0,,1639735168.0,3.0,27.1,27.4,15.1,0.48,1014.1,1.7,1.7,83.0,0.0,1639704704.0,1639744384.0,0.45,9402698.0,,0.0,,0.91,16093.0,2.0,251.9,,,,0.0,2.042,2533.5,,,,,,,,,,,,,,,,,,,,,""
6393615825,"Dec 17, 2021, 7:41:20 AM",Afternoon Ride,Ride,,1479,8.10,155.0,4,,,Road sweeper,activities/6796691302.fit.gz,,9.5,1479.0,1311.0,8104.3,11.589,6.182,45.2,101.0,557.0,595.6,17.7,-0.1,,,,,,132.0,,150.0,253.0,,,4.0,,,,,,,,,,,0.0,,0.0,,1.0,,1639724416.0,2.0,26.1,26.2,16.3,0.55,1017.1,2.6,2.6,93.0,0.0,1639704704.0,1639744384.0,0.45,9402698.0,,0.0,,0.84,16093.0,5.0,252.0,,,,0.0,5.48,3715.9,,,,,,,,,,,,,,,,,,,,,""
6393158144,"Dec 17, 2021, 12:02:28 AM",Morning Ride,Ride,,8540,39.35,,,,,Black Gold,activities/6796190098.fit.gz,,9.5,8540.0,6454.0,39351.8,11.828,6.097,201.0,240.0,548.0,609.6,13.2,-0.1,,,155.0,59.0,,,,76.0,1349.0,,18.0,,,,,,,,,,,,0.0,,0.0,,1.0,,1639699200.0,2.0,17.6,17.7,15.7,0.89,1015.6,0.7,1.1,101.0,0.0,1639704704.0,1639744384.0,0.45,7940261.0,,0.0,,0.85,16093.0,0.0,251.8,,,,0.0,4.608,8531.6,,,,,,,,,,,,,,,,,,,,,media/5079998c-a366-4263-994f-e7b187be385f.jpg
6390575009,"Dec 16, 2021, 12:18:22 PM",Afternoon Ride,Ride,,1516,7.31,150.0,4,,,Road sweeper,activities/6793429977.fit.gz,,9.5,1516.0,1434.0,7317.7,7.723,5.103,48.0,135.0,559.9,600.3,9.4,0.5,,,,,,130.0,,132.0,274.0,,,4.0,,,,,,,,,,,0.0,,0.0,,1.0,,1639655936.0,3.0,26.4,26.5,17.1,0.57,1013.9,1.5,2.0,9.0,0.0,1639618304.0,1639657984.0,0.42,9402698.0,,0.0,,0.93,16093.0,0.0,249.0,,,,0.0,4.827,3196.6,,,,,,,,,,,,,,,,,,,,,""
6389689104,"Dec 16, 2021, 6:55:21 AM",Lunch Ride,Ride,,1546,7.96,174.0,4,,,Road sweeper,activities/6792466363.fit.gz,,9.5,1546.0,1452.0,7966.7,8.195,5.487,36.5,102.0,557.0,595.9,12.6,-0.1,,,,,,126.0,,116.0,258.0,,,4.0,,,,,,,,,,,0.0,,0.0,,1.0,,1639634432.0,3.0,24.8,25.0,17.8,0.65,1017.3,2.1,2.2,100.0,0.0,1639618304.0,1639657984.0,0.42,9402698.0,,0.0,,0.92,16093.0,4.0,252.7,,,,0.0,5.153,3685.7,,,,,,,,,,,,,,,,,,,,,""
6386001892,"Dec 15, 2021, 9:05:41 AM",Afternoon Ride,Ride,,1459,7.16,142.0,3,,,Road sweeper,activities/6788520412.fit.gz,,9.5,1459.0,1250.0,7159.9,10.18,5.728,34.3,92.0,553.5,586.7,11.9,-0.3,,,,,,120.0,,127.0,204.0,,,3.0,,,,,,,,,,,0.0,,0.0,,1.0,,1639558784.0,3.0,27.8,28.1,16.1,0.49,1013.3,1.5,2.5,131.0,0.0,1639531904.0,1639571456.0,0.39,9402698.0,,0.0,,0.96,16093.0,4.0,251.5,,,,0.0,4.907,5558.9,,,,,,,,,,,,,,,,,,,,,""
6385621955,"Dec 15, 2021, 5:53:33 AM",Lunch Ride,Ride,,2183,10.98,160.0,6,,,Road sweeper,activities/6788105141.fit.gz,,9.5,2183.0,2053.0,10983.0,10.945,5.35,66.9,201.0,554.9,595.2,8.8,-0.1,,,,,,129.0,,125.0,366.0,,,6.0,,,,,,,,,,,0.0,,0.0,,1.0,,1639544448.0,3.0,23.4,23.8,19.0,0.76,1016.7,2.7,3.6,102.0,0.0,1639531776.0,1639571456.0,0.39,9402698.0,,0.0,,0.98,16093.0,3.0,253.9,,,,0.0,5.031,7488.4,,,,,,,,,,,,,,,,,,,,,""
6368671512,"Dec 11, 2021, 12:15:26 AM",Solo ride to kaamshet z2-z3,Ride,The most horrible (mentally) ride I've ever done,18232,100.05,171.0,55,,,Black Gold,activities/6769742441.fit.gz,,9.5,18232.0,14834.0,100054.8,15.594,6.745,671.0,738.0,541.6,654.4,19.0,-0.1,,,104.0,59.0,,136.0,,102.0,2243.0,,20.0,55.0,,,,,,2.0,,,,,0.0,70.0,0.0,,1.0,,1639180800.0,2.0,17.6,17.6,14.8,0.84,1015.1,1.2,1.3,63.0,0.0,1639186048.0,1639225856.0,0.27,7940261.0,,0.0,,0.41,16093.0,0.0,252.6,,,,0.0,5.488,5334.3,,,,,,,,,,,,,,,,,,,,,""
6362307770,"Dec 9, 2021, 11:50:32 AM",Afternoon Ride,Ride,,1702,6.67,139.0,3,,,Road sweeper,activities/6762878707.fit.gz,,9.5,1702.0,1442.0,6674.5,6.811,4.629,48.2,60.0,556.7,600.4,7.9,0.7,,,,,,123.0,,123.0,228.0,,,3.0,,,,,,,,,,,0.0,,0.0,,1.0,,1639047552.0,2.0,27.1,27.4,15.3,0.49,1014.5,2.1,2.2,89.0,0.0,1639013248.0,1639053056.0,0.2,9402698.0,,0.0,,0.48,16093.0,1.0,255.5,,,,0.0,3.922,2981.2,,,,,,,,,,,,,,,,,,,,,""
6361922448,"Dec 9, 2021, 10:08:23 AM",Afternoon Ride,Ride,,1028,4.05,149.0,2,,,Road sweeper,activities/6762460659.fit.gz,,9.5,1028.0,747.0,4055.9,11.34,5.43,11.1,152.0,556.5,598.5,4.5,-1.0,,,,,,122.0,,94.0,122.0,,,2.0,,,,,,,,,,,0.0,,0.0,,1.0,,1639043968.0,2.0,27.5,27.5,14.3,0.44,1014.7,2.4,2.7,99.0,0.0,1639013248.0,1639053056.0,0.2,9402698.0,,0.0,,0.41,16093.0,2.0,256.8,,,,0.0,3.945,2760.3,,,,,,,,,,,,,,,,,,,,,""
6361198632,"Dec 9, 2021, 3:12:00 AM",Morning Ride,Ride,,1084,5.92,173.0,3,,,Black Gold,activities/6761666713.fit.gz,,9.5,1084.0,1084.0,5920.6,8.333,5.462,48.0,17.0,574.2,617.8,32.2,0.7,,,91.0,55.0,,135.0,,91.0,220.0,,21.0,3.0,,,,,,,,,,,,,0.0,,1.0,,1639018752.0,1.0,19.3,19.3,14.7,0.74,1017.5,1.5,3.3,103.0,0.0,1639013248.0,1639053056.0,0.2,7940261.0,,0.0,,0.21,16093.0,1.0,259.6,,,,0.0,5.462,1671.2,,,,,,,,,,,,,,,,,,,,,""
6361133944,"Dec 9, 2021, 12:38:21 AM",Morning Ride,Ride,,7491,40.66,187.0,25,,,Black Gold,activities/6761596339.fit.gz,,9.5,7491.0,5386.0,40666.0,13.548,7.55,234.0,281.0,550.6,606.0,11.3,-0.1,,,149.0,60.0,,140.0,,122.0,1045.0,,18.0,25.0,,,,,,,,,,,,,0.0,,1.0,,1639008000.0,2.0,16.1,16.1,13.8,0.86,1014.7,0.8,1.0,95.0,0.0,1639013248.0,1639053056.0,0.2,7940261.0,,0.0,,0.36,16093.0,0.0,259.9,,,,0.0,5.429,5414.0,,,,,,,,,,,,,,,,,,,,,""
6357076705,"Dec 8, 2021, 12:50:22 AM",Morning Ride,Ride,,8419,39.10,148.0,16,,,Road sweeper,activities/6757217154.fit.gz,,9.5,8419.0,6847.0,39099.0,10.763,5.71,185.9,512.0,548.9,601.0,7.7,0.1,,,,,,115.0,,130.0,795.0,,,16.0,,,,,,,,,,,0.0,,0.0,,1.0,,1638921600.0,2.0,16.6,16.6,13.7,0.83,1013.8,0.9,1.1,76.0,0.0,1638926720.0,1638966656.0,0.17,9402698.0,,0.0,,0.43,16093.0,0.0,258.1,,,,0.0,4.644,6440.3,,,,,,,,,,,,,,,,,,,,,""
6344563581,"Dec 5, 2021, 2:14:10 AM",Morning Run,Run,,2066,5.01,176.0,14,,,,activities/6743667157.fit.gz,,,2066.0,2063.0,5018.9,2.977,2.433,13.1,166.0,224.5,230.9,4.4,0.0,,,80.0,77.0,,156.0,,,475.0,,,14.0,,,,,,,,,,,,,0.0,,1.0,5033.4,1638669568.0,1.0,11.8,11.8,8.9,0.83,1016.9,1.4,2.0,91.0,0.0,1638668800.0,1638705536.0,0.05,,,0.06,5.0,0.24,16093.0,0.0,292.5,,,,0.0,2.429,2056.6,,,,,,,,,,,,,,,,,,,,,""
6340141532,"Dec 4, 2021, 2:01:05 AM",Morning Activity,Elliptical,,484,0,154.0,1,,,,activities/6738908430.fit.gz,,,484.0,484.0,0.0,0.0,0.0,0.0,,,,0.0,0.0,,,78.0,68.0,,136.0,,,106.0,,,1.0,,,,,,,,,,,,,0.0,,1.0,,,,,,,,,,,,,,,,,,,,,,,,,,,0.0,0.0,0.0,,,,,,,,,,,,,,,,,,,,,""
6328398057,"Dec 1, 2021, 12:38:28 AM",Morning Ride to cc. Fucked by rains,Ride,,10972,33.44,190.0,21,,,Road sweeper,activities/6726327341.fit.gz,,9.5,10972.0,5633.0,33444.2,12.534,5.937,211.0,211.0,555.4,671.2,37.5,-0.1,,,,,,129.0,,142.0,927.0,,18.0,21.0,,,,,,5.0,,,,,0.0,101.0,0.0,,1.0,,1638316800.0,3.0,19.8,20.0,16.6,0.82,1012.2,3.5,7.9,98.0,0.1,1638321664.0,1638361728.0,0.9,9402698.0,,0.13,5.0,1.0,16093.0,0.0,251.2,,,,0.0,3.048,14531.7,,,,,,,,,,,,,,,,,,,,,""
6325212757,"Nov 30, 2021, 11:43:51 AM",Afternoon Ride,Ride,,1179,4.11,165.0,3,,,Black Gold,activities/6722938982.fit.gz,,9.5,1179.0,843.0,4111.4,9.846,4.877,50.9,39.0,559.1,601.3,14.8,1.0,,,,,,135.0,,109.0,171.0,,,3.0,,,,,,,,,,,,,0.0,,1.0,,1638269952.0,3.0,26.4,26.6,17.3,0.58,1010.7,3.6,5.2,111.0,0.1,1638235264.0,1638275328.0,0.86,7940261.0,,0.04,5.0,0.88,16093.0,1.0,250.7,,,,0.0,3.487,1937.3,,,,,,,,,,,,,,,,,,,,,""
6324871197,"Nov 30, 2021, 10:18:20 AM",Afternoon Ride,Ride,,610,2.97,136.0,1,,,Black Gold,activities/6722571884.fit.gz,,9.5,610.0,561.0,2978.0,10.391,5.308,6.5,78.0,560.9,587.8,5.4,-0.8,,,,,,120.0,,50.0,91.0,,,1.0,,,,,,,,,,,,,0.0,,1.0,,1638266368.0,2.0,27.2,27.8,16.6,0.52,1010.5,4.3,5.4,117.0,0.0,1638235264.0,1638275328.0,0.86,7940261.0,,0.03,5.0,0.86,16093.0,2.0,251.5,,,,0.0,4.882,1327.5,,,,,,,,,,,,,,,,,,,,,""
6324064341,"Nov 30, 2021, 12:36:27 AM",Morning Ride,Ride,,10276,46.65,182.0,27,,,Road sweeper,activities/6721695089.fit.gz,,9.5,10276.0,7094.0,46650.9,15.578,6.576,305.0,322.0,564.0,620.8,8.4,0.0,,,,,,134.0,,172.0,1178.0,,20.0,27.0,,,,,,,,,,,0.0,,0.0,,1.0,,1638230400.0,3.0,19.0,19.0,14.4,0.75,1013.2,2.3,3.5,69.0,0.0,1638235264.0,1638275328.0,0.86,9402698.0,,0.04,5.0,0.92,16093.0,0.0,252.9,,,,0.0,4.54,7935.8,,,,,,,,,,,,,,,,,,,,,""
6320936230,"Nov 29, 2021, 10:25:37 AM",Afternoon Ride,Ride,,2489,9.60,159.0,5,,,Road sweeper,activities/6718361797.fit.gz,,9.5,2489.0,1846.0,9604.8,9.556,5.203,65.1,202.0,554.2,599.7,8.7,0.3,,,,,,132.0,,133.0,336.0,,,5.0,,,,,,,,,,,0.0,,0.0,,1.0,,1638179968.0,3.0,27.2,27.3,14.3,0.45,1012.5,3.9,4.8,85.0,0.0,1638148864.0,1638188928.0,0.82,9402698.0,,0.0,,0.99,16093.0,2.0,252.9,,,,0.0,3.859,3149.0,,,,,,,,,,,,,,,,,,,,,""
6320802369,"Nov 29, 2021, 10:18:40 AM",Afternoon Ride,Ride,,263,1.81,139.0,0,,,Road sweeper,activities/6718216048.fit.gz,,9.5,263.0,263.0,1814.0,11.065,6.897,3.6,54.0,570.1,586.7,3.8,-0.7,,,,,,123.0,,150.0,46.0,,,0.0,,,,,,,,,,,0.0,,0.0,,1.0,,1638179968.0,3.0,27.2,27.3,14.3,0.45,1012.5,3.9,4.8,85.0,0.0,1638148864.0,1638188928.0,0.82,9402698.0,,0.0,,0.99,16093.0,2.0,252.9,,,,0.0,6.897,0.0,,,,,,,,,,,,,,,,,,,,,""
6320528535,"Nov 29, 2021, 7:44:04 AM",Afternoon Ride,Ride,,2158,9.06,172.0,5,,,Black Gold,activities/6717914182.fit.gz,,9.5,2158.0,1718.0,9064.3,11.35,5.276,44.5,122.0,554.9,595.9,10.2,-0.1,,,,,,126.0,,69.0,296.0,,,5.0,,,,,,,,,,,,,0.0,,1.0,,1638169216.0,3.0,25.8,25.8,13.4,0.46,1015.2,4.7,5.9,91.0,0.0,1638148864.0,1638188928.0,0.82,7940261.0,,0.0,,0.99,16093.0,5.0,255.0,,,,0.0,4.2,5632.2,,,,,,,,,,,,,,,,,,,,,""
6315608696,"Nov 28, 2021, 12:48:41 AM",Morning Ride,Ride,,11250,36.57,178.0,18,,,Black Gold,activities/6712608899.fit.gz,,9.5,11250.0,6661.0,36577.9,12.906,5.491,246.0,250.0,556.6,667.4,36.0,0.0,,,91.0,61.0,,123.0,,89.0,933.0,,19.0,18.0,,,,,,,,,,,,,0.0,,1.0,,1638057600.0,3.0,16.6,16.6,12.9,0.79,1014.0,1.6,2.1,107.0,0.0,1638062336.0,1638102528.0,0.79,7940261.0,,0.0,,0.93,16093.0,0.0,258.9,,,,0.0,3.251,16267.9,,,,,,,,,,,,,,,,,,,,,""
6312605346,"Nov 27, 2021, 10:57:25 AM",Afternoon Ride,Ride,,2089,8.56,148.0,4,,,Road sweeper,activities/6709365090.fit.gz,,9.5,2089.0,1563.0,8567.5,9.798,5.481,35.9,182.0,555.8,594.0,10.4,-0.3,,,,,,120.0,,114.0,238.0,,,4.0,,,,,,,,,,,0.0,,0.0,,1.0,,1638007168.0,2.0,29.4,29.4,14.3,0.4,1011.7,2.6,3.3,75.0,0.0,1637976064.0,1638016128.0,0.75,9402698.0,,0.0,,0.57,16093.0,2.0,256.0,,,,0.0,4.101,5119.1,,,,,,,,,,,,,,,,,,,,,""
6311880434,"Nov 27, 2021, 7:50:39 AM",Afternoon Ride,Ride,,1537,7.75,157.0,4,,,Black Gold,activities/6708588685.fit.gz,,9.5,1537.0,1513.0,7756.9,11.204,5.127,46.7,135.0,554.9,595.3,7.0,-0.1,,,,,,121.0,,69.0,241.0,,,4.0,,,,,,,,,,,,,0.0,,1.0,,1637996416.0,2.0,28.0,28.3,15.8,0.48,1013.9,3.2,3.7,83.0,0.0,1637976064.0,1638016128.0,0.75,7940261.0,,0.0,,0.72,16093.0,6.0,257.0,,,,0.0,5.047,5275.1,,,,,,,,,,,,,,,,,,,,,""
6309066623,"Nov 26, 2021, 10:24:07 AM",Afternoon Ride,Ride,,4276,11.58,154.0,7,,,Road sweeper,activities/6705552402.fit.gz,,9.5,4276.0,2323.0,11585.6,8.099,4.987,61.8,157.0,554.5,600.9,7.1,0.1,,,,,,122.0,,113.0,362.0,,,7.0,,,,,,,,,,,0.0,,0.0,,1.0,,,,,,,,,,,,,,,,9402698.0,,,,,,,,,,,0.0,2.709,6145.0,,,,,,,,,,,,,,,,,,,,,""
6308448216,"Nov 26, 2021, 7:51:53 AM",Afternoon Ride,Ride,,1989,7.92,167.0,7,,,Road sweeper,activities/6704878763.fit.gz,,9.5,1989.0,1490.0,7922.5,10.081,5.317,46.2,135.0,557.0,596.8,9.4,-0.1,,,,,,130.0,,120.0,270.0,,,7.0,,,,,,,,,,,0.0,,0.0,,1.0,,,,,,,,,,,,,,,,9402698.0,,,,,,,,,,,0.0,3.983,2957.0,,,,,,,,,,,,,,,,,,,,,""
6304591181,"Nov 25, 2021, 10:04:42 AM",Afternoon Ride,Ride,,1234,4.00,142.0,2,,,Road sweeper,activities/6700766121.fit.gz,,9.5,1234.0,746.0,4005.3,11.159,5.369,11.2,187.0,556.2,595.1,18.3,-0.9,,,,,,114.0,,99.0,104.0,,,2.0,,,,,,,,,,,0.0,,0.0,,1.0,,,,,,,,,,,,,,,,9402698.0,,,,,,,,,,,0.0,3.246,2853.0,,,,,,,,,,,,,,,,,,,,,""
6299522500,"Nov 24, 2021, 12:30:43 AM",Morning Ride,Ride,,10454,46.47,184.0,24,,,Black Gold,activities/6695303571.fit.gz,,9.5,10454.0,7574.0,46473.6,12.211,6.136,282.0,298.0,545.8,612.8,10.6,-0.1,,,110.0,59.0,,119.0,,86.0,940.0,,23.0,24.0,,,,,,,,,,,,,0.0,,1.0,,,,,,,,,,,,,,,,7940261.0,,,,,,,,,,,0.0,4.446,6434.8,,,,,,,,,,,,,,,,,,,,,""
6291929037,"Nov 22, 2021, 11:03:09 AM",Afternoon Ride,Ride,,1500,7.54,163.0,9,,,Road sweeper,activities/6687183414.fit.gz,,9.5,1500.0,1239.0,7546.8,10.328,6.091,50.4,51.0,559.9,600.9,10.4,0.2,,,,,,137.0,,163.0,260.0,,,9.0,,,,,,,,,,,0.0,,0.0,,1.0,,,,,,,,,,,,,,,,9402698.0,,,,,,,,,,,0.0,5.031,2512.2,,,,,,,,,,,,,,,,,,,,,""
6291289554,"Nov 22, 2021, 7:36:01 AM",Afternoon Ride,Ride,,1521,8.17,165.0,6,,,Road sweeper,activities/6686484208.fit.gz,,9.5,1521.0,1422.0,8170.3,9.173,5.746,39.9,152.0,557.0,595.3,40.0,-0.1,,,,,,127.0,,130.0,253.0,,,6.0,,,,,,,,,,,0.0,,0.0,,1.0,,,,,,,,,,,,,,,,9402698.0,,,,,,,,,,,0.0,5.372,3856.3,,,,,,,,,,,,,,,,,,,,,""
6285742786,"Nov 21, 2021, 1:19:51 AM",Reco Run,Run,"Broke in new shoes



Saucony Hurricane 23",1271,3.00,177.0,15,,,,activities/6680495457.fit.gz,,,1271.0,1212.0,3006.1,5.248,2.48,2.7,100.0,563.4,598.0,2.6,-1.2,,,90.0,76.0,,150.0,,,274.0,,,15.0,,,,,,4.0,,,,,0.0,13.0,0.0,,1.0,2945.3,,,,,,,,,,,,,,,,,,,,,,,,,,0.0,2.365,1082.1,,,,,,,,,,,,,,,,,,,,,media/eb207b62-0f11-4d2f-a9fa-13f9a7c7291e.jpg
6282911331,"Nov 20, 2021, 12:32:04 PM",Evening Ride,Ride,,893,3.96,164.0,3,,,Road sweeper,activities/6677452234.fit.gz,,9.5,893.0,845.0,3966.3,9.166,4.694,42.5,75.0,559.8,600.5,7.8,1.0,,,,,,126.0,,145.0,152.0,,,3.0,,,,,,,,,,,0.0,,0.0,,1.0,,,,,,,,,,,,,,,,9402698.0,,,,,,,,,,,0.0,4.441,2047.6,,,,,,,,,,,,,,,,,,,,,""
6282191002,"Nov 20, 2021, 10:15:29 AM",Afternoon Ride,Ride,,971,3.85,139.0,2,,,Road sweeper,activities/6676685074.fit.gz,,9.5,971.0,731.0,3854.1,11.018,5.272,6.6,160.0,557.5,598.9,5.1,-1.1,,,,,,114.0,,91.0,105.0,,,2.0,,,,,,,,,,,0.0,,0.0,,1.0,,,,,,,,,,,,,,,,9402698.0,,,,,,,,,,,0.0,3.969,1846.3,,,,,,,,,,,,,,,,,,,,,""
6281307477,"Nov 19, 2021, 11:44:04 PM","Morning Ride to kapurhol. 


Super relaxed",Ride,,17856,65.12,184.0,46,,,Black Gold,activities/6675737351.fit.gz,,9.5,17856.0,11705.0,65121.6,18.874,5.564,660.0,681.0,562.8,866.4,20.4,0.0,,,123.0,54.0,,126.0,,92.0,1552.0,,23.0,46.0,,,,,,3.0,,,,,0.0,97.0,0.0,,1.0,,,,,,,,,,,,,,,,7940261.0,,,,,,,,,,,0.0,3.647,5425.7,,,,,,,,,,,,,,,,,,,,,""
6277181672,"Nov 19, 2021, 12:29:14 AM",Morning Run,Run,,3876,10.04,190.0,112,,,,activities/6671298431.fit.gz,,,3876.0,3835.0,10044.7,3.658,2.619,14.3,311.0,556.3,596.9,2.3,-0.4,,,106.0,78.0,,168.0,,,953.0,,,112.0,,,,,,8.0,,,,,0.0,165.0,0.0,,1.0,9988.7,,,,,,,,,,,,,,,,,,,,,,,,,,0.0,2.592,6541.2,,,,,,,,,,,,,,,,,,,,,media/57ca8416-c73a-4293-a77e-9baa92bed816.jpg
6275179445,"Nov 18, 2021, 11:39:15 AM",Afternoon Ride,Ride,,1428,4.81,136.0,3,,,Road sweeper,activities/6669172784.fit.gz,,9.5,1428.0,1162.0,4817.0,6.996,4.145,49.5,69.0,558.9,599.5,16.4,0.8,,,,,,120.0,,123.0,183.0,,,3.0,,,,,,,,,,,0.0,,0.0,,1.0,,,,,,,,,,,,,,,,9402698.0,,,,,,,,,,,0.0,3.373,2518.3,,,,,,,,,,,,,,,,,,,,,""
6273904407,"Nov 18, 2021, 10:16:08 AM",Afternoon Ride,Ride,,598,3.03,137.0,1,,,Road sweeper,activities/6667808191.fit.gz,,9.5,598.0,598.0,3033.5,9.019,5.073,6.6,48.0,560.9,588.0,23.6,-0.9,,,,,,113.0,,85.0,86.0,,,1.0,,,,,,,,,,,0.0,,0.0,,1.0,,,,,,,,,,,,,,,,9402698.0,,,,,,,,,,,0.0,5.073,1368.5,,,,,,,,,,,,,,,,,,,,,""
6273903535,"Nov 18, 2021, 8:23:05 AM",Afternoon Ride,Ride,,1842,7.26,153.0,6,,,Road sweeper,activities/6667807202.fit.gz,,9.5,1842.0,1555.0,7263.3,8.972,4.671,47.9,72.0,559.9,600.4,7.8,0.2,,,,,,127.0,,110.0,271.0,,,6.0,,,,,,,,,,,0.0,,0.0,,1.0,,,,,,,,,,,,,,,,9402698.0,,,,,,,,,,,0.0,3.943,2981.8,,,,,,,,,,,,,,,,,,,,,""
6273251741,"Nov 18, 2021, 5:25:48 AM",Morning Ride,Ride,,1431,7.87,173.0,9,,,Road sweeper,activities/6667101601.fit.gz,,9.5,1431.0,1282.0,7878.8,10.04,6.146,39.5,134.0,557.0,593.9,14.9,-0.1,,,,,,134.0,,142.0,260.0,,,9.0,,,,,,,,,,,0.0,,0.0,,1.0,,,,,,,,,,,,,,,,9402698.0,,,,,,,,,,,0.0,5.506,3578.5,,,,,,,,,,,,,,,,,,,,,""
6273063294,"Nov 18, 2021, 2:40:09 AM",Morning Ride,Ride,,2429,6.21,167.0,5,,,Black Gold,activities/6666896261.fit.gz,,9.5,2429.0,1110.0,6214.7,8.198,5.599,49.0,17.0,563.4,603.4,10.1,0.3,,,92.0,60.0,,133.0,,91.0,214.0,,25.0,5.0,,,,,,,,,,,,,0.0,,1.0,,,,,,,,,,,,,,,,7940261.0,,,,,,,,,,,0.0,2.559,2136.7,,,,,,,,,,,,,,,,,,,,,""
6273003346,"Nov 18, 2021, 12:35:11 AM",Morning Ride,Ride,,7466,41.68,181.0,59,,,Black Gold,activities/6666831378.fit.gz,,9.5,7466.0,5502.0,41680.8,14.092,7.576,241.0,262.0,570.0,617.6,38.2,-0.1,,,97.0,66.0,,143.0,,129.0,1084.0,,22.0,59.0,,,,,,,,,,,,,0.0,,1.0,,,,,,,,,,,,,,,,7940261.0,,,,,,,,,,,0.0,5.583,4982.4,,,,,,,,,,,,,,,,,,,,,""
6269017880,"Nov 17, 2021, 7:03:12 AM",Lunch Ride,Ride,,3762,9.91,150.0,7,,,Black Gold,activities/6662590370.fit.gz,,9.5,3762.0,1883.0,9910.3,9.374,5.263,60.3,136.0,555.8,599.8,7.3,0.2,,,,,,127.0,,74.0,334.0,,,7.0,,,,,,,,,,,0.0,,0.0,,1.0,,,,,,,,,,,,,,,,7940261.0,,,,,,,,,,,0.0,2.634,4016.3,,,,,,,,,,,,,,,,,,,,,""
6268750643,"Nov 17, 2021, 5:47:04 AM",Lunch Ride,Ride,,1413,7.74,154.0,5,,,Black Gold,activities/6662304766.fit.gz,,9.5,1413.0,1382.0,7748.9,8.453,5.607,34.6,129.0,557.0,591.7,13.3,-0.1,,,,,,122.0,,66.0,228.0,,,5.0,,,,,,,,,,,,,0.0,,1.0,,,,,,,,,,,,,,,,7940261.0,,,,,,,,,,,0.0,5.484,3474.6,,,,,,,,,,,,,,,,,,,,,""
6268526390,"Nov 17, 2021, 2:50:17 AM",Morning Walk,Walk,,2261,2.68,124.0,5,,,,activities/6662063491.fit.gz,,,2261.0,2126.0,2687.1,2.885,1.264,26.6,397.0,579.5,601.0,7.7,0.2,,,59.0,54.0,,104.0,,,216.0,,,5.0,,,,,,,,,,,,,0.0,,1.0,,,,,,,,,,,,,,,,,,,,,,,,,,,0.0,1.188,2079.1,,,,,,,,,,,,,,,,,,,,,""
6264431907,"Nov 16, 2021, 8:07:05 AM",Afternoon Ride,Ride,,1032,4.97,140.0,3,,,Road sweeper,activities/6657715006.fit.gz,,9.5,1032.0,978.0,4973.8,9.352,5.086,11.5,98.0,556.1,586.7,4.4,-0.5,,,,,,119.0,,93.0,156.0,,,3.0,,,,,,,,,,,0.0,,0.0,,1.0,,,,,,,,,,,,,,,,9402698.0,,,,,,,,,,,0.0,4.82,2266.0,,,,,,,,,,,,,,,,,,,,,""
6264065925,"Nov 16, 2021, 5:26:00 AM",Morning Ride,Ride,,1396,8.07,159.0,6,,,Road sweeper,activities/6657323666.fit.gz,,9.5,1396.0,1378.0,8074.3,9.607,5.859,39.5,133.0,557.0,599.9,27.5,-0.2,,,,,,130.0,,128.0,265.0,,,6.0,,,,,,,,,,,0.0,,0.0,,1.0,,,,,,,,,,,,,,,,9402698.0,,,,,,,,,,,0.0,5.784,3805.8,,,,,,,,,,,,,,,,,,,,,""
6263810422,"Nov 16, 2021, 2:12:05 AM",Morning Walk,Walk,,1618,2.00,118.0,3,,,,activities/6657046520.fit.gz,,,1618.0,1332.0,1999.9,2.752,1.501,20.0,132.0,580.7,601.0,8.3,0.1,,,60.0,56.0,,104.0,,,140.0,,,3.0,,,,,,,,,,,,,0.0,,1.0,,,,,,,,,,,,,,,,,,,,,,,,,,,0.0,1.236,1966.6,,,,,,,,,,,,,,,,,,,,,""
6254746853,"Nov 14, 2021, 1:22:26 AM",Morning Ride,Ride,,15993,104.29,,,,,Black Gold,activities/6647343000.fit.gz,,9.5,15993.0,14373.0,104296.4,17.23,7.256,606.6,617.0,560.0,652.4,47.5,0.0,,,192.0,61.0,,,,122.0,4039.0,,26.0,,,,,,,,,,,,,,0.0,,1.0,,,,,,,,,,,,,,,,7940261.0,,,,,,,,,,,0.0,6.521,497.8,,,,,,,,,,,,,,,,,,,,,""
6251121716,"Nov 13, 2021, 11:22:28 AM",Afternoon Ride,Ride,,1059,4.14,148.0,3,,,Road sweeper,activities/6643456011.fit.gz,,9.5,1059.0,1042.0,4141.5,7.488,3.975,50.4,80.0,558.8,600.6,11.0,0.9,,,,,,128.0,,118.0,192.0,,,3.0,,,,,,,,,,,0.0,,0.0,,1.0,,,,,,,,,,,,,,,,9402698.0,,,,,,,,,,,0.0,3.911,2056.7,,,,,,,,,,,,,,,,,,,,,""
6250731047,"Nov 13, 2021, 10:16:18 AM",Afternoon Ride,Ride,,741,3.98,140.0,2,,,Road sweeper,activities/6643041827.fit.gz,,9.5,741.0,741.0,3980.7,10.11,5.372,11.5,165.0,555.9,597.6,8.9,-1.0,,,,,,121.0,,93.0,125.0,,,2.0,,,,,,,,,,,0.0,,0.0,,1.0,,,,,,,,,,,,,,,,9402698.0,,,,,,,,,,,0.0,5.372,2842.5,,,,,,,,,,,,,,,,,,,,,""
6249764195,"Nov 13, 2021, 12:32:44 AM",Morning Ride,Ride,,11308,48.60,174.0,39,,,Black Gold,activities/6642005052.fit.gz,,9.5,11308.0,7344.0,48602.8,14.434,6.618,291.0,306.0,542.2,605.2,14.9,0.0,,,103.0,60.0,,133.0,,97.0,1220.0,,20.0,39.0,,,,,,,,,,,,,0.0,,1.0,,,,,,,,,,,,,,,,7940261.0,,,,,,,,,,,0.0,4.298,7460.8,,,,,,,,,,,,,,,,,,,,,""
6245779450,"Nov 12, 2021, 2:28:11 AM",Recovery Walk,Walk,,821,1.13,149.0,2,,,,activities/6637738377.fit.gz,,,821.0,821.0,1131.3,2.76,1.378,15.9,46.0,583.7,600.4,5.7,0.6,,,61.0,55.0,,121.0,,,108.0,,,2.0,,,,,,,,,,,0.0,,0.0,,1.0,,,,,,,,,,,,,,,,,,,,,,,,,,,0.0,1.378,994.4,,,,,,,,,,,,,,,,,,,,,""
6245779276,"Nov 12, 2021, 1:55:03 AM",Morning Run,Run,,1920,5.01,195.0,49,,,,activities/6637738207.fit.gz,,,1920.0,1914.0,5014.7,3.996,2.62,30.3,213.0,579.8,603.3,5.4,0.0,,,81.0,78.0,,164.0,,,482.0,,,49.0,,,,,,,,,,,,,0.0,,1.0,5037.8,,,,,,,,,,,,,,,,,,,,,,,,,,0.0,2.612,3901.2,,,,,,,,,,,,,,,,,,,,,""
6242477370,"Nov 11, 2021, 11:21:58 AM",Afternoon Ride,Ride,,1441,3.82,143.0,3,,,Road sweeper,activities/6634238119.fit.gz,,9.5,1441.0,987.0,3825.3,6.197,3.876,45.5,60.0,559.8,601.0,10.4,1.0,,,,,,119.0,,116.0,151.0,,,3.0,,,,,,,,,,,0.0,,0.0,,1.0,,,,,,,,,,,,,,,,9402698.0,,,,,,,,,,,0.0,2.655,1926.5,,,,,,,,,,,,,,,,,,,,,""
6242114888,"Nov 11, 2021, 10:09:38 AM",Afternoon Ride,Ride,,606,3.16,134.0,1,,,Road sweeper,activities/6633852600.fit.gz,,9.5,606.0,581.0,3166.6,11.624,5.45,8.5,105.0,557.6,587.9,8.3,-0.8,,,,,,116.0,,109.0,91.0,,,1.0,,,,,,,,,,,0.0,,0.0,,1.0,,,,,,,,,,,,,,,,9402698.0,,,,,,,,,,,0.0,5.225,1252.6,,,,,,,,,,,,,,,,,,,,,""
6241444976,"Nov 11, 2021, 5:19:15 AM",Morning Ride,Ride,,1078,5.09,172.0,6,,,Black Gold,activities/6633131736.fit.gz,,9.5,1078.0,1026.0,5089.8,6.92,4.961,64.0,10.0,565.8,633.4,19.1,1.3,,,89.0,53.0,,136.0,,93.0,210.0,,28.0,6.0,,,,,,,,,,,,,0.0,,1.0,,,,,,,,,,,,,,,,7940261.0,,,,,,,,,,,0.0,4.721,2904.9,,,,,,,,,,,,,,,,,,,,,""
6241444936,"Nov 11, 2021, 3:37:30 AM",Morning Ride,Ride,,625,2.47,140.0,1,,,Black Gold,activities/6633131680.fit.gz,,9.5,625.0,441.0,2475.6,8.296,5.614,6.0,9.0,577.0,583.8,37.7,0.1,,,78.0,57.0,,127.0,,67.0,80.0,,24.0,1.0,,,,,,,,,,,,,0.0,,1.0,,,,,,,,,,,,,,,,7940261.0,,,,,,,,,,,0.0,3.961,2092.5,,,,,,,,,,,,,,,,,,,,,""
6241273568,"Nov 11, 2021, 12:38:07 AM",Morning Ride,Ride,,9616,43.22,190.0,54,,,Black Gold,activities/6632945645.fit.gz,,9.5,9616.0,6356.0,43219.2,11.992,6.8,228.0,277.0,546.8,604.4,13.2,-0.1,,,106.0,64.0,,140.0,,108.0,1126.0,,16.0,54.0,,,,,,,,,,,,,0.0,,1.0,,,,,,,,,,,,,,,,7940261.0,,,,,,,,,,,0.0,4.495,5118.0,,,,,,,,,,,,,,,,,,,,,""
6238709682,"Nov 10, 2021, 1:55:47 PM",Evening Ride,Ride,,3665,19.05,155.0,17,,,Black Gold,activities/6630237549.fit.gz,,9.5,3665.0,3353.0,19052.4,11.26,5.682,97.5,336.0,554.9,596.7,11.1,0.0,,,89.0,52.0,,133.0,,76.0,593.0,,,17.0,,,,,,,,,,,,,0.0,,1.0,,,,,,,,,,,,,,,,7940261.0,,,,,,,,,,,0.0,5.198,12342.6,,,,,,,,,,,,,,,,,,,,,""
6227662548,"Nov 8, 2021, 12:35:07 AM",Morning Ride,Ride,,10006,42.55,190.0,38,,,Road sweeper,activities/6618444542.fit.gz,,9.5,10006.0,7244.0,42558.9,12.684,5.875,303.0,316.0,548.8,661.8,49.7,-0.1,,,,,,130.0,,142.0,728.0,,19.0,38.0,,,,,,,,,,,0.0,,0.0,,1.0,,,,,,,,,,,,,,,,9402698.0,,,,,,,,,,,0.0,4.253,22821.1,,,,,,,,,,,,,,,,,,,,,""
6213415897,"Nov 5, 2021, 2:51:23 AM",Morning Walk,Walk,,3220,4.06,125.0,7,,,,activities/6603150888.fit.gz,,,3220.0,3003.0,4064.5,2.75,1.353,31.6,285.0,579.8,603.9,9.8,0.1,,,61.0,54.0,,108.0,,,360.0,,,7.0,,,,,,,,,,,,,0.0,,1.0,,,,,,,,,,,,,,,,,,,,,,,,,,,0.0,1.262,3350.5,,,,,,,,,,,,,,,,,,,,,""
6199656179,"Nov 2, 2021, 12:33:37 AM",Morning Ride,Ride,,11170,53.65,169.0,36,,,Black Gold,activities/6588408998.fit.gz,,9.5,11170.0,8385.0,53658.2,15.114,6.399,283.0,298.0,539.8,620.6,10.1,-0.1,,,105.0,56.0,,126.0,,103.0,788.0,,21.0,36.0,,,,,,,,,,,,,0.0,,1.0,,,,,,,,,,,,,,,,7940261.0,,,,,,,,,,,0.0,4.804,3641.7,,,,,,,,,,,,,,,,,,,,,""
6195083860,"Nov 1, 2021, 12:36:49 AM",Morning Ride,Ride,,10323,40.73,193.0,30,,,Black Gold,activities/6583516398.fit.gz,,9.5,10323.0,6954.0,40735.3,12.436,5.858,292.0,303.0,540.0,648.8,12.6,-0.1,,,87.0,52.0,,124.0,,83.0,656.0,,20.0,30.0,,,,,,,,,,,,,0.0,,1.0,,,,,,,,,,,,,,,,7940261.0,,,,,,,,,,,0.0,3.946,21427.8,,,,,,,,,,,,,,,,,,,,,""
6190069567,"Oct 31, 2021, 2:04:06 AM",Reco,Ride,,7876,26.17,147.0,15,,,Road sweeper,activities/6578147176.fit.gz,,9.5,7876.0,5272.0,26175.2,10.752,4.965,156.0,498.0,554.2,599.8,7.7,0.0,,,86.0,52.0,,117.0,,107.0,741.0,,,15.0,,,,,,,,,,,0.0,,0.0,,1.0,,,,,,,,,,,,,,,,9402698.0,,,,,,,,,,,0.0,3.323,8480.9,,,,,,,,,,,,,,,,,,,,,""
6185773198,"Oct 30, 2021, 12:28:49 AM",First ride with 1k+ elevation gain,Ride,"Did all three climbs successfully. Pasarni was tough due to the sun, 90kms in my legs, and the distance",25892,104.80,175.0,146,,,Black Gold,activities/6573555705.fit.gz,,9.5,25892.0,17916.0,104805.9,17.742,5.85,1363.0,737.0,584.8,1253.8,41.7,0.6,,,133.0,55.0,,139.0,,123.0,1978.0,,25.0,146.0,,,,,,7.0,,,,,0.0,572.0,0.0,,1.0,,,,,,,,,,,,,,,,7940261.0,,,,,,,,,,,0.0,4.048,2324.4,,,,,,,,,,,,,,,,,,,,,media/da61e736-0620-42de-9037-a1f2dcab1e8f.jpg|media/d941a566-3d0b-4c2e-ae9f-f443bd0ca3e9.jpg|media/936f3fb5-7f1f-4b9e-8960-26021308e3b3.jpg|media/896698e2-e668-4e4b-814b-64ad1a57b308.jpg|media/798d73c2-254a-4bbe-84e4-4a74e3fc9120.jpg|media/8bf6106d-f4e7-492a-a9fd-6cc25261dba3.jpg|media/33a9050c-15f6-4645-ad6f-6de3d08a8417.jpg|media/9453ae38-1245-4503-be00-d2c54c5f6ffa.jpg|media/5930fc39-4065-4d2f-a5be-13cac40b0086.jpg|media/dc16bcd7-fb5b-4aef-a487-d8e88a7c56b5.jpg|media/1a3a8e82-68ef-4b2a-a103-2d892e4000f4.jpg|media/37f966c0-9091-43c2-a681-791b708df917.jpg|media/c2e3ddb4-b915-49a2-973a-eed3b9490682.jpg|media/0bdc4566-ca4c-4a23-88a7-e5333ab6317c.jpg
6182475392,"Oct 29, 2021, 11:28:46 AM",Evening Activity,Workout,,25,0,133.0,0,,,,activities/6570027157.fit.gz,,,25.0,25.0,0.0,0.0,0.0,0.0,,,,0.0,0.0,,,,,,127.0,,,5.0,,,0.0,,,,,,,,,,,,,0.0,,1.0,,,,,,,,,,,,,,,,,,,,,,,,,,,0.0,0.0,0.0,,,,,,,,,,,,,,,,,,,,,""
6182581576,"Oct 29, 2021, 11:41:31 AM",Afternoon Ride,Ride,,931,3.80,150.0,3,,,Black Gold,activities/6570139736.fit.gz,,9.5,931.0,892.0,3803.6,6.44,4.264,43.5,57.0,556.6,593.2,30.5,1.0,,,,,,121.0,,84.0,159.0,,,3.0,,,,,,,,,,,,,0.0,,1.0,,,,,,,,,,,,,,,,7940261.0,,,,,,,,,,,0.0,4.085,1829.4,,,,,,,,,,,,,,,,,,,,,""
6182252088,"Oct 29, 2021, 10:15:37 AM",Afternoon Ride,Ride,,896,4.07,138.0,2,,,Black Gold,activities/6569789254.fit.gz,,9.5,896.0,746.0,4075.7,11.059,5.463,10.4,132.0,557.0,599.3,5.2,-1.0,,,,,,115.0,,50.0,122.0,,,2.0,,,,,,,,,,,,,0.0,,1.0,,,,,,,,,,,,,,,,7940261.0,,,,,,,,,,,0.0,4.549,1822.8,,,,,,,,,,,,,,,,,,,,,""
6181359873,"Oct 29, 2021, 12:51:09 AM",Morning Ride: Necklace,Ride,,8272,33.76,185.0,29,,,Black Gold,activities/6568828716.fit.gz,,9.5,8272.0,5413.0,33767.9,11.236,6.238,245.0,231.0,564.6,676.8,34.5,0.1,,,87.0,53.0,,130.0,,94.0,593.0,,18.0,29.0,,,,,,,,,,,0.0,,0.0,,1.0,,,,,,,,,,,,,,,,7940261.0,,,,,,,,,,,0.0,4.082,16307.2,,,,,,,,,,,,,,,,,,,,,media/67989fd8-ce1a-4a43-b7bd-e78d7bee7e01.jpg|media/995e0b34-eead-46e7-b358-4a2da5944edc.jpg
6177586769,"Oct 28, 2021, 9:06:21 AM",Afternoon Ride,Ride,,1453,8.06,,,,,Black Gold,activities/6564834138.fit.gz,,9.5,1453.0,1427.0,8063.9,10.152,5.651,50.0,36.0,574.8,611.0,6.2,0.2,,,88.0,49.0,,,,79.0,257.0,,30.0,,,,,,,,,,,,,,0.0,,1.0,,,,,,,,,,,,,,,,7940261.0,,,,,,,,,,,0.0,5.55,3597.5,,,,,,,,,,,,,,,,,,,,,""
6177064183,"Oct 28, 2021, 5:18:57 AM",Morning Ride,Ride,,1515,8.16,,,true,,Road sweeper,activities/6564275393.fit.gz,,9.5,1515.0,1436.0,8167.8,9.062,5.688,53.0,49.0,574.0,609.0,13.8,-0.1,,,103.0,52.0,,,,131.0,275.0,,29.0,,,,,,,,,,,,0.0,,1.0,,1.0,,,,,,,,,,,,,,,,9402698.0,,,,,,,,,,,0.0,5.391,3785.6,,,,,,,,,,,,,,,,,,,,,""
6176866696,"Oct 28, 2021, 3:06:22 AM",Morning Ride,Ride,,1485,6.71,,,,,Black Gold,activities/6564061362.fit.gz,,9.5,1485.0,1248.0,6715.0,9.792,5.381,60.0,23.0,572.4,616.0,24.6,0.6,,,76.0,53.0,,,,92.0,220.0,,24.0,,,,,,,,,,,,,,0.0,,1.0,,,,,,,,,,,,,,,,7940261.0,,,,,,,,,,,0.0,4.522,3332.8,,,,,,,,,,,,,,,,,,,,,""
6176809236,"Oct 28, 2021, 2:24:10 AM",Morning Ride,Ride,,1012,4.15,,,,,Black Gold,activities/6563999142.fit.gz,,9.5,1012.0,721.0,4152.6,11.53,5.759,13.0,48.0,563.8,601.6,5.1,-0.9,,,93.0,45.0,,,,56.0,134.0,,21.0,,,,,,,,,,,,,,0.0,,1.0,,,,,,,,,,,,,,,,7940261.0,,,,,,,,,,,0.0,4.103,1948.4,,,,,,,,,,,,,,,,,,,,,""
6172989656,"Oct 27, 2021, 8:22:59 AM",Afternoon Ride,Ride,,3444,8.53,,,,,Road sweeper,activities/6559965923.fit.gz,,9.5,3444.0,1624.0,8537.4,9.737,5.257,52.0,36.0,575.6,617.0,48.6,0.2,,,161.0,54.0,,,,134.0,275.0,,31.0,,,,,,,,,,,,0.0,,0.0,,1.0,,,,,,,,,,,,,,,,9402698.0,,,,,,,,,,,0.0,2.479,5829.8,,,,,,,,,,,,,,,,,,,,,""
6172367521,"Oct 27, 2021, 5:15:30 AM",Morning Ride,Ride,,2338,10.00,,,,,Road sweeper,activities/6559300085.fit.gz,,9.5,2338.0,2022.0,10007.8,11.876,4.949,60.0,54.0,573.6,614.8,12.8,-0.1,,,85.0,48.0,,,,120.0,318.0,,30.0,,,,,,,,,,,,0.0,,0.0,,1.0,,,,,,,,,,,,,,,,9402698.0,,,,,,,,,,,0.0,4.281,5926.2,,,,,,,,,,,,,,,,,,,,,""
6172093836,"Oct 27, 2021, 2:22:54 AM",Easy run. Last km at 75% capacity,Run,,2296,5.07,178.0,23,,,,activities/6172093836.gpx,,,2296.0,2262.0,5074.9,4.644,2.244,29.3,41.7,579.8,603.3,14.2,-0.2,,,,,,148.0,,,538.0,,,23.0,,,,,,6.0,,,,,0.0,59.0,0.0,,1.0,5088.3,,,,,,,,,,,,,,,,,,,,,,,,,,0.0,2.21,4163.8,,,,,,,,,,,,,,,,,,,,,""
6167208919,"Oct 26, 2021, 12:31:19 AM",Morning Ride,Ride,,10508,35.77,175.0,25,,,Road sweeper,activities/6553840802.fit.gz,,9.5,10508.0,6200.0,35775.8,13.416,5.77,251.0,263.0,545.2,653.0,28.0,0.0,,,99.0,54.0,,125.0,,135.0,595.0,,20.0,25.0,,,,,,,,,,,0.0,,0.0,,1.0,,,,,,,,,,,,,,,,9402698.0,,,,,,,,,,,0.0,3.405,23861.4,,,,,,,,,,,,,,,,,,,,,media/1647535a-ce60-49f5-bc2e-a5f3f22a3a6e.jpg
6164082997,"Oct 25, 2021, 11:50:21 AM",Afternoon Ride,Ride,,1245,3.63,,,,,Black Gold,activities/6550534257.fit.gz,,9.5,1245.0,843.0,3635.6,6.548,4.313,29.0,6.0,576.4,613.6,45.1,1.0,,,73.0,48.0,,,,74.0,115.0,,27.0,,,,,,,,,,,,,,0.0,,1.0,,,,,,,,,,,,,,,,7940261.0,,,,,,,,,,,0.0,2.92,2156.1,,,,,,,,,,,,,,,,,,,,,""
6163753190,"Oct 25, 2021, 10:31:33 AM",Afternoon Ride,Ride,,923,4.24,,,,,Road sweeper,activities/6550183525.fit.gz,,9.5,923.0,762.0,4242.7,11.418,5.568,11.0,48.0,560.4,602.4,27.7,-0.9,,,90.0,41.0,,,,91.0,128.0,,27.0,,,,,,,,,,,,0.0,,0.0,,1.0,,,,,,,,,,,,,,,,9402698.0,,,,,,,,,,,0.0,4.597,3104.6,,,,,,,,,,,,,,,,,,,,,""
6157501632,"Oct 24, 2021, 12:07:30 AM",Morning Ride,Ride,,12123,63.09,179.0,61,,,Black Gold,activities/6543503808.fit.gz,,9.5,12123.0,8318.0,63097.4,14.818,7.586,414.0,437.0,577.8,676.0,20.8,0.0,,,94.0,59.0,,138.0,,134.0,921.0,,18.0,61.0,,,,,,,,,,,,,0.0,,1.0,,,,,,,,,,,,,,,,7940261.0,,,,,,,,,,,0.0,5.205,18312.3,,,,,,,,,,,,,,,,,,,,,""
6154291848,"Oct 23, 2021, 11:46:47 AM",Afternoon Ride,Ride,,2773,4.53,,,,,Road sweeper,activities/6540069053.fit.gz,,9.5,2773.0,986.0,4531.0,7.313,4.595,38.0,5.0,575.6,608.6,9.6,0.7,,,79.0,51.0,,,,131.0,131.0,,28.0,,,,,,,,,,,,0.0,,0.0,,1.0,,,,,,,,,,,,,,,,9402698.0,,,,,,,,,,,0.0,1.634,3145.2,,,,,,,,,,,,,,,,,,,,,""
6153728322,"Oct 23, 2021, 10:14:14 AM",Afternoon Ride,Ride,,1858,4.13,,,,,Road sweeper,activities/6539470912.fit.gz,,9.5,1858.0,687.0,4135.5,10.312,6.02,20.0,44.0,578.2,619.0,10.0,-1.0,,,97.0,47.0,,,,108.0,142.0,,28.0,,,,,,,,,,,,0.0,,0.0,,1.0,,,,,,,,,,,,,,,,9402698.0,,,,,,,,,,,0.0,2.226,3004.8,,,,,,,,,,,,,,,,,,,,,""
6152480907,"Oct 23, 2021, 12:27:30 AM",Z2 Easy Ravet,Ride,,12110,50.48,194.0,37,,,Black Gold,activities/6538140321.fit.gz,,9.5,12110.0,8174.0,50479.8,14.528,6.176,323.0,339.0,543.0,598.4,32.3,0.0,,,97.0,52.0,,125.0,,86.0,691.0,,20.0,37.0,,,,,,,,,,,0.0,,0.0,,1.0,,,,,,,,,,,,,,,,7940261.0,,,,,,,,,,,0.0,4.168,22100.2,,,,,,,,,,,,,,,,,,,,,media/ed59a855-2d39-47c2-bbcd-e79a4a0c46c3.jpg
6149784717,"Oct 22, 2021, 12:28:37 PM","Still no rickshaw
",Walk,,781,1.03,,,,,,activities/6149784717.gpx,,,781.0,745.0,1037.9,8.706,1.393,6.7,-0.4,554.4,561.5,6.5,0.7,,,,,,,,,110.0,,,,,,,,,,,,,,0.0,,0.0,,1.0,,,,,,,,,,,,,,,,,,,,,,,,,,,0.0,1.329,638.2,,,,,,,,,,,,,,,,,,,,,""
6149696469,"Oct 22, 2021, 11:52:27 AM",Rickshaw search walk ,Walk,,1952,2.52,,,,,,activities/6149696469.gpx,,,1952.0,1844.0,2527.8,9.908,1.371,14.7,13.9,552.3,569.3,5.7,0.0,,,,,,,,,267.0,,,,,,,,,,,,,,0.0,,0.0,,1.0,,,,,,,,,,,,,,,,,,,,,,,,,,,0.0,1.295,1509.8,,,,,,,,,,,,,,,,,,,,,""
6143796456,"Oct 21, 2021, 1:54:15 AM",Morning Run,Run,,1831,4.25,181.0,22,,,,activities/6143796456.gpx,,,1831.0,1827.0,4256.1,5.338,2.33,9.2,49.6,557.2,600.8,8.5,-0.9,,,,,,148.0,,,443.0,,,22.0,,,,,,,,,,,0.0,,0.0,,1.0,4195.1,,,,,,,,,,,,,,,,,,,,,,,,,,0.0,2.324,4256.1,,,,,,,,,,,,,,,,,,,,,""
6139887384,"Oct 20, 2021, 8:19:48 AM",Afternoon Ride,Ride,,2821,8.82,,,,,Road sweeper,activities/6524800817.fit.gz,,9.5,2821.0,1777.0,8827.2,8.293,4.967,54.0,43.0,570.4,613.8,11.6,0.0,,,90.0,50.0,,,,115.0,267.0,,34.0,,,,,,,,,,,,0.0,,0.0,,1.0,,,,,,,,,,,,,,,,9402698.0,,,,,,,,,,,0.0,3.129,6330.0,,,,,,,,,,,,,,,,,,,,,""
6139451567,"Oct 20, 2021, 5:38:15 AM",Lunch Ride,Ride,,1979,8.90,,,,,Road sweeper,activities/6524336202.fit.gz,,9.5,1979.0,1681.0,8902.2,9.772,5.296,43.0,54.0,559.4,596.6,22.1,0.0,,,96.0,48.0,,,,125.0,289.0,,32.0,,,,,,,,,,,,0.0,,0.0,,1.0,,,,,,,,,,,,,,,,9402698.0,,,,,,,,,,,0.0,4.498,6929.4,,,,,,,,,,,,,,,,,,,,,""
6139186764,"Oct 20, 2021, 3:27:32 AM",Morning Ride,Ride,,1222,6.23,158.0,5,,,Black Gold,activities/6524052638.fit.gz,,9.5,1222.0,1100.0,6236.2,8.846,5.669,60.0,17.0,574.2,618.8,16.3,0.7,,,84.0,57.0,,133.0,,94.0,128.0,,25.0,5.0,,,,,,,,,,,,,0.0,,1.0,,,,,,,,,,,,,,,,7940261.0,,,,,,,,,,,0.0,5.103,5331.3,,,,,,,,,,,,,,,,,,,,,""
6139075702,"Oct 20, 2021, 12:24:32 AM",Morning Ride,Ride,,8020,49.25,182.0,71,,,Black Gold,activities/6523931465.fit.gz,,9.5,8020.0,6185.0,49256.4,16.452,7.964,248.0,287.0,557.4,628.6,12.9,0.0,,,104.0,65.0,,147.0,,135.0,785.0,,20.0,71.0,,,,,,,,,,,,,0.0,,1.0,,,,,,,,,,,,,,,,7940261.0,,,,,,,,,,,0.0,6.142,34011.9,,,,,,,,,,,,,,,,,,,,,""
6136251527,"Oct 19, 2021, 1:44:51 PM",Evening Ride,Ride,,4128,8.41,,,,,Black Gold,activities/6520971573.fit.gz,,9.5,4128.0,1793.0,8416.6,8.68,4.694,77.0,87.0,582.0,639.6,46.1,-0.1,,,83.0,46.0,,,,76.0,286.0,,24.0,,,,,,,,,,,,,,0.0,,1.0,,,,,,,,,,,,,,,,7940261.0,,,,,,,,,,,0.0,2.039,5766.2,,,,,,,,,,,,,,,,,,,,,""
6135544222,"Oct 19, 2021, 11:44:38 AM",Afternoon Ride,Ride,,903,3.81,,,,,Road sweeper,activities/6520223603.fit.gz,,9.5,903.0,847.0,3809.1,7.8,4.497,40.0,6.0,574.4,611.2,30.0,1.0,,,88.0,50.0,,,,131.0,121.0,,28.0,,,,,,,,,,,,0.0,,0.0,,1.0,,,,,,,,,,,,,,,,9402698.0,,,,,,,,,,,0.0,4.218,2194.9,,,,,,,,,,,,,,,,,,,,,""
6135177912,"Oct 19, 2021, 10:18:45 AM",Afternoon Ride,Ride,,1025,5.23,,,,,Road sweeper,activities/6519838641.fit.gz,,9.5,1025.0,977.0,5233.5,9.3,5.357,15.0,35.0,570.2,600.4,11.2,-0.5,,,106.0,44.0,,,,106.0,166.0,,31.0,,,,,,,,,,,,0.0,,0.0,,1.0,,,,,,,,,,,,,,,,9402698.0,,,,,,,,,,,0.0,5.106,4874.1,,,,,,,,,,,,,,,,,,,,,""
6134353594,"Oct 19, 2021, 5:01:55 AM",Morning Ride,Ride,,1657,8.86,,,,,Road sweeper,activities/6518957712.fit.gz,,9.5,1657.0,1544.0,8862.7,11.3,5.74,64.0,59.0,570.8,607.8,31.9,0.0,,,107.0,55.0,,,,142.0,321.0,,29.0,,,,,,,,,,,,0.0,,0.0,,1.0,,,,,,,,,,,,,,,,9402698.0,,,,,,,,,,,0.0,5.349,6935.3,,,,,,,,,,,,,,,,,,,,,""
6131511846,"Oct 18, 2021, 1:35:21 PM",Evening Ride,Ride,,4641,12.47,,,,,Road sweeper,activities/6515966887.fit.gz,,9.5,4641.0,2913.0,12469.0,15.4,4.28,152.0,163.0,584.2,677.8,29.1,0.0,,,119.0,48.0,,,,117.0,449.0,,24.0,,,,,,,,,,,,0.0,,0.0,,1.0,,,,,,,,,,,,,,,,9402698.0,,,,,,,,,,,0.0,2.687,10066.0,,,,,,,,,,,,,,,,,,,,,media/5bcafed8-3c26-45ce-88d3-ba6fc7e825f5.jpg
6131008407,"Oct 18, 2021, 12:04:11 PM",Afternoon Ride,Ride,,1831,6.08,,,,,Road sweeper,activities/6515426843.fit.gz,,9.5,1831.0,1256.0,6087.1,8.7,4.846,36.0,29.0,586.8,609.2,20.6,0.0,,,78.0,47.0,,,,118.0,189.0,,26.0,,,,,,,,,,,,0.0,,0.0,,1.0,,,,,,,,,,,,,,,,9402698.0,,,,,,,,,,,0.0,3.324,5930.1,,,,,,,,,,,,,,,,,,,,,""
6129615109,"Oct 17, 2021, 11:56:06 PM",Morning Ride,Ride,,11794,41.04,158.0,23,,,Black Gold,activities/6513924595.fit.gz,,9.5,11794.0,7156.0,41040.7,14.1,5.735,282.0,284.0,545.0,654.8,9.2,0.0,,,89.0,52.0,,118.0,,78.0,679.0,,21.0,23.0,,,,,,,,,,,,,0.0,,1.0,,,,,,,,,,,,,,,,7940261.0,,,,,,,,,,,0.0,3.48,34677.5,,,,,,,,,,,,,,,,,,,,,""
6124020855,"Oct 17, 2021, 2:19:02 AM",Morning Walk,Walk,,641,0.83,131.0,1,,,,activities/6124020855.gpx,,,641.0,641.0,833.1,2.2,1.3,13.8,4.7,548.1,562.9,41.0,1.1,,,,,,114.0,,,88.0,,,1.0,,,,,,,,,,,0.0,,0.0,,1.0,,,,,,,,,,,,,,,,,,,,,,,,,,,0.0,1.3,463.8,,,,,,,,,,,,,,,,,,,,,""
6123986344,"Oct 17, 2021, 1:39:11 AM",Vfit 5 km running event,Run,,1906,5.00,187.0,37,,,,activities/6123986344.gpx,,,1906.0,1892.0,5007.3,5.2,2.647,2.2,2.2,547.3,549.5,3.1,0.0,,,,,,160.0,,,530.0,,,37.0,,,,,,9.0,,,,,0.0,94.0,0.0,,1.0,5012.4,,,,,,,,,,,,,,,,,,,,,,,,,,0.0,2.627,5007.3,,,,,,,,,,,,,,,,,,,,,""
6123905715,"Oct 17, 2021, 1:28:37 AM",Warm up run,Run,,227,0.49,151.0,0,,,,activities/6123905715.gpx,,,227.0,219.0,498.3,3.1,2.275,0.0,-1.7,547.8,549.5,9.1,0.3,,,,,,140.0,,,53.0,,,0.0,,,,,,,,,,,0.0,,0.0,,1.0,501.8,,,,,,,,,,,,,,,,,,,,,,,,,,0.0,2.195,498.3,,,,,,,,,,,,,,,,,,,,,""
6119115174,"Oct 15, 2021, 11:17:42 PM","Morning Ride to rajmachi point. 
Aborted at toni da dhaba due to massivrly outed wheel",Ride,,21221,103.85,177.0,97,,,Black Gold,activities/6502752921.fit.gz,,9.5,21221.0,14171.0,103855.9,14.9,7.329,719.0,696.0,546.0,659.6,45.9,0.0,,,93.0,58.0,,138.0,,126.0,1621.0,,22.0,97.0,,,,,,,,,,,0.0,,0.0,,1.0,,,,,,,,,,,,,,,,7940261.0,,,,,,,,,,,0.0,4.894,11722.7,,,,,,,,,,,,,,,,,,,,,media/e502e122-f589-42fd-b398-7b12a9c83263.jpg|media/1bcc3b48-8c17-4c86-8449-84bcf137bbb7.jpg|media/0ad7b9ed-f613-4223-a9a2-9d6829f07985.jpg|media/a3f50337-07d3-4140-aac8-3b5476e26305.jpg|media/4f5c6b10-85e3-40e7-851b-a8153a3a36af.jpg|media/affc2f80-e16d-48a6-b492-260751adc6bc.jpg|media/aef044a8-2fce-48ec-aa63-d8ed98158caf.jpg
6111515570,"Oct 14, 2021, 11:52:06 AM",Afternoon Ride,Ride,,1595,4.45,,,,,Black Gold,activities/6494724518.fit.gz,,9.5,1595.0,1159.0,4455.2,6.4,3.844,44.0,7.0,572.6,630.4,12.5,1.3,,,65.0,35.0,,,,66.0,136.0,,29.0,,,,,,,,,,,,,,0.0,,1.0,,,,,,,,,,,,,,,,7940261.0,,,,,,,,,,,0.0,2.793,2057.4,,,,,,,,,,,,,,,,,,,,,""
6111086297,"Oct 14, 2021, 10:28:29 AM",Afternoon Ride,Ride,,784,3.98,,,,,Black Gold,activities/6494268841.fit.gz,,9.5,784.0,750.0,3986.2,11.9,5.315,7.0,47.0,562.0,601.0,13.1,-1.0,,,66.0,31.0,,,,43.0,120.0,,30.0,,,,,,,,,,,,,,0.0,,1.0,,,,,,,,,,,,,,,,7940261.0,,,,,,,,,,,0.0,5.084,1892.2,,,,,,,,,,,,,,,,,,,,,""
6110707894,"Oct 14, 2021, 8:05:05 AM",Afternoon Ride,Ride,,1888,8.11,,,,,Black Gold,activities/6493868531.fit.gz,,9.5,1888.0,1618.0,8118.9,10.5,5.018,53.0,37.0,579.0,616.8,42.4,0.3,,,70.0,40.0,,,,69.0,255.0,,35.0,,,,,,,,,,,,,,0.0,,1.0,,,,,,,,,,,,,,,,7940261.0,,,,,,,,,,,0.0,4.3,7238.0,,,,,,,,,,,,,,,,,,,,,""
6110634631,"Oct 14, 2021, 5:12:29 AM",Morning Ride,Ride,,1584,8.09,,,,,Black Gold,activities/6493789848.fit.gz,,9.5,1584.0,1391.0,8090.3,9.4,5.816,42.0,45.0,561.0,604.0,38.5,-0.1,,,95.0,52.0,,,,79.0,283.0,,32.0,,,,,,,,,,,,,,0.0,,1.0,,,,,,,,,,,,,,,,7940261.0,,,,,,,,,,,0.0,5.108,7538.7,,,,,,,,,,,,,,,,,,,,,""
6110023002,"Oct 14, 2021, 2:44:29 AM",Morning Ride,Ride,,749,4.03,,,,,Black Gold,activities/6110023002.gpx,,9.5,749.0,749.0,4034.8,11.5,5.387,6.7,52.1,555.7,601.1,7.6,-1.1,,,,,,,,59.0,50.0,,,,,,,,,,,,,,0.0,,0.0,,1.0,,,,,,,,,,,,,,,,7940261.0,,,,,,,,,,,0.0,5.387,2171.6,,,,,,,,,,,,,,,,,,,,,""
6106027452,"Oct 13, 2021, 9:08:48 AM",Afternoon Ride,Ride,,1091,5.42,,,,,Road sweeper,activities/6488932131.fit.gz,,9.5,1091.0,1070.0,5426.9,8.7,5.072,32.0,19.0,582.0,609.8,18.6,0.4,,,85.0,43.0,,,,127.0,168.0,,34.0,,,,,,,,,,,,0.0,,0.0,,1.0,,,,,,,,,,,,,,,,9402698.0,,,,,,,,,,,0.0,4.974,3457.8,,,,,,,,,,,,,,,,,,,,,""
6105907422,"Oct 13, 2021, 8:32:27 AM",Afternoon Ride,Ride,,394,1.95,,,,,Road sweeper,activities/6488804226.fit.gz,,9.5,394.0,261.0,1952.9,10.0,7.482,8.0,14.0,587.4,601.4,15.8,-0.5,,,89.0,58.0,,,,202.0,86.0,,38.0,,,,,,,,,,,,0.0,,0.0,,1.0,,,,,,,,,,,,,,,,9402698.0,,,,,,,,,,,0.0,4.957,1957.0,,,,,,,,,,,,,,,,,,,,,""
6105512538,"Oct 13, 2021, 5:40:13 AM",Lunch Ride,Ride,,1396,6.95,,,,,Road sweeper,activities/6488382715.fit.gz,,9.5,1396.0,1224.0,6949.7,9.7,5.678,44.0,33.0,569.2,604.0,22.7,0.1,,,155.0,51.0,,,,147.0,252.0,,33.0,,,,,,,,,,,,0.0,,0.0,,1.0,,,,,,,,,,,,,,,,9402698.0,,,,,,,,,,,0.0,4.978,6362.1,,,,,,,,,,,,,,,,,,,,,""
6105457245,"Oct 13, 2021, 5:36:51 AM",Lunch Ride,Ride,,124,0.81,,,,,Road sweeper,activities/6488323350.fit.gz,,9.5,124.0,124.0,810.2,7.8,6.534,0.0,15.0,586.2,600.6,12.1,-1.6,,,120.0,39.0,,,,73.0,26.0,,26.0,,,,,,,,,,,,0.0,,0.0,,1.0,,,,,,,,,,,,,,,,9402698.0,,,,,,,,,,,0.0,6.534,785.9,,,,,,,,,,,,,,,,,,,,,""
6105287061,"Oct 13, 2021, 12:03:48 AM",Morning Ride,Ride,,13977,51.79,188.0,50,,,Black Gold,activities/6488138399.fit.gz,,9.5,13977.0,8634.0,51795.0,12.4,5.999,338.0,351.0,538.8,648.4,28.6,-0.1,,,106.0,51.0,,134.0,,86.0,977.0,,22.0,50.0,,,,,,,,,,,,,0.0,,1.0,,,,,,,,,,,,,,,,7940261.0,,,,,,,,,,,0.0,3.706,45557.9,,,,,,,,,,,,,,,,,,,,,""
6101589460,"Oct 12, 2021, 11:29:28 AM",Afternoon Ride,Ride,,1155,4.45,,,,,Road sweeper,activities/6484248451.fit.gz,,9.5,1155.0,1038.0,4456.8,7.0,4.294,51.0,8.0,570.0,624.8,14.7,1.2,,,74.0,42.0,,,,116.0,136.0,,29.0,,,,,,,,,,,,0.0,,0.0,,1.0,,,,,,,,,,,,,,,,9402698.0,,,,,,,,,,,0.0,3.859,4338.4,,,,,,,,,,,,,,,,,,,,,""
6101214750,"Oct 12, 2021, 10:20:01 AM",Afternoon Ride,Ride,,800,3.96,,,,,Road sweeper,activities/6483855260.fit.gz,,9.5,800.0,740.0,3963.5,10.3,5.356,9.0,42.0,567.4,603.0,8.0,-0.9,,,72.0,35.0,,,,85.0,119.0,,31.0,,,,,,,,,,,,0.0,,0.0,,1.0,,,,,,,,,,,,,,,,9402698.0,,,,,,,,,,,0.0,4.954,2152.7,,,,,,,,,,,,,,,,,,,,,""
6100776435,"Oct 12, 2021, 7:44:16 AM",Afternoon Ride,Ride,,1902,7.87,,,true,,Road sweeper,activities/6483389758.fit.gz,,9.5,1902.0,1543.0,7869.1,8.5,5.1,47.0,36.0,571.8,610.2,21.8,0.1,,,100.0,50.0,,,,123.0,243.0,,35.0,,,,,,,,,,,,0.0,,1.0,,1.0,,,,,,,,,,,,,,,,9402698.0,,,,,,,,,,,0.0,4.137,7492.3,,,,,,,,,,,,,,,,,,,,,""
6100398612,"Oct 12, 2021, 5:33:45 AM",Lunch Ride,Ride,,1372,8.65,,,true,,Road sweeper,activities/6482990290.fit.gz,,9.5,1372.0,1346.0,8653.7,10.1,6.429,49.0,51.0,563.2,605.6,19.5,-0.1,,,91.0,56.0,,,,161.0,319.0,,31.0,,,,,,,,,,,,0.0,,1.0,,1.0,,,,,,,,,,,,,,,,9402698.0,,,,,,,,,,,0.0,6.307,8062.7,,,,,,,,,,,,,,,,,,,,,""
6100111414,"Oct 12, 2021, 2:23:42 AM",Vfit training run-4k,Run,,1833,4.16,,,,,,activities/6100111414.gpx,,,1833.0,1770.0,4167.7,4.1,2.355,27.1,27.8,579.8,603.3,40.9,0.0,,,,,,,,,444.0,,,,,,,,,,,,,,0.0,,0.0,,1.0,4202.6,,,,,,,,,,,,,,,,,,,,,,,,,,0.0,2.274,3578.2,,,,,,,,,,,,,,,,,,,,,""
6095432233,"Oct 10, 2021, 11:57:11 PM",Morning Ride,Ride,,9132,47.53,183.0,25,,,Black Gold,activities/6477719386.fit.gz,,9.5,9132.0,7866.0,47537.0,13.5,6.043,237.0,241.0,557.8,613.0,15.2,0.0,,,85.0,53.0,,117.0,,77.0,659.0,,21.0,25.0,,,,,,,,,,,0.0,,0.0,,1.0,,,,,,,,,,,,,,,,7940261.0,,,,,,,,,,,0.0,5.206,30638.3,,,,,,,,,,,,,,,,,,,,,media/c3ba241c-8b05-4a6f-813c-c6d4c0e3210d.jpg|media/10b7ec71-1d88-48ca-82be-22d689098607.jpg|media/f723b1e6-4695-4abd-b1a8-faefb0c70178.jpg|media/9dbefda8-c79b-4eb9-be9c-a6b10b321571.jpg
6090095984,"Oct 10, 2021, 2:35:43 AM",Morning Ride,Ride,,3519,11.58,134.0,6,,,Road sweeper,activities/6471993857.fit.gz,,9.5,3519.0,2472.0,11580.8,8.0,4.685,64.0,65.0,555.4,609.6,18.7,-0.1,,,77.0,51.0,,113.0,,100.0,205.0,,24.0,6.0,,,,,,,,,,,0.0,,0.0,,1.0,,,,,,,,,,,,,,,,9402698.0,,,,,,,,,,,0.0,3.291,9937.6,,,,,,,,,,,,,,,,,,,,,""
6085016005,"Oct 8, 2021, 11:14:52 PM",Morning Ride to Lonavla,Ride,My first gran fondo after June. Cramping started after 112 kilometres. Need to do something about it,25563,131.12,177.0,133,,,Black Gold,activities/6466634800.fit.gz,,9.5,25563.0,17748.0,131126.6,16.0,7.388,781.8,822.0,554.9,652.4,35.6,0.0,,,107.0,61.0,,139.0,,133.0,2090.0,,27.0,133.0,,,,,,4.0,,,,,0.0,197.0,0.0,,1.0,,,,,,,,,,,,,,,,7940261.0,,,,,,,,,,,0.0,5.13,22502.9,,,,,,,,,,,,,,,,,,,,,""
6082194071,"Oct 8, 2021, 1:43:15 PM",Evening Ride,Ride,,2562,7.10,142.0,4,,,Black Gold,activities/6463662683.fit.gz,,9.5,2562.0,1595.0,7102.3,9.7,4.453,40.0,48.0,580.4,612.8,6.3,-0.3,,,74.0,44.0,,117.0,,52.0,164.0,,24.0,4.0,,,,,,,,,,,,,0.0,,1.0,,,,,,,,,,,,,,,,7940261.0,,,,,,,,,,,0.0,2.772,5683.5,,,,,,,,,,,,,,,,,,,,,""
6081988281,"Oct 7, 2021, 8:42:04 AM",Afternoon Ride,Ride,,1817,8.20,,,,,Road sweeper,activities/6463446331.fit.gz,,9.5,1817.0,1713.0,8207.0,8.1,4.791,50.0,35.0,577.8,616.6,35.5,0.3,,,80.0,45.0,,,,114.0,249.0,,30.0,,,,,,,,,,,,0.0,,0.0,,1.0,,,,,,,,,,,,,,,,9402698.0,,,,,,,,,,,0.0,4.517,7455.7,,,,,,,,,,,,,,,,,,,,,""
6076121705,"Oct 7, 2021, 5:34:19 AM",Lunch Ride,Ride,,1803,8.11,,,,,Road sweeper,activities/6457273032.fit.gz,,9.5,1803.0,1495.0,8117.1,9.3,5.429,50.0,60.0,568.4,618.6,48.2,-0.1,,,87.0,52.0,,,,126.0,286.0,,31.0,,,,,,,,,,,,0.0,,0.0,,1.0,,,,,,,,,,,,,,,,9402698.0,,,,,,,,,,,0.0,4.502,7562.7,,,,,,,,,,,,,,,,,,,,,""
6075329424,"Oct 7, 2021, 2:41:44 AM",Morning Run,Run,,1651,3.71,175.0,30,,,,activities/6075329424.gpx,,,1651.0,1545.0,3716.4,9.2,2.405,2.7,40.2,559.4,599.8,8.0,-1.0,,,,,,158.0,,,387.0,,,30.0,,,,,,8.0,,,,,0.0,66.0,0.0,,1.0,3662.1,,,,,,,,,,,,,,,,,,,,,,,,,,0.0,2.251,1555.6,,,,,,,,,,,,,,,,,,,,,""
6070350434,"Oct 6, 2021, 12:45:39 AM",Morning Ride,Ride,,9289,41.01,,,,,Black Gold,activities/6451163805.fit.gz,,9.5,9289.0,6759.0,41017.8,17.2,6.069,275.0,280.0,553.4,654.4,35.4,0.0,,,108.0,55.0,,,,90.0,1447.0,,23.0,,,,,,,,,,,,,,0.0,,1.0,,,,,,,,,,,,,,,,7940261.0,,,,,,,,,,,0.0,4.416,30778.2,,,,,,,,,,,,,,,,,,,,,""
6066766535,"Oct 5, 2021, 11:54:45 AM",Afternoon Ride,Ride,,1197,4.66,,,,,Black Gold,activities/6447427642.fit.gz,,9.5,1197.0,1019.0,4663.9,8.2,4.577,46.0,13.0,572.0,612.2,42.4,0.9,,,99.0,44.0,,,,79.0,152.0,,29.0,,,,,,,,,,,,,,0.0,,1.0,,,,,,,,,,,,,,,,7940261.0,,,,,,,,,,,0.0,3.896,2756.5,,,,,,,,,,,,,,,,,,,,,""
6066262368,"Oct 5, 2021, 10:05:55 AM",Afternoon Ride,Ride,,1099,3.78,,,,,Black Gold,activities/6446900356.fit.gz,,9.5,1099.0,681.0,3779.8,11.6,5.55,19.0,37.0,575.8,605.2,40.9,-0.6,,,82.0,46.0,,,,55.0,124.0,,30.0,,,,,,,,,,,,,,0.0,,1.0,,,,,,,,,,,,,,,,7940261.0,,,,,,,,,,,0.0,3.439,1709.2,,,,,,,,,,,,,,,,,,,,,""
6065283288,"Oct 5, 2021, 4:07:12 AM",Morning Walk,Walk,,252,0.31,129.0,0,,,,activities/6445855138.fit.gz,,,252.0,252.0,311.0,1.5,1.234,5.9,0.0,592.6,600.9,5.8,2.7,,,60.0,59.0,,121.0,,,24.0,,,0.0,,,,,,,,,,,,,0.0,,1.0,,,,,,,,,,,,,,,,,,,,,,,,,,,0.0,1.234,295.5,,,,,,,,,,,,,,,,,,,,,""
6065271851,"Oct 5, 2021, 3:31:50 AM",Morning Run,Run,,1899,4.00,176.0,28,,,,activities/6445842847.fit.gz,,,1899.0,1647.0,4006.5,3.5,2.433,26.1,270.0,579.8,600.3,5.0,-0.3,,,121.0,75.0,,155.0,,,264.0,,,28.0,,,,,,,,,,,,,0.0,,1.0,4003.1,,,,,,,,,,,,,,,,,,,,,,,,,,0.0,2.11,3447.2,,,,,,,,,,,,,,,,,,,,,""
6060613796,"Oct 4, 2021, 12:46:37 AM",Morning Ride,Ride,,10385,36.38,162.0,22,,,Black Gold,activities/6440953751.fit.gz,,9.5,10385.0,6393.0,36381.8,13.6,5.691,240.0,254.0,554.8,663.6,25.2,-0.1,,,101.0,54.0,,121.0,,78.0,596.0,,23.0,22.0,,,,,,,,,,,,,0.0,,1.0,,,,,,,,,,,,,,,,7940261.0,,,,,,,,,,,0.0,3.503,29995.7,,,,,,,,,,,,,,,,,,,,,""
6055343311,"Oct 3, 2021, 1:49:09 AM",Morning Ride to welcome new wheels,Ride,,7198,19.62,172.0,21,,,Black Gold,activities/6435399122.fit.gz,,9.5,7198.0,3392.0,19619.9,13.4,5.784,133.0,136.0,548.2,616.0,9.7,-0.1,,,99.0,55.0,,133.0,,82.0,424.0,,25.0,21.0,,,,,,,,,,,0.0,,0.0,,1.0,,,,,,,,,,,,,,,,7940261.0,,,,,,,,,,,0.0,2.726,13225.8,,,,,,,,,,,,,,,,,,,,,media/80512059-e81e-4866-94a9-f386b88f8cf2.jpg
6052113773,"Oct 2, 2021, 12:04:36 PM",Afternoon Ride,Ride,,3223,13.79,149.0,10,,,Black Gold,activities/6431993268.fit.gz,,9.5,3223.0,2817.0,13791.6,12.1,4.896,61.0,68.0,558.6,622.0,18.4,-0.2,,,81.0,51.0,,126.0,,57.0,297.0,,28.0,10.0,,,,,,,,,,,,,0.0,,1.0,,,,,,,,,,,,,,,,7940261.0,,,,,,,,,,,0.0,4.279,11468.4,,,,,,,,,,,,,,,,,,,,,""
6040915680,"Sep 30, 2021, 3:17:46 AM",Morning Ride,Ride,,1210,6.18,,,,,Black Gold,activities/6420226801.fit.gz,,9.5,1210.0,1179.0,6187.7,8.5,5.248,49.0,17.0,567.6,608.8,39.0,0.5,,,85.0,53.0,,,,83.0,201.0,,26.0,,,,,,,,,,,,,,0.0,,1.0,,,,,,,,,,,,,,,,7940261.0,,,,,,,,,,,0.0,5.114,1784.8,,,,,,,,,,,,,,,,,,,,,""
6040836279,"Sep 30, 2021, 12:37:55 AM",Morning Ride,Ride,,7322,35.27,,,,,Black Gold,activities/6420142749.fit.gz,,9.5,7322.0,5807.0,35269.6,12.9,6.074,234.0,278.0,553.6,649.6,9.6,-0.1,,,95.0,52.0,,,,83.0,1263.0,,22.0,,,,,,,,,,,,,,0.0,,1.0,,,,,,,,,,,,,,,,7940261.0,,,,,,,,,,,0.0,4.817,21046.8,,,,,,,,,,,,,,,,,,,,,""
6037281411,"Sep 29, 2021, 11:30:34 AM",Afternoon Run,Run,,704,1.42,176.0,15,,,,activities/6416438577.fit.gz,,,704.0,523.0,1422.2,3.7,2.719,4.4,83.0,557.2,568.5,8.2,-0.7,,,82.0,78.0,,169.0,,,79.0,,,15.0,,,,,,,,,,,,,0.0,,1.0,1414.2,,,,,,,,,,,,,,,,,,,,,,,,,,0.0,2.02,,,,,,,,,,,,,,,,,,,,,,""
6037280592,"Sep 29, 2021, 11:14:48 AM",Afternoon Run,Run,,886,2.20,172.0,17,,,,activities/6416437673.fit.gz,,,886.0,799.0,2201.8,5.1,2.756,2.6,115.0,569.1,600.4,2.2,-1.4,,,85.0,77.0,,159.0,,,109.0,,,17.0,,,,,,,,,,,,,0.0,,1.0,2146.2,,,,,,,,,,,,,,,,,,,,,,,,,,0.0,2.485,934.8,,,,,,,,,,,,,,,,,,,,,""
6036005058,"Sep 29, 2021, 12:41:22 AM",Morning Ride to dehu road. Kaustubh kaka's first ride after returning,Ride,,13505,66.50,,,,,Black Gold,activities/6415094775.fit.gz,,9.5,13505.0,10480.0,66506.8,14.2,6.346,450.0,466.0,539.4,647.0,19.4,-0.1,,,93.0,56.0,,,,95.0,2455.0,,24.0,,,,,,,3.0,,,,,0.0,87.0,0.0,,1.0,,,,,,,,,,,,,,,,7940261.0,,,,,,,,,,,0.0,4.925,10582.8,,,,,,,,,,,,,,,,,,,,,""
6035511048,"Sep 28, 2021, 9:26:05 AM",Afternoon Ride,Ride,,1202,6.55,,,,,Road sweeper,activities/6414573841.fit.gz,,9.5,1202.0,1141.0,6551.9,11.8,5.742,27.0,56.0,558.6,597.0,43.3,0.2,,,99.0,55.0,,,,119.0,215.0,,27.0,,,,,,,,,,,,0.0,,0.0,,1.0,,,,,,,,,,,,,,,,9402698.0,,,,,,,,,,,0.0,5.451,4704.5,,,,,,,,,,,,,,,,,,,,,""
6027416838,"Sep 27, 2021, 1:22:25 PM",Evening Ride,Ride,,976,4.11,,,,,Road sweeper,activities/6406121195.fit.gz,,9.5,976.0,976.0,4118.2,7.0,4.219,40.0,8.0,573.4,611.0,35.6,0.9,,,93.0,49.0,,,,122.0,134.0,,25.0,,,,,,,,,,,,0.0,,0.0,,1.0,,,,,,,,,,,,,,,,9402698.0,,,,,,,,,,,0.0,4.219,2524.6,,,,,,,,,,,,,,,,,,,,,""
6027151250,"Sep 27, 2021, 12:16:29 PM",Afternoon Ride,Ride,,775,3.92,,,,,Road sweeper,activities/6405843679.fit.gz,,9.5,775.0,723.0,3926.0,11.7,5.43,8.0,44.0,563.2,602.4,14.3,-0.9,,,85.0,48.0,,,,86.0,116.0,,25.0,,,,,,,,,,,,0.0,,0.0,,1.0,,,,,,,,,,,,,,,,9402698.0,,,,,,,,,,,0.0,5.066,2062.5,,,,,,,,,,,,,,,,,,,,,""
6027070572,"Sep 27, 2021, 11:49:50 AM",Afternoon walk,Walk,reco,617,0.85,152.0,2,true,"",,activities/6405759208.fit.gz,,,617.0,617.0,852.0,1.7,1.381,13.0,88.0,596.1,613.7,7.3,0.0,,,61.0,55.0,,125.0,,,61.0,,,2.0,,,,,,2.0,,,,,,2.0,1.0,,1.0,,,,,,,,,,,,,,,,,,,,,,,,,,,0.0,1.381,489.3,,,,,,,,,,,,,,,,,,,,,""
6027070581,"Sep 27, 2021, 11:19:01 AM",Afternoon Run: Vfit Beginners' running program ,Run,first run on strava.,1259,3.02,182.0,31,,"",,activities/6405759199.fit.gz,,,1259.0,1146.0,3020.9,3.5,2.636,28.8,183.0,579.8,608.7,6.6,0.4,,,84.0,77.0,,167.0,,,158.0,,,31.0,,,,,,7.0,,,,,,36.0,0.0,,1.0,3067.4,,,,,,,,,,,,,,,,,,,,,,,,,,0.0,2.399,3020.9,,,,,,,,,,,,,,,,,,,,,""
6019893550,"Sep 26, 2021, 12:27:04 AM",Morning Ride,Ride,,11973,42.50,192.0,57,,,Road sweeper,activities/6398200340.fit.gz,,9.5,11973.0,8365.0,42499.7,13.9,5.081,280.0,292.0,546.4,656.2,15.1,-0.1,,,110.0,57.0,,137.0,,132.0,1446.0,,23.0,57.0,,,,,,,,,,,0.0,,0.0,,1.0,,,,,,,,,,,,,,,,9402698.0,,,,,,,,,,,0.0,3.55,17802.5,,,,,,,,,,,,,,,,,,,,,""
6014290564,"Sep 25, 2021, 1:45:15 AM",Morning Ride,Ride,,7473,23.45,177.0,26,,,Road sweeper,activities/6392306191.fit.gz,,9.5,7473.0,4124.0,23451.0,13.6,5.686,128.0,167.0,555.8,604.2,29.3,-0.2,,,129.0,55.0,,136.0,,130.0,870.0,,24.0,26.0,,,,,,,,,,,0.0,,0.0,,1.0,,,,,,,,,,,,,,,,9402698.0,,,,,,,,,,,0.0,3.138,9203.3,,,,,,,,,,,,,,,,,,,,,""
6013832002,"Sep 24, 2021, 11:12:42 PM","This was supposed to be an epic long ride to lonavla. But shit happened and it was cut short at balweadi, where my mother came to pick me up",Ride,,4743,20.53,173.0,15,,,Black Gold,activities/6391824418.fit.gz,,9.5,4743.0,3281.0,20538.2,16.0,6.26,154.0,152.0,572.2,660.8,19.0,0.0,,,103.0,52.0,,131.0,,91.0,659.0,,21.0,15.0,,,,,,,,,,,0.0,,0.0,,1.0,,,,,,,,,,,,,,,,7940261.0,,,,,,,,,,,0.0,4.33,7660.7,,,,,,,,,,,,,,,,,,,,,media/e6612623-a2d5-484d-b66e-bf3a1f146ad6.jpg
6013831465,"Sep 24, 2021, 12:23:26 PM",Afternoon Ride,Ride,,1195,3.88,,,,,Road sweeper,activities/6391823862.fit.gz,,9.5,1195.0,836.0,3879.4,8.3,4.64,38.0,4.0,573.6,613.0,15.5,1.0,,,89.0,52.0,,,,133.0,124.0,,27.0,,,,,,,,,,,,0.0,,0.0,,1.0,,,,,,,,,,,,,,,,9402698.0,,,,,,,,,,,0.0,3.246,2205.3,,,,,,,,,,,,,,,,,,,,,""
6010924381,"Sep 24, 2021, 10:50:14 AM",Afternoon Ride,Ride,,2356,5.09,,,,,Road sweeper,activities/6388761773.fit.gz,,9.5,2356.0,993.0,5090.6,11.3,5.126,33.0,61.0,575.6,627.4,21.7,-0.4,,,98.0,42.0,,,,103.0,173.0,,28.0,,,,,,,,,,,,0.0,,0.0,,1.0,,,,,,,,,,,,,,,,9402698.0,,,,,,,,,,,0.0,2.161,3112.1,,,,,,,,,,,,,,,,,,,,,""
5977441941,"Sep 17, 2021, 11:29:42 PM",Ghotavde phata-hinjavadi,Ride,,15420,64.34,179.0,50,,,Black Gold,activities/6353636773.fit.gz,,9.5,15420.0,11018.0,64341.8,13.1,5.84,457.0,472.0,545.2,660.2,12.0,-0.1,,,89.0,52.0,,128.0,,80.0,2002.0,,22.0,50.0,,,,,,,,,,,0.0,,0.0,,1.0,,,,,,,,,,,,,,,,7940261.0,,,,,,,,,,,0.0,4.173,10559.9,,,,,,,,,,,,,,,,,,,,,media/8015b95f-1caf-49f9-a533-a0fc39368ed2.jpg|media/5a7054f1-e886-4bbc-9c6e-fa3e386e38eb.jpg|media/62b811f2-2fcf-4477-bdb6-4a1fdbdcf7e1.jpg|media/dfd6bfb2-b165-4738-bbbd-89c898c39f7b.jpg
5977441503,"Sep 17, 2021, 12:39:57 PM",Evening Ride,Ride,,1336,3.92,,,,,Road sweeper,activities/6353636385.fit.gz,,9.5,1336.0,1002.0,3920.0,7.8,3.912,38.0,6.0,576.6,612.2,15.1,0.9,,,100.0,52.0,,,,113.0,127.0,,26.0,,,,,,,,,,,,0.0,,0.0,,1.0,,,,,,,,,,,,,,,,9402698.0,,,,,,,,,,,0.0,2.934,2135.4,,,,,,,,,,,,,,,,,,,,,""
5974116139,"Sep 17, 2021, 11:29:43 AM",Afternoon Ride,Ride,,711,3.98,,,,,Road sweeper,activities/6350147128.fit.gz,,9.5,711.0,681.0,3986.3,12.3,5.854,6.0,45.0,561.2,599.2,5.8,-1.0,,,88.0,49.0,,,,96.0,130.0,,26.0,,,,,,,,,,,,0.0,,0.0,,1.0,,,,,,,,,,,,,,,,9402698.0,,,,,,,,,,,0.0,5.607,2109.2,,,,,,,,,,,,,,,,,,,,,""
5967722615,"Sep 16, 2021, 3:01:41 AM",Morning Ride,Ride,,3835,7.26,,,,,Road sweeper,activities/6343432500.fit.gz,,9.5,3835.0,1469.0,7261.4,9.4,4.943,64.0,31.0,576.4,623.2,12.5,0.5,,,88.0,56.0,,,,133.0,249.0,,26.0,,,,,,,,,,,,0.0,,0.0,,1.0,,,,,,,,,,,,,,,,9402698.0,,,,,,,,,,,0.0,1.893,4717.4,,,,,,,,,,,,,,,,,,,,,""
5967588769,"Sep 16, 2021, 2:35:29 AM",Morning Ride,Ride,,651,4.05,,,,,Road sweeper,activities/6343289030.fit.gz,,9.5,651.0,651.0,4058.8,11.4,6.235,12.0,51.0,559.6,599.2,9.4,-1.0,,,80.0,45.0,,,,109.0,142.0,,23.0,,,,,,,,,,,,0.0,,0.0,,1.0,,,,,,,,,,,,,,,,9402698.0,,,,,,,,,,,0.0,6.235,1890.8,,,,,,,,,,,,,,,,,,,,,""
5964091041,"Sep 15, 2021, 12:37:09 PM",Evening Ride,Ride,,984,4.05,,,,,Road sweeper,activities/6339678538.fit.gz,,9.5,984.0,884.0,4054.3,8.1,4.586,41.0,6.0,576.6,612.8,37.5,0.9,,,97.0,47.0,,,,132.0,140.0,,23.0,,,,,,,,,,,,0.0,,0.0,,1.0,,,,,,,,,,,,,,,,9402698.0,,,,,,,,,,,0.0,4.12,2254.2,,,,,,,,,,,,,,,,,,,,,""
5963695127,"Sep 15, 2021, 11:15:36 AM",Afternoon Ride,Ride,,903,4.19,,,,,Road sweeper,activities/6339263784.fit.gz,,9.5,903.0,807.0,4190.7,11.8,5.193,9.0,44.0,561.4,598.8,20.0,-0.8,,,85.0,37.0,,,,79.0,131.0,,27.0,,,,,,,,,,,,0.0,,0.0,,1.0,,,,,,,,,,,,,,,,9402698.0,,,,,,,,,,,0.0,4.641,2206.6,,,,,,,,,,,,,,,,,,,,,""
5962312620,"Sep 15, 2021, 3:23:25 AM",Morning Ride,Ride,,1238,6.14,164.0,6,,,Black Gold,activities/6337801155.fit.gz,,9.5,1238.0,1221.0,6145.7,8.0,5.033,47.0,16.0,557.2,598.2,14.8,0.5,,,80.0,55.0,,135.0,,77.0,307.0,,25.0,6.0,,,,,,,,,,,,,0.0,,1.0,,,,,,,,,,,,,,,,7940261.0,,,,,,,,,,,0.0,4.964,1874.2,,,,,,,,,,,,,,,,,,,,,""
5962267645,"Sep 15, 2021, 12:25:10 AM",Morning Ride,Ride,,9958,38.48,169.0,25,,,Black Gold,activities/6337753320.fit.gz,,9.5,9958.0,6430.0,38484.3,12.6,5.985,262.0,300.0,551.4,650.8,14.5,-0.1,,,83.0,52.0,,123.0,,81.0,1050.0,,22.0,25.0,,,,,,,,,,,,,0.0,,1.0,,,,,,,,,,,,,,,,7940261.0,,,,,,,,,,,0.0,3.865,21664.4,,,,,,,,,,,,,,,,,,,,,""
5962267550,"Sep 14, 2021, 11:59:56 AM",Afternoon Ride,Ride,,1287,4.21,,,,,Road sweeper,activities/6337753235.fit.gz,,9.5,1287.0,1014.0,4214.9,6.1,4.157,37.0,7.0,577.4,610.4,8.9,0.8,,,91.0,49.0,,,,112.0,132.0,,26.0,,,,,,,,,,,,0.0,,0.0,,1.0,,,,,,,,,,,,,,,,9402698.0,,,,,,,,,,,0.0,3.275,1999.7,,,,,,,,,,,,,,,,,,,,,""
5957916021,"Sep 14, 2021, 10:14:56 AM",Afternoon Ride,Ride,,738,4.13,,,,,Road sweeper,activities/6333217826.fit.gz,,9.5,738.0,738.0,4137.6,12.1,5.607,8.0,46.0,560.6,599.0,4.3,-0.9,,,94.0,46.0,,,,90.0,130.0,,26.0,,,,,,,,,,,,0.0,,0.0,,1.0,,,,,,,,,,,,,,,,9402698.0,,,,,,,,,,,0.0,5.607,2089.0,,,,,,,,,,,,,,,,,,,,,""
5956958070,"Sep 14, 2021, 2:49:09 AM",Morning Ride to CC,Ride,,8032,31.74,183.0,35,,,Road sweeper,activities/6332208343.fit.gz,,9.5,8032.0,5533.0,31739.8,11.8,5.736,217.0,233.0,550.4,642.2,29.8,0.0,,,113.0,60.0,,136.0,,139.0,1151.0,,27.0,35.0,,,,,,,,,,,0.0,,0.0,,1.0,,,,,,,,,,,,,,,,9402698.0,,,,,,,,,,,0.0,3.952,15886.7,,,,,,,,,,,,,,,,,,,,,media/12dd81a2-73e2-4a5b-8af4-8e73af73fd98.jpg
5951802338,"Sep 13, 2021, 12:48:04 AM",Morning Ride of ganesh darshan with friends,Ride,,13528,29.17,181.0,25,,,Road sweeper,activities/6326810884.fit.gz,,9.5,13528.0,6271.0,29170.5,10.8,4.652,172.0,191.0,545.6,614.2,42.1,0.0,,,115.0,53.0,,122.0,,106.0,1029.0,,24.0,25.0,,,,,,,,,,,0.0,,0.0,,1.0,,,,,,,,,,,,,,,,9402698.0,,,,,,,,,,,0.0,2.156,17012.4,,,,,,,,,,,,,,,,,,,,,media/788ffe50-0256-4ec3-888b-b68ab058f730.jpg|media/1c2a1036-bce1-4845-baa5-3508e58a7ad6.jpg|media/e141657b-9fd2-49a0-b319-2b5dadaae67d.jpg|media/39e3e4c8-79de-40f5-8db1-faf28ec3af1b.jpg|media/8c83e4b8-612b-4b01-9b2a-ddc5210c06e7.jpg|media/b2663773-6b67-4e8b-a59e-5a61348572ab.jpg|media/bd350484-431c-4c37-8bd8-b5e8b2705579.jpg
5951801591,"Sep 11, 2021, 3:16:27 AM",Morning Ride,Ride,,2944,1.78,153.0,1,,,Black Gold,activities/6326810115.fit.gz,,9.5,2944.0,530.0,1787.3,6.5,3.372,19.0,23.0,592.6,611.2,15.2,-0.2,,,73.0,44.0,,114.0,,54.0,86.0,,25.0,1.0,,,,,,,,,,,,,0.0,,1.0,,,,,,,,,,,,,,,,7940261.0,,,,,,,,,,,0.0,0.607,1160.0,,,,,,,,,,,,,,,,,,,,,""
5939875585,"Sep 11, 2021, 12:08:22 AM","Ganesh darshan morning ride
",Ride,,10207,27.31,165.0,18,,,Road sweeper,activities/6314279846.fit.gz,,9.5,10207.0,5263.0,27311.8,10.4,5.189,134.0,144.0,553.0,597.2,9.4,0.0,,,105.0,54.0,,120.0,,117.0,878.0,,23.0,18.0,,,,,,2.0,,,,,0.0,24.0,0.0,,1.0,,,,,,,,,,,,,,,,9402698.0,,,,,,,,,,,0.0,2.676,8098.4,,,,,,,,,,,,,,,,,,,,,media/5a6066d1-770c-4deb-9e70-fa4f532aab56.jpg|media/15115f97-2dbc-486c-9045-eeb8f4744d09.jpg|media/b1239497-3ef7-4077-9d92-b49c73b2066c.jpg|media/5b30dd11-ab9d-4d5d-8dc6-4f22c12a1fba.jpg|media/b882759d-334a-4dc8-ba26-60ea3be61077.jpg|media/b09999a1-5f3b-4f09-ad6f-3656f907beda.jpg|media/47fbae49-a4a2-4710-88e0-c6ff380a059f.jpg|media/9e59b0ff-e81a-470a-9b7a-0db97c849492.jpg|media/463fbdc9-f1dd-4d7d-af34-ab61d128a915.jpg|media/9c48d391-335f-49e8-87bc-b3b95ac53dc9.jpg|media/214e97e4-f89d-4889-a1d7-6effd3667475.jpg|media/6eab7bdb-21b9-4f0e-9da1-587da20c05c9.jpg|media/f9c68e06-ad8f-4660-85b0-29de780b6c6f.jpg|media/af10b370-2954-4a5f-8e80-78027fa63a4a.jpg|media/b404fc45-a5c8-4987-8137-1847fa31f0ac.jpg|media/dd97c54c-021a-4999-9519-e2aad963b38a.jpg|media/9d18fc51-473b-474b-a44a-80a56b9a3bc8.jpg|media/929ae563-d84a-43f8-b359-a108a4b68935.jpg|media/661399c5-1e2c-44d7-a664-d1afb4d526f1.jpg|media/b89692bb-cf87-4ff1-bfe7-f66417b559f7.jpg
5935325622,"Sep 10, 2021, 12:13:19 AM",Ride to ravet and viman nagar,Ride,,15556,72.37,182.0,69,,,Road sweeper,activities/6309504728.fit.gz,,9.5,15556.0,11291.0,72369.3,11.9,6.409,411.0,433.0,544.0,620.0,18.5,0.0,,,103.0,61.0,,135.0,,155.0,2156.0,,23.0,69.0,,,,,,4.0,,,,,0.0,125.0,0.0,,1.0,,,,,,,,,,,,,,,,9402698.0,,,,,,,,,,,0.0,4.652,11947.9,,,,,,,,,,,,,,,,,,,,,""
5926374735,"Sep 8, 2021, 12:35:35 PM",Evening Ride,Ride,,1380,4.20,173.0,4,,,Black Gold,activities/6300163865.fit.gz,,9.5,1380.0,1062.0,4200.4,7.4,3.955,40.0,10.0,576.4,611.2,12.5,0.8,,,,,,126.0,,71.0,224.0,,24.0,4.0,,,,,,,,,,,,,0.0,,1.0,,,,,,,,,,,,,,,,7940261.0,,,,,,,,,,,0.0,3.044,2005.3,,,,,,,,,,,,,,,,,,,,,""
5925883870,"Sep 8, 2021, 11:03:39 AM",Afternoon Ride,Ride,,782,4.19,150.0,2,,,Black Gold,activities/6299652613.fit.gz,,9.5,782.0,739.0,4190.4,12.1,5.67,11.0,46.0,562.6,599.2,5.3,-0.9,,,109.0,51.0,,121.0,,55.0,141.0,,23.0,2.0,,,,,,,,,,,,,0.0,,1.0,,,,,,,,,,,,,,,,7940261.0,,,,,,,,,,,0.0,5.359,2003.4,,,,,,,,,,,,,,,,,,,,,""
5914905218,"Sep 6, 2021, 12:30:17 PM",Evening Ride,Ride,,1270,4.72,159.0,4,,,Black Gold,activities/6288202248.fit.gz,,9.5,1270.0,1128.0,4728.3,8.9,4.192,39.0,9.0,575.6,608.4,11.4,0.7,,,81.0,46.0,,128.0,,70.0,242.0,,27.0,4.0,,,,,,,,,,,,,0.0,,1.0,,,,,,,,,,,,,,,,7940261.0,,,,,,,,,,,0.0,3.723,2535.7,,,,,,,,,,,,,,,,,,,,,""
5914585628,"Sep 6, 2021, 11:13:46 AM",Afternoon Ride,Ride,,1023,4.66,148.0,2,,,Black Gold,activities/6287867088.fit.gz,,9.5,1023.0,926.0,4664.4,12.0,5.037,11.0,49.0,561.8,599.2,20.0,-0.8,,,92.0,45.0,,117.0,,45.0,161.0,,28.0,2.0,,,,,,,,,,,,,0.0,,1.0,,,,,,,,,,,,,,,,7940261.0,,,,,,,,,,,0.0,4.56,2802.7,,,,,,,,,,,,,,,,,,,,,""
6027066970,"Sep 6, 2021, 2:13:23 AM",Morning Walk,Walk,,5083,5.59,141.0,11,,,,activities/6405755414.fit.gz,,,5083.0,4817.0,5594.8,2.0,1.161,70.4,362.0,584.3,613.9,12.1,0.0,,,112.0,56.0,,107.0,,,273.0,,,11.0,,,,,,,,,,,,,0.0,,1.0,,,,,,,,,,,,,,,,,,,,,,,,,,,0.0,1.101,3608.6,,,,,,,,,,,,,,,,,,,,,""
5898342933,"Sep 3, 2021, 12:26:38 PM",Afternoon Ride,Ride,,1037,4.19,179.0,4,,,Black Gold,activities/6270852738.fit.gz,,9.5,1037.0,1007.0,4194.0,7.5,4.165,41.0,7.0,567.4,603.2,8.8,0.9,,,82.0,47.0,,132.0,,72.0,234.0,,26.0,4.0,,,,,,,,,,,,,0.0,,1.0,,,,,,,,,,,,,,,,7940261.0,,,,,,,,,,,,4.044,1866.5,,,,,,,,,,,,,,,,,,,,,""
5898029959,"Sep 3, 2021, 11:23:56 AM",Afternoon Ride,Ride,,847,4.16,152.0,2,,,Black Gold,activities/6270524046.fit.gz,,9.5,847.0,717.0,4161.1,11.6,5.803,9.0,45.0,564.0,601.8,19.6,-0.8,,,75.0,47.0,,119.0,,51.0,139.0,,25.0,2.0,,,,,,,,,,,,,0.0,,1.0,,,,,,,,,,,,,,,,7940261.0,,,,,,,,,,,,4.913,2267.9,,,,,,,,,,,,,,,,,,,,,""
6027066975,"Sep 3, 2021, 1:52:29 AM",Morning Walk,Walk,,4840,5.25,136.0,17,,,,activities/6405755405.fit.gz,,,4840.0,4291.0,5252.3,3.1,1.224,62.5,681.0,582.1,604.1,6.0,0.0,,,63.0,58.0,,135.0,,,428.0,,,17.0,,,,,,,,,,,,,0.0,,1.0,,,,,,,,,,,,,,,,,,,,,,,,,,,0.0,1.085,5229.9,,,,,,,,,,,,,,,,,,,,,""
5892884094,"Sep 2, 2021, 11:53:14 AM",Afternoon Ride,Ride,"",1314,6.91,141.0,4,,,Shai-works,activities/6265139997.fit.gz,,9.5,1314.0,1314.0,6911.2,11.8,5.26,29.0,48.0,559.8,594.6,4.9,-0.3,,,124.0,46.0,,121.0,,61.0,247.0,,24.0,4.0,,,,,,,,,,,0.0,,0.0,,1.0,,,,,,,,,,,,,,,,9200790.0,,,,,,,,,,,,5.26,4204.0,,,,,,,,,,,,,,,,,,,,,""
5888233167,"Sep 1, 2021, 2:01:35 PM",Evening Ride,Ride,,4095,10.05,,,,,Black Gold,activities/6260298056.fit.gz,,9.5,4095.0,2326.0,10049.0,12.4,4.32,73.0,80.0,560.6,613.4,35.3,0.0,,,110.0,37.0,,,,61.0,332.0,,23.0,,,,,,,,,,,,,,0.0,,1.0,,,,,,,,,,,,,,,,7940261.0,,,,,,,,,,,,2.454,5004.5,,,,,,,,,,,,,,,,,,,,,""
5887721974,"Sep 1, 2021, 12:29:14 PM",Afternoon Ride,Ride,,2653,4.55,,,,,Black Gold,activities/6259762909.fit.gz,,9.5,2653.0,981.0,4556.3,7.7,4.645,39.0,6.0,574.8,606.8,22.9,0.7,,,78.0,51.0,,,,82.0,151.0,,25.0,,,,,,,,,,,,,,0.0,,1.0,,,,,,,,,,,,,,,,7940261.0,,,,,,,,,,,,1.717,1801.8,,,,,,,,,,,,,,,,,,,,,""
5887211398,"Sep 1, 2021, 11:10:24 AM",Afternoon Ride,Ride,,712,3.92,,,,,Black Gold,activities/6259229327.fit.gz,,9.5,712.0,688.0,3919.0,9.8,5.696,8.0,42.0,561.6,595.2,4.3,-0.9,,,77.0,49.0,,,,46.0,125.0,,25.0,,,,,,,,,,,,,,0.0,,1.0,,,,,,,,,,,,,,,,7940261.0,,,,,,,,,,,,5.504,1996.6,,,,,,,,,,,,,,,,,,,,,""
5881664375,"Aug 31, 2021, 9:00:58 AM",Afternoon Ride,Ride,"",9247,43.21,179.0,37,,,Road sweeper,activities/6253463068.fit.gz,,9.5,9247.0,7687.0,43209.1,11.8,5.621,221.0,234.0,555.4,603.2,16.7,0.0,,,93.0,55.0,,131.0,,129.0,1375.0,,25.0,37.0,,,,,,,,,,,0.0,,0.0,,1.0,,,,,,,,,,,,,,,,9402698.0,,,,,,,,,,,,4.673,12124.1,,,,,,,,,,,,,,,,,,,,,""
5876935444,"Aug 30, 2021, 12:50:25 PM",Evening Ride,Ride,"",1314,4.37,,,,,Road sweeper,activities/6248527865.fit.gz,,9.5,1314.0,1156.0,4377.8,7.2,3.787,35.0,6.0,578.0,612.0,23.5,0.8,,,80.0,47.0,,,,103.0,130.0,,25.0,,,,,,,,,,,,0.0,,0.0,,1.0,,,,,,,,,,,,,,,,9402698.0,,,,,,,,,,,,3.332,1747.8,,,,,,,,,,,,,,,,,,,,,""
5876484925,"Aug 30, 2021, 11:14:24 AM",Afternoon Ride,Ride,"",969,4.15,,,,,Road sweeper,activities/6248056465.fit.gz,,9.5,969.0,825.0,4149.6,11.9,5.03,7.0,44.0,565.8,602.6,4.9,-0.9,,,82.0,43.0,,,,81.0,129.0,,24.0,,,,,,,,,,,,0.0,,0.0,,1.0,,,,,,,,,,,,,,,,9402698.0,,,,,,,,,,,,4.282,2105.7,,,,,,,,,,,,,,,,,,,,,""
5875262435,"Aug 29, 2021, 11:57:55 PM",Aaaaannnnnnnddddddd........ I complete 1000 kms this month,Ride,"",15464,68.06,181.0,39,,,Black Gold,activities/6246768746.fit.gz,,9.5,15464.0,11353.0,68064.4,15.3,5.995,393.0,407.0,538.8,644.8,12.2,0.0,,,112.0,54.0,,120.0,,83.0,1724.0,,23.0,39.0,,,,,,,,,,,0.0,,0.0,,1.0,,,,,,,,,,,,,,,,7940261.0,,,,,,,,,,,,4.401,14185.4,,,,,,,,,,,,,,,,,,,,,""
5870267673,"Aug 29, 2021, 8:02:59 AM",Afternoon Ride,Ride,,1606,7.72,,,,,Black Gold,activities/6241525471.fit.gz,,9.5,1606.0,1505.0,7724.8,8.9,5.133,53.0,28.0,580.6,621.4,12.1,0.2,,,106.0,45.0,,,,75.0,266.0,,32.0,,,,,,,,,,,,,,0.0,,1.0,,,,,,,,,,,,,,,,7940261.0,,,,,,,,,,,,4.81,4657.9,,,,,,,,,,,,,,,,,,,,,""
5865378884,"Aug 28, 2021, 9:37:47 AM",Afternoon Ride,Ride,,1428,6.99,,,,,Black Gold,activities/6236385405.fit.gz,,9.5,1428.0,1247.0,6990.0,11.7,5.605,32.0,54.0,562.2,599.8,5.9,-0.3,,,82.0,48.0,,,,67.0,240.0,,28.0,,,,,,,,,,,,,,0.0,,1.0,,,,,,,,,,,,,,,,7940261.0,,,,,,,,,,,,4.895,5061.0,,,,,,,,,,,,,,,,,,,,,""
5864305877,"Aug 27, 2021, 11:43:35 PM",Millenium national school-> dahanukar-> SNDT-> UG-> Pashan circle-> pashan-sus-> ghotawde phata-> hinjewadi phase -3->2->1-> wakad-> Baner-> goodluck cafe-> home,Ride,"Extremely nice countryside roads, all thanks to Dada's farmhouse being there 🤣🤣🤣🤣😅",18653,76.05,181.0,72,,,Black Gold,activities/6235244750.fit.gz,,9.5,18653.0,12693.0,76049.4,13.5,5.991,538.0,557.0,547.6,654.0,13.8,0.0,,,88.0,54.0,,132.0,,87.0,2437.0,,23.0,72.0,,,,,,,,,,,0.0,,0.0,,1.0,,,,,,,,,,,,,,,,7940261.0,,,,,,,,,,,,4.077,15772.4,,,,,,,,,,,,,,,,,,,,,media/456ff75d-bc6e-4173-bd9d-c9018896f62a.jpg|media/ee1c6105-d276-496c-882f-b7cccbce3cf7.jpg|media/00a62a6e-48ad-4e5c-8e62-d14bee377bed.jpg|media/ae1ee055-1edb-43a1-b1da-7752bef09b14.jpg|media/b06cf644-1009-42dc-b9fc-bffb4c2e9d70.jpg|media/60b02719-687d-4dd4-aaa1-2d997b46a591.jpg|media/81988288-ba84-4ec6-aee9-5345fadcc377.jpg|media/c7c31a71-c7de-4cb1-a65d-236bb8761218.jpg|media/5ea7e616-08c1-48e9-b9d2-874f740aec25.jpg|media/077d9913-822f-4794-973e-e30d931c53f6.jpg|media/0770236f-94d8-4f70-a74d-75ecf1925acc.jpg|media/5f8af998-67b4-4254-876d-ac7ba6f59610.jpg|media/27ce352f-5603-4c58-8ef2-4a131527693a.jpg|media/8322946a-701e-4172-90ab-63b49faeb106.jpg|media/a08db920-ffd8-4ab7-9435-ba042d58e54b.jpg|media/9307aaf7-4afe-4bce-b7b8-9b7c9949729f.jpg|media/54baf6e8-50a0-464a-a047-fa4d7c6e3dba.jpg|media/78efd629-37b0-44c8-afdf-8062bd0b7f0f.jpg|media/9c8144d4-e79b-4e08-a14e-e248dfa3a454.jpg|media/53dba8b5-3475-4b87-8d36-c410faa04f4f.jpg
5861113946,"Aug 27, 2021, 12:11:18 PM",Afternoon Ride,Ride,"",1057,4.10,,,true,,Road sweeper,activities/6231880876.fit.gz,,9.5,1057.0,984.0,4103.4,7.0,4.17,40.0,5.0,577.0,615.6,10.3,0.9,,,75.0,48.0,,,,118.0,133.0,,26.0,,,,,,,,,,,,0.0,,1.0,,1.0,,,,,,,,,,,,,,,,9402698.0,,,,,,,,,,,,3.882,1782.5,,,,,,,,,,,,,,,,,,,,,""
5860797184,"Aug 27, 2021, 11:03:56 AM",Afternoon Ride,Ride,"",897,3.95,,,true,,Road sweeper,activities/6231550378.fit.gz,,9.5,897.0,833.0,3957.6,10.6,4.751,10.0,43.0,561.0,599.0,48.6,-0.9,,,73.0,43.0,,,,78.0,123.0,,25.0,,,,,,,,,,,,0.0,,1.0,,1.0,,,,,,,,,,,,,,,,9402698.0,,,,,,,,,,,,4.412,2100.6,,,,,,,,,,,,,,,,,,,,,""
5859392115,"Aug 27, 2021, 12:07:46 AM",Morning Ride,Ride,"",8087,32.68,187.0,26,,"",Black Gold,activities/6230073231.fit.gz,,9.5,8087.0,6073.0,32681.4,13.8,5.381,164.0,172.0,557.6,613.4,11.8,0.0,,,92.0,52.0,,126.0,,71.0,1094.0,,21.0,26.0,,,,,,,,,,,0.0,,0.0,,1.0,,,,,,,,,,,,,,,,7940261.0,,,,,,,,,,,,4.041,8939.9,,,,,,,,,,,,,,,,,,,,,media/1ba935ac-edd8-4875-90fc-92a02aded23b.jpg|media/5fa77b23-25e6-4f6b-adfb-ff4c7a9358ae.jpg
5855765007,"Aug 26, 2021, 10:16:07 AM",Afternoon Ride,Ride,"",4486,12.31,,,true,,Road sweeper,activities/6226298462.fit.gz,,9.5,4486.0,2622.0,12310.7,8.8,4.695,79.0,80.0,566.6,623.4,25.4,0.0,,,101.0,49.0,,,,107.0,411.0,,26.0,,,,,,,,,,,,0.0,,1.0,,1.0,,,,,,,,,,,,,,,,9402698.0,,,,,,,,,,,,2.744,6275.7,,,,,,,,,,,,,,,,,,,,,""
5850652212,"Aug 25, 2021, 12:36:13 PM",Evening Ride,Ride,,1364,4.46,,,,,Black Gold,activities/6220975512.fit.gz,,9.5,1364.0,1135.0,4459.7,7.1,3.929,47.0,11.0,576.2,617.0,7.1,0.8,,,71.0,41.0,,,,69.0,149.0,,26.0,,,,,,,,,,,,,,0.0,,1.0,,,,,,,,,,,,,,,,7940261.0,,,,,,,,,,,,3.27,1971.9,,,,,,,,,,,,,,,,,,,,,""
5850180794,"Aug 25, 2021, 11:14:36 AM",Afternoon Ride,Ride,,833,4.08,,,,,Black Gold,activities/6220482047.fit.gz,,9.5,833.0,757.0,4083.6,12.1,5.394,12.0,43.0,558.6,598.2,28.9,-0.8,,,74.0,35.0,,,,46.0,131.0,,27.0,,,,,,,,,,,,,,0.0,,1.0,,,,,,,,,,,,,,,,7940261.0,,,,,,,,,,,,4.902,2240.3,,,,,,,,,,,,,,,,,,,,,""
5842871044,"Aug 24, 2021, 1:05:10 AM",Morning Ride,Ride,,8682,33.83,176.0,26,,,Black Gold,activities/6212866739.fit.gz,,9.5,8682.0,5669.0,33833.3,11.7,5.968,194.0,196.0,560.8,631.0,19.4,0.0,,,97.0,54.0,,128.0,,80.0,1163.0,,22.0,26.0,,,,,,,,,,,,,0.0,,1.0,,,,,,,,,,,,,,,,7940261.0,,,,,,,,,,,,3.897,15379.7,,,,,,,,,,,,,,,,,,,,,""
5839383884,"Aug 23, 2021, 12:25:35 PM",Afternoon Ride,Ride,,1481,4.28,,,,,Black Gold,activities/6209242254.fit.gz,,9.5,1481.0,1118.0,4285.4,7.4,3.833,42.0,8.0,575.4,609.6,10.9,0.8,,,91.0,40.0,,,,67.0,137.0,,27.0,,,,,,,,,,,,,,0.0,,1.0,,,,,,,,,,,,,,,,7940261.0,,,,,,,,,,,,2.894,2174.1,,,,,,,,,,,,,,,,,,,,,""
5839054158,"Aug 23, 2021, 11:20:48 AM",Afternoon Ride,Ride,,897,3.95,,,,,Black Gold,activities/6208898214.fit.gz,,9.5,897.0,789.0,3954.2,12.1,5.012,8.0,43.0,562.6,597.6,4.5,-0.9,,,75.0,32.0,,,,41.0,114.0,,28.0,,,,,,,,,,,,,,0.0,,1.0,,,,,,,,,,,,,,,,7940261.0,,,,,,,,,,,,4.408,2084.0,,,,,,,,,,,,,,,,,,,,,""
5837719509,"Aug 23, 2021, 3:02:17 AM",Morning Ride,Ride,,1112,5.50,180.0,7,,,Black Gold,activities/6207493320.fit.gz,,9.5,1112.0,1095.0,5504.2,8.2,5.027,48.0,19.0,564.0,604.6,10.8,0.6,,,101.0,52.0,,136.0,,81.0,299.0,,25.0,7.0,,,,,,,,,,,,,0.0,,1.0,,,,,,,,,,,,,,,,7940261.0,,,,,,,,,,,,4.95,1048.4,,,,,,,,,,,,,,,,,,,,,""
5837674330,"Aug 23, 2021, 12:13:44 AM",Morning Ride to ravet.,Ride,Back on roadie after many days,9279,53.08,176.0,53,,,Black Gold,activities/6207445517.fit.gz,,9.5,9279.0,7365.0,53081.4,16.1,7.207,317.0,358.0,560.0,653.2,9.8,-0.1,,,105.0,62.0,,137.0,,115.0,1585.0,,21.0,53.0,,,,,,,,,,,0.0,,0.0,,1.0,,,,,,,,,,,,,,,,7940261.0,,,,,,,,,,,,5.721,5926.6,,,,,,,,,,,,,,,,,,,,,media/ef74def9-3f66-4d4e-b983-a8d73714487a.jpg
5826835650,"Aug 21, 2021, 6:28:10 AM",Lunch Ride,Ride,"",3159,14.92,,,,,Road sweeper,activities/6196051917.fit.gz,,9.5,3159.0,2811.0,14921.2,9.9,5.308,73.0,95.0,560.8,607.6,17.3,-0.1,,,87.0,52.0,,,,111.0,499.0,,26.0,,,,,,,,,,,,0.0,,0.0,,1.0,,,,,,,,,,,,,,,,9402698.0,,,,,,,,,,,,4.723,3697.3,,,,,,,,,,,,,,,,,,,,,""
5826573083,"Aug 21, 2021, 5:17:04 AM",Morning Ride,Ride,,1205,3.91,,,,,Black Gold,activities/6195774445.fit.gz,,9.5,1205.0,1071.0,3914.4,6.8,3.655,40.0,7.0,571.0,613.0,20.9,1.0,,,78.0,48.0,,,,64.0,124.0,,25.0,,,,,,,,,,,,,,0.0,,1.0,,,,,,,,,,,,,,,,7940261.0,,,,,,,,,,,,3.248,2056.6,,,,,,,,,,,,,,,,,,,,,""
5826424382,"Aug 21, 2021, 12:39:44 AM",Morning Ride to CC NDA,Ride,After many days,12023,33.96,177.0,34,,,Road sweeper,activities/6195617717.fit.gz,,9.5,12023.0,6380.0,33962.1,11.4,5.323,224.0,269.0,546.4,658.0,12.3,-0.2,,,91.0,58.0,,129.0,,120.0,1222.0,,21.0,34.0,,,,,,,,,,,0.0,,0.0,,1.0,,,,,,,,,,,,,,,,9402698.0,,,,,,,,,,,,2.825,20934.8,,,,,,,,,,,,,,,,,,,,,media/bb096aa2-4830-4894-b57c-58fc3312aeae.jpg|media/d0b68abf-9c14-4031-9e55-9bcf1216e186.jpg|media/4b23d361-39de-4928-a2b8-c79ff558c980.jpg|media/98e6d53e-0c86-4cc4-8370-656162ac4a3e.jpg|media/488b6043-fb86-4dcc-b94f-bc0b0b09066d.jpg|media/a378f4eb-784e-4843-a1c8-5ba8fc4f66ce.jpg|media/8e1f5899-aa20-4faa-a31c-2468e9e4fb94.jpg
5821272280,"Aug 20, 2021, 12:07:53 AM",Morning Ride,Ride,"",6011,20.74,164.0,15,,,Road sweeper,activities/6190213834.fit.gz,,9.5,6011.0,4373.0,20747.3,9.2,4.744,121.0,131.0,561.2,622.4,13.0,0.0,,,90.0,54.0,,119.0,,100.0,724.0,,22.0,15.0,,,,,,,,,,,0.0,,0.0,,1.0,,,,,,,,,,,,,,,,9402698.0,,,,,,,,,,,,3.452,6203.0,,,,,,,,,,,,,,,,,,,,,""
5818586030,"Aug 19, 2021, 2:06:25 PM",Evening Ride,Ride,"",3419,13.37,,,,,Road sweeper,activities/6187409502.fit.gz,,9.5,3419.0,2725.0,13374.8,9.3,4.908,75.0,83.0,568.0,611.2,10.5,-0.1,,,98.0,59.0,,,,112.0,459.0,,22.0,,,,,,,,,,,,0.0,,0.0,,1.0,,,,,,,,,,,,,,,,9402698.0,,,,,,,,,,,,3.912,4765.8,,,,,,,,,,,,,,,,,,,,,""
5816130406,"Aug 19, 2021, 3:35:40 AM",Morning Ride,Ride,,883,4.05,176.0,4,,,Black Gold,activities/6184836320.fit.gz,,9.5,883.0,867.0,4057.9,8.1,4.68,40.0,6.0,576.6,613.4,10.6,0.9,,,100.0,57.0,,133.0,,87.0,221.0,,23.0,4.0,,,,,,,,,,,,,0.0,,1.0,,,,,,,,,,,,,,,,7940261.0,,,,,,,,,,,,4.596,1731.2,,,,,,,,,,,,,,,,,,,,,""
5816021506,"Aug 19, 2021, 12:24:08 AM",Solo Cc Warje,Ride,Testing two garmins side by side,8464,36.08,176.0,24,,,Road sweeper,activities/6184722961.fit.gz,,9.5,8464.0,6582.0,36085.2,13.1,5.482,202.0,254.0,554.2,643.6,13.4,-0.1,,,107.0,55.0,,120.0,,121.0,1101.0,,21.0,24.0,,,,,,,,,,,0.0,,0.0,,1.0,,,,,,,,,,,,,,,,9402698.0,,,,,,,,,,,,4.263,13122.1,,,,,,,,,,,,,,,,,,,,,media/eaeca60e-1745-4d96-9390-495c9811b837.jpg
5815647244,"Aug 18, 2021, 12:21:12 PM",Afternoon Ride,Ride,,2568,4.59,178.0,7,,,Black Gold,activities/6184333033.fit.gz,,9.5,2568.0,1027.0,4598.9,8.4,4.478,55.0,21.0,577.0,627.8,33.5,0.8,,,86.0,47.0,,138.0,,86.0,275.0,,24.0,7.0,,,,,,,,,,,,,0.0,,1.0,,,,,,,,,,,,,,,,7940261.0,,,,,,,,,,,,1.791,2119.2,,,,,,,,,,,,,,,,,,,,,""
5812100058,"Aug 18, 2021, 11:18:54 AM",Afternoon Ride,Ride,"",773,3.92,155.0,2,,,Road sweeper,activities/6180628280.fit.gz,,9.5,773.0,773.0,3922.3,9.5,5.074,10.0,44.0,560.8,597.4,6.0,-0.9,,,81.0,49.0,,117.0,,84.0,152.0,,23.0,2.0,,,,,,,,,,,0.0,,0.0,,1.0,,,,,,,,,,,,,,,,9402698.0,,,,,,,,,,,,5.074,1712.2,,,,,,,,,,,,,,,,,,,,,""
5812005976,"Aug 18, 2021, 8:31:52 AM",Afternoon Ride,Ride,"",1210,3.04,,,,,Road sweeper,activities/6180529335.fit.gz,,9.5,1210.0,721.0,3046.0,9.3,4.225,32.0,30.0,586.8,604.0,16.3,0.1,,,76.0,42.0,,,,99.0,110.0,,27.0,,,,,,,,,,,,0.0,,0.0,,1.0,,,,,,,,,,,,,,,,9402698.0,,,,,,,,,,,,2.517,2134.0,,,,,,,,,,,,,,,,,,,,,""
5810646959,"Aug 18, 2021, 2:46:56 AM",Morning Ride,Ride,"",4053,9.84,156.0,8,,"",Road sweeper,activities/6179104486.fit.gz,,9.5,4053.0,2263.0,9841.7,8.2,4.349,77.0,46.0,554.2,608.4,22.7,0.3,,,86.0,55.0,,128.0,,111.0,456.0,,23.0,8.0,,,,,,,,,,,,,0.0,,1.0,,,,,,,,,,,,,,,,9402698.0,,,,,,,,,,,,2.428,5940.6,,,,,,,,,,,,,,,,,,,,,""
5810490124,"Aug 18, 2021, 12:16:50 AM",Morning Ride,Ride,"",7888,37.38,175.0,22,,"",Road sweeper,activities/6178941575.fit.gz,,9.5,7888.0,6253.0,37382.6,10.5,5.978,184.0,221.0,554.8,606.2,5.8,-0.1,,,91.0,60.0,,120.0,,135.0,1060.0,,21.0,22.0,,,,,,,,,,,,,0.0,,1.0,,,,,,,,,,,,,,,,9402698.0,,,,,,,,,,,,4.739,7567.6,,,,,,,,,,,,,,,,,,,,,""
5805067894,"Aug 17, 2021, 3:23:18 AM",Morning Ride,Ride,,1106,4.86,,,,,Black Gold,activities/6173288053.fit.gz,,9.5,1106.0,1072.0,4862.0,6.5,4.535,41.0,5.0,566.2,603.0,4.4,0.8,,,78.0,54.0,,,,70.0,146.0,,24.0,,,,,,,,,,,,,,0.0,,1.0,,,,,,,,,,,,,,,,7940261.0,,,,,,,,,,,,4.396,2312.5,,,,,,,,,,,,,,,,,,,,,""
5805037122,"Aug 17, 2021, 12:11:54 AM",Morning Ride,Ride,,11133,52.25,,,,,Black Gold,activities/6173255964.fit.gz,,9.5,11133.0,8555.0,52249.1,12.5,6.107,291.0,337.0,552.0,618.6,11.4,-0.1,,,104.0,56.0,,,,81.0,1952.0,,22.0,,,,,,,,,,,,,,0.0,,1.0,,,,,,,,,,,,,,,,7940261.0,,,,,,,,,,,,4.693,13116.8,,,,,,,,,,,,,,,,,,,,,""
5801753456,"Aug 16, 2021, 12:37:07 PM",Evening Ride,Ride,"",1586,4.34,,,,,Road sweeper,activities/6169835911.fit.gz,,9.5,1586.0,1186.0,4343.3,7.5,3.662,41.0,14.0,577.2,610.6,13.7,0.7,,,108.0,53.0,,,,100.0,139.0,,25.0,,,,,,,,,,,,0.0,,0.0,,1.0,,,,,,,,,,,,,,,,9402698.0,,,,,,,,,,,,2.739,2049.6,,,,,,,,,,,,,,,,,,,,,""
5801394075,"Aug 16, 2021, 11:25:41 AM",Afternoon Ride,Ride,"",862,3.99,,,,,Road sweeper,activities/6169459381.fit.gz,,9.5,862.0,821.0,3989.0,11.8,4.859,8.0,45.0,560.8,598.6,6.5,-0.9,,,83.0,44.0,,,,72.0,118.0,,24.0,,,,,,,,,,,,0.0,,0.0,,1.0,,,,,,,,,,,,,,,,9402698.0,,,,,,,,,,,,4.628,2147.7,,,,,,,,,,,,,,,,,,,,,""
5800965981,"Aug 16, 2021, 9:26:46 AM",Afternoon Ride,Ride,"",1825,6.54,,,,,Road sweeper,activities/6169009831.fit.gz,,9.5,1825.0,1431.0,6542.9,8.2,4.572,68.0,34.0,569.4,629.0,20.3,0.6,,,129.0,59.0,,,,126.0,231.0,,24.0,,,,,,,,,,,,0.0,,0.0,,1.0,,,,,,,,,,,,,,,,9402698.0,,,,,,,,,,,,3.585,3693.8,,,,,,,,,,,,,,,,,,,,,""
5800345118,"Aug 16, 2021, 6:14:01 AM",Lunch Ride,Ride,"",1339,4.96,,,true,,Road sweeper,activities/6168354002.fit.gz,,9.5,1339.0,982.0,4964.1,11.1,5.055,21.0,51.0,566.8,606.6,7.8,-0.6,,,83.0,51.0,,,,96.0,164.0,,26.0,,,,,,,,,,,,0.0,,1.0,,1.0,,,,,,,,,,,,,,,,9402698.0,,,,,,,,,,,,3.707,2030.1,,,,,,,,,,,,,,,,,,,,,""
5799966513,"Aug 16, 2021, 12:47:03 AM",Morning Ride,Ride,"",7741,19.96,,,,,Road sweeper,activities/6167952625.fit.gz,,9.5,7741.0,4445.0,19959.9,9.7,4.49,95.0,107.0,559.8,606.8,23.2,-0.1,,,88.0,51.0,,,,90.0,596.0,,22.0,,,,,,,,,,,,0.0,,0.0,,1.0,,,,,,,,,,,,,,,,9402698.0,,,,,,,,,,,,2.578,12557.5,,,,,,,,,,,,,,,,,,,,,""
5794326758,"Aug 15, 2021, 1:44:09 AM",Morning Ride,Ride,"",7856,15.81,,,,,Road sweeper,activities/6162037421.fit.gz,,9.5,7856.0,3020.0,15812.6,9.8,5.236,82.0,86.0,561.0,603.8,20.3,0.0,,,103.0,57.0,,,,118.0,554.0,,22.0,,,,,,,,,,,,0.0,,0.0,,1.0,,,,,,,,,,,,,,,,9402698.0,,,,,,,,,,,,2.013,5834.2,,,,,,,,,,,,,,,,,,,,,""
5788918010,"Aug 14, 2021, 12:11:59 AM",1km for every completed year of independence,Ride,"",18041,74.24,,,,,Black Gold,activities/6156342856.fit.gz,,9.5,18041.0,11166.0,74240.7,11.7,6.649,424.0,440.0,552.2,634.2,20.8,0.0,,,125.0,58.0,,,,101.0,2944.0,,24.0,,,,,,,5.0,,,,,0.0,201.0,0.0,,1.0,,,,,,,,,,,,,,,,7940261.0,,,,,,,,,,,,4.115,13523.0,,,,,,,,,,,,,,,,,,,,,media/1fc1cb91-aed1-427e-bd63-0aacc557b627.jpg|media/a3287de7-9ce3-4018-9c5d-5b820ca35955.jpg|media/39880d9e-8b40-4f0d-899d-8981b692404b.jpg|media/fd844123-5adc-417c-aed5-e8afce5ec53b.jpg|media/4498f78e-5d7d-4cf7-8683-2d222be53078.jpg
5785824586,"Aug 13, 2021, 12:40:43 PM",Evening Ride,Ride,"",1331,5.27,,,,,Road sweeper,activities/6153081571.fit.gz,,9.5,1331.0,1299.0,5277.4,6.8,4.063,48.0,10.0,576.8,617.2,6.6,0.7,,,122.0,54.0,,,,107.0,156.0,,25.0,,,,,,,,,,,,0.0,,0.0,,1.0,,,,,,,,,,,,,,,,9402698.0,,,,,,,,,,,,3.965,3227.9,,,,,,,,,,,,,,,,,,,,,""
5785824412,"Aug 13, 2021, 11:22:30 AM",Afternoon Ride,Ride,"",800,4.11,,,,,Road sweeper,activities/6153081366.fit.gz,,9.5,800.0,785.0,4110.8,12.3,5.237,11.0,47.0,559.2,595.4,13.4,-0.8,,,86.0,48.0,,,,86.0,128.0,,24.0,,,,,,,,,,,,0.0,,0.0,,1.0,,,,,,,,,,,,,,,,9402698.0,,,,,,,,,,,,5.139,2796.7,,,,,,,,,,,,,,,,,,,,,""
5778501678,"Aug 12, 2021, 2:23:00 AM",Morning Ride,Ride,"",622,3.45,152.0,2,,,Road sweeper,activities/6145416889.fit.gz,,9.5,622.0,603.0,3456.8,8.8,5.733,14.0,23.0,564.4,583.0,31.0,-0.2,,,81.0,55.0,,128.0,,124.0,150.0,,23.0,2.0,,,,,,,,,,,0.0,,0.0,,1.0,,,,,,,,,,,,,,,,9402698.0,,,,,,,,,,,,5.558,,,,,,,,,,,,,,,,,,,,,,""
5778455876,"Aug 12, 2021, 12:15:19 AM",Morning Ride,Ride,"",6885,39.62,171.0,27,,,Road sweeper,activities/6145369682.fit.gz,,9.5,6885.0,6247.0,39626.3,11.4,6.343,158.0,201.0,551.0,605.4,15.9,-0.1,,,93.0,60.0,,127.0,,148.0,1244.0,,22.0,27.0,,,,,,,,,,,0.0,,0.0,,1.0,,,,,,,,,,,,,,,,9402698.0,,,,,,,,,,,,5.755,6694.5,,,,,,,,,,,,,,,,,,,,,""
5774975468,"Aug 11, 2021, 12:33:36 PM",Evening Ride,Ride,"",1337,4.83,,,,,Road sweeper,activities/6141758630.fit.gz,,9.5,1337.0,1086.0,4834.9,7.9,4.452,39.0,9.0,577.0,612.4,8.2,0.7,,,82.0,55.0,,,,129.0,149.0,,26.0,,,,,,,,,,,,0.0,,0.0,,1.0,,,,,,,,,,,,,,,,9402698.0,,,,,,,,,,,,3.616,2283.8,,,,,,,,,,,,,,,,,,,,,""
5774576345,"Aug 11, 2021, 11:26:05 AM",Afternoon Ride,Ride,"",740,3.98,,,,,Road sweeper,activities/6141343280.fit.gz,,9.5,740.0,740.0,3979.6,11.0,5.378,8.0,44.0,559.4,597.6,5.0,-0.9,,,82.0,47.0,,,,90.0,125.0,,27.0,,,,,,,,,,,,0.0,,0.0,,1.0,,,,,,,,,,,,,,,,9402698.0,,,,,,,,,,,,5.378,2141.1,,,,,,,,,,,,,,,,,,,,,""
5767102635,"Aug 10, 2021, 3:31:06 AM",Morning Ride,Ride,,1275,6.69,161.0,6,,,Black Gold,activities/6133544454.fit.gz,,9.5,1275.0,1186.0,6693.9,9.1,5.644,43.0,17.0,563.6,603.2,4.8,0.4,,,107.0,51.0,,134.0,,91.0,313.0,,27.0,6.0,,,,,,,,,,,,,0.0,,1.0,,,,,,,,,,,,,,,,7940261.0,,,,,,,,,,,,5.25,2363.3,,,,,,,,,,,,,,,,,,,,,""
5766938350,"Aug 10, 2021, 12:11:17 AM",Morning Ride,Ride,,7975,41.44,182.0,47,,,Black Gold,activities/6133371947.fit.gz,,9.5,7975.0,5883.0,41441.1,13.9,7.044,239.0,280.0,558.6,622.8,9.9,-0.1,,,93.0,57.0,,138.0,,109.0,1420.0,,22.0,47.0,,,,,,,,,,,,,0.0,,1.0,,,,,,,,,,,,,,,,7940261.0,,,,,,,,,,,,5.196,5423.1,,,,,,,,,,,,,,,,,,,,,""
5751012809,"Aug 7, 2021, 12:13:43 AM",Morning Ride,Ride,"",16064,86.63,181.0,94,,,Black Gold,activities/6116668484.fit.gz,,9.5,16064.0,12049.0,86629.5,12.8,7.19,327.2,351.0,538.3,598.6,13.2,0.0,,,108.0,64.0,,141.0,,113.0,2535.0,,24.0,94.0,,,,,,,,,,,0.0,,0.0,,1.0,,,,,,,,,,,,,,,,7940261.0,,,,,,,,,,,,5.393,22173.7,,,,,,,,,,,,,,,,,,,,,media/bb9eeacb-1a0d-4f45-93d6-c5100f7ea900.jpg|media/47b6756b-9b46-4550-81dc-aac76adde726.jpg
5747132010,"Aug 6, 2021, 9:32:29 AM",Afternoon Ride,Ride,"",1488,4.36,,,true,,Road sweeper,activities/6112609657.fit.gz,,9.5,1488.0,1120.0,4366.2,6.7,3.898,43.0,8.0,570.4,608.0,6.2,0.9,,,77.0,50.0,,,,112.0,134.0,,31.0,,,,,,,,,,,,0.0,,1.0,,1.0,,,,,,,,,,,,,,,,9402698.0,,,,,,,,,,,,2.934,1604.3,,,,,,,,,,,,,,,,,,,,,""
5746870814,"Aug 6, 2021, 8:12:19 AM",Afternoon Ride,Ride,"",854,4.06,,,,,Road sweeper,activities/6112331807.fit.gz,,9.5,854.0,820.0,4063.3,10.7,4.955,13.0,47.0,571.0,609.6,7.2,-0.8,,,68.0,37.0,,,,84.0,124.0,,30.0,,,,,,,,,,,,0.0,,0.0,,1.0,,,,,,,,,,,,,,,,9402698.0,,,,,,,,,,,,4.758,2175.6,,,,,,,,,,,,,,,,,,,,,""
5740900556,"Aug 5, 2021, 2:20:44 AM",Morning Ride to get my ass out of the house on wet roads,Ride,"",2657,9.29,,,,,Road sweeper,activities/6106084453.fit.gz,,9.5,2657.0,1806.0,9295.4,10.5,5.147,55.0,63.0,578.6,615.8,10.4,0.0,,,98.0,52.0,,,,124.0,315.0,,22.0,,,,,,,,,,,,0.0,,0.0,,1.0,,,,,,,,,,,,,,,,9402698.0,,,,,,,,,,,,3.498,4488.2,,,,,,,,,,,,,,,,,,,,,""
5736012264,"Aug 4, 2021, 5:07:01 AM",Morning Ride,Ride,"",2327,5.85,,,,,Road sweeper,activities/6100994333.fit.gz,,9.5,2327.0,1253.0,5858.2,9.9,4.675,42.0,43.0,582.0,603.6,23.0,0.0,,,90.0,50.0,,,,110.0,197.0,,27.0,,,,,,,,,,,,0.0,,0.0,,1.0,,,,,,,,,,,,,,,,9402698.0,,,,,,,,,,,,2.517,4840.4,,,,,,,,,,,,,,,,,,,,,""
5725329164,"Aug 2, 2021, 9:36:28 AM",Afternoon Ride,Ride,"",1061,3.81,,,,,Road sweeper,activities/6089850528.fit.gz,,9.5,1061.0,965.0,3816.4,6.7,3.955,42.7,6.0,560.5,600.4,12.5,1.0,,,88.0,41.0,,,,120.0,108.0,,27.0,,,,,,,,,,,,0.0,,0.0,,1.0,,,,,,,,,,,,,,,,9402698.0,,,,,,,,,,,,3.597,1685.6,,,,,,,,,,,,,,,,,,,,,""
5725074605,"Aug 2, 2021, 8:14:30 AM",Afternoon Ride,Ride,"",842,3.97,,,,,Road sweeper,activities/6089579846.fit.gz,,9.5,842.0,782.0,3969.0,12.2,5.075,6.0,44.0,560.5,601.6,18.2,-1.0,,,78.0,39.0,,,,85.0,105.0,,28.0,,,,,,,,,,,,0.0,,0.0,,1.0,,,,,,,,,,,,,,,,9402698.0,,,,,,,,,,,,4.714,2106.7,,,,,,,,,,,,,,,,,,,,,""
5724417916,"Aug 2, 2021, 12:36:01 AM",Morning Ride,Ride,,9764,49.72,180.0,60,,,Black Gold,activities/6088880617.fit.gz,,9.5,9764.0,7913.0,49719.3,13.8,6.283,293.5,302.0,555.7,604.0,10.9,0.0,,,95.0,53.0,,141.0,,91.0,1621.0,,22.0,60.0,,,,,,,,,,,,,0.0,,1.0,,,,,,,,,,,,,,,,7940261.0,,,,,,,,,,,,5.092,10563.1,,,,,,,,,,,,,,,,,,,,,""
5718904197,"Aug 1, 2021, 12:13:25 AM","जोरदार पावसात विमानतळाला जाऊन नवीन garmin, goggle, saddle, bib short आणि रेनकोट चे उदघाटन",Ride,"",8246,45.33,179.0,58,,,Black Gold,activities/6083075954.fit.gz,,9.5,8246.0,6885.0,45337.4,11.3,6.585,183.0,220.0,549.4,599.0,9.8,-0.1,,,111.0,60.0,,141.0,,89.0,1604.0,,21.0,58.0,,,,,,,,,,,0.0,,0.0,,1.0,,,,,,,,,,,,,,,,7940261.0,,,,,,,,,,,,5.498,11869.4,,,,,,,,,,,,,,,,,,,,,media/edcbec25-c337-417c-8eee-b5276af47f28.jpg|media/652477e7-ca53-4b5c-b7e9-8684dc193d91.jpg|media/15e49d06-1d45-46cc-8d18-b0a13ece2713.jpg|media/e3496a5c-1234-4deb-ada0-07a963c8f684.jpg
5715474147,"Jul 31, 2021, 12:14:51 PM",Evening Ride,Ride,,3,0,,,,,Black Gold,activities/6079438692.fit.gz,,9.5,3.0,3.0,0.0,0.0,0.0,0.0,0.0,622.4,623.0,0.0,0.0,,,,,,,,0.0,,,31.0,,,,,,,,,,,,,,0.0,,1.0,,,,,,,,,,,,,,,,7940261.0,,,,,,,,,,,,0.0,,,,,,,,,,,,,,,,,,,,,,""
5715435296,"Jul 31, 2021, 12:07:45 PM",Evening Ride,Ride,,23,0,,,,,Black Gold,activities/6079397412.fit.gz,,9.5,23.0,23.0,0.0,0.0,0.0,0.0,0.0,623.2,623.8,0.0,0.0,,,,,,,,0.0,,,30.0,,,,,,,,,,,,,,0.0,,1.0,,,,,,,,,,,,,,,,7940261.0,,,,,,,,,,,,0.0,,,,,,,,,,,,,,,,,,,,,,""
5672104623,"Jul 23, 2021, 12:40:04 AM",Morning Ride on new bike,Ride,First ride of the hybrid in pune,8054,39.56,,,,,Road sweeper,activities/6033905820.fit.gz,,9.5,8054.0,6192.0,39560.9,11.8,6.389,170.0,162.0,635.0,684.0,19.8,0.0,,,110.0,59.0,,,,158.0,1424.0,,25.0,,,,,,,2.0,,,,,,29.0,0.0,,1.0,,,,,,,,,,,,,,,,9402698.0,,,,,,,,,,,,4.912,8599.7,,,,,,,,,,,,,,,,,,,,,""
5648611008,"Jul 18, 2021, 12:45:11 AM",Morning Ride,Ride,"",12234,41.05,,,,,Black Gold,activities/6009437307.fit.gz,,9.5,12234.0,6925.0,41054.0,13.9,5.928,252.0,237.0,608.2,702.2,40.8,0.0,,,133.0,57.0,,,,93.0,1585.0,,25.0,,,,,,,,,,,,,,0.0,,1.0,,,,,,,,,,,,,,,,7940261.0,,,,,,,,,,,,3.356,22866.0,,,,,,,,,,,,,,,,,,,,,""
5648629242,"Jul 17, 2021, 12:27:56 AM",Morning Ride,Ride,,14529,54.84,,,,,Black Gold,activities/6009455615.fit.gz,,9.5,14529.0,8691.0,54845.0,12.1,6.311,243.0,254.0,590.4,644.0,44.0,0.0,,,99.0,61.0,,,,101.0,2164.0,,26.0,,,,,,,,,,,,,,0.0,,1.0,,,,,,,,,,,,,,,,7940261.0,,,,,,,,,,,,3.775,13898.4,,,,,,,,,,,,,,,,,,,,,""
5629591829,"Jul 15, 2021, 12:20:32 AM",Morning Ride,Ride,,13092,44.60,,,,,Black Gold,activities/5629591829.fit,,9.5,13092.0,8118.0,44602.5,12.5,5.494,294.3,299.2,554.2,653.4,9.7,0.0,,,,,,,,101.0,914.0,,,,,,,,,,,,,,,,0.0,,1.0,,,,,,,,,,,,,,,,7940261.0,,,,,,,,,,,,3.407,,,,,,,,,,,,,,,,,,,,,,""
5624225485,"Jul 14, 2021, 12:46:06 AM",Back to pune ride,Ride,"",8271,39.12,,,,,Black Gold,activities/5983992880.fit.gz,,9.5,8271.0,6906.0,39121.0,12.0,5.665,208.5,216.0,550.3,623.4,42.1,0.0,,,92.0,55.0,,,,74.0,1427.0,,24.0,,,,,,,,,,,,,,0.0,,1.0,,,,,,,,,,,,,,,,7940261.0,,,,,,,,,,,,4.73,19347.4,,,,,,,,,,,,,,,,,,,,,""
5576781153,"Jul 5, 2021, 12:13:42 AM",Morning Ride,Ride,,4449,24.50,152.0,14,,,Black Gold,activities/5576781153.gpx,,9.5,4449.0,4309.0,24501.2,10.1,5.686,28.9,26.6,5.1,16.1,6.6,0.0,,,,,,123.0,,71.0,343.0,,,14.0,,,,,,,,,,,0.0,,0.0,,1.0,,,,,,,,,,,,,,,,7940261.0,,,,,,,,,,,,,,,,,,,,,,,,,,,,,,,,,,""
5571141915,"Jul 4, 2021, 12:05:32 AM",Finding new roads,Ride,"",7042,41.42,158.0,24,,,Road sweeper,activities/5571141915.gpx,,13.0,7042.0,6364.0,41427.7,10.0,6.51,35.4,35.3,2.4,16.1,6.3,0.0,,,,,,126.0,,166.0,1178.0,,,24.0,,,,,,4.0,,,,,0.0,70.0,0.0,,1.0,,,,,,,,,,,,,,,,9402698.0,,,,,,,,,,,,,,,,,,,,,,,,,,,,,,,,,,media/93a5e8b5-c3cf-4c4f-b04c-9cf446e702e7.jpg
5565831962,"Jul 3, 2021, 12:01:20 AM",Long ride: first 50+ on new bike,Ride,"",9398,59.48,168.0,47,,,Road sweeper,activities/5565831962.gpx,,9.5,9398.0,8009.0,59480.8,11.0,7.427,38.4,38.7,2.5,16.1,6.0,0.0,,,,,,136.0,,198.0,1770.0,,,47.0,,,,,,,,,,,0.0,,0.0,,1.0,,,,,,,,,,,,,,,,9402698.0,,,,,,,,,,,,,,,,,,,,,,,,,,,,,,,,,,media/d800ee76-464f-4c1c-a5fb-a85e7c32d2a2.jpg|media/1629241e-c2ad-4b17-831e-44ed42607ef2.jpg|media/26d63620-4510-4996-ac91-246b6a642d62.jpg
5555994053,"Jul 1, 2021, 12:19:58 AM",Relaxed ride: Chennai,Ride,"",6310,36.64,158.0,28,,,Road sweeper,activities/5555994053.gpx,,9.5,6310.0,5868.0,36643.8,9.9,6.245,35.8,35.7,3.1,16.1,6.8,0.0,,,,,,133.0,,160.0,1048.0,,,28.0,,,,,,,,,,,0.0,,0.0,,1.0,,,,,,,,,,,,,,,,9402698.0,,,,,,,,,,,,,,,,,,,,,,,,,,,,,,,,,,""
5550854159,"Jun 30, 2021, 12:10:32 AM",New roads discovery ride,Ride,Chennai: very windy conditions,5389,31.94,162.0,24,,,Road sweeper,activities/5550854159.gpx,,9.5,5389.0,4945.0,31942.2,15.9,6.459,29.8,30.2,3.1,15.5,8.0,0.0,,,,,,133.0,,163.0,899.0,,,24.0,,,,,,4.0,,,,,0.0,54.0,0.0,,1.0,,,,,,,,,,,,,,,,9402698.0,,,,,,,,,,,,,,,,,,,,,,,,,,,,,,,,,,media/320aa535-e9f4-489b-a13b-4b59384cef16.jpg
5534920435,"Jun 27, 2021, 12:09:27 AM",First ride on the new bike in a windy Chennai,Ride,"",5433,36.79,175.0,59,,,Road sweeper,activities/5534920435.gpx,,9.5,5433.0,5221.0,36789.0,10.0,7.046,23.9,24.2,2.4,16.1,6.4,0.0,,,,,,148.0,,188.0,1092.0,,,59.0,,,,,,,,,,,0.0,,0.0,,1.0,,,,,,,,,,,,,,,,9402698.0,,,,,,,,,,,,,,,,,,,,,,,,,,,,,,,,,,media/a7aa0a83-4356-4545-a43f-dfaa731a75ae.jpg
5508794377,"Jun 22, 2021, 1:25:43 AM",Morning Walk,Walk,,3325,4.56,,,,,,activities/5508794377.gpx,,,3325.0,3226.0,4562.2,2.6,1.414,11.5,11.7,6.8,11.0,10.1,0.0,,,,,,,,,504.0,,,,,,,,,,,,,,0.0,,0.0,,1.0,,,,,,,,,,,,,,,,,,,,,,,,,,,,,,,,,,,,,,,,,,,,,,,,,,""
6027064316,"Jun 21, 2021, 1:11:39 AM",Morning Run,Run,,654,1.00,171.0,15,,,,activities/6405752568.fit.gz,,,654.0,592.0,1007.9,2.4,1.703,0.0,22.0,9.4,9.5,0.3,0.0,,,85.0,81.0,,165.0,,,82.0,,,15.0,,,,,,,,,,,,,0.0,,1.0,1008.0,,,,,,,,,,,,,,,,,,,,,,,,,,0.0,1.541,,,,,,,,,,,,,,,,,,,,,,""
5492718212,"Jun 19, 2021, 1:01:02 AM",Morning Walk,Walk,,2547,3.53,,,,,,activities/5492718212.gpx,,,2547.0,2484.0,3533.5,3.7,1.423,9.5,9.6,6.3,11.0,13.2,0.0,,,,,,,,,391.0,,,,,,,,,,,,,,0.0,,0.0,,1.0,,,,,,,,,,,,,,,,,,,,,,,,,,,,,,,,,,,,,,,,,,,,,,,,,,""
5471754744,"Jun 15, 2021, 2:44:03 AM",Morning Ride,Ride,,2845,12.35,173.0,19,,,Black Gold,activities/5825025193.fit.gz,,9.5,2845.0,2408.0,12349.3,11.8,5.128,87.0,65.0,611.0,650.6,24.4,0.2,,,91.0,57.0,,143.0,,81.0,441.0,,28.0,19.0,,,,,,,,,,,,,0.0,,1.0,,,,,,,,,,,,,,,,7940261.0,,,,,,,,,,,,,2941.6,,,,,,,,,,,,,,,,,,,,,""
5471754667,"Jun 15, 2021, 12:24:36 AM",Morning Ride,Ride,,7240,43.11,175.0,52,,,Black Gold,activities/5825025099.fit.gz,,9.5,7240.0,6338.0,43110.2,12.9,6.802,220.0,234.0,555.6,596.9,17.1,0.0,,,98.0,60.0,,142.0,,99.0,1015.0,,26.0,52.0,,,,,,,,,,,,,0.0,,1.0,,,,,,,,,,,,,,,,7940261.0,,,,,,,,,,,,,3266.3,,,,,,,,,,,,,,,,,,,,,""
5454656912,"Jun 12, 2021, 1:57:22 AM",Morning Ride with friends and to Amma Pakoda,Ride,"",8766,11.96,,,,,Black Gold,activities/5807206138.fit.gz,,9.5,8766.0,2928.0,11960.9,9.7,4.085,106.0,105.0,641.2,699.0,49.4,0.0,,,94.0,53.0,,,,66.0,433.0,,28.0,,,,,,,1.0,,,,,,6.0,0.0,,1.0,,,,,,,,,,,,,,,,7940261.0,,,,,,,,,,,,,11375.6,,,,,,,,,,,,,,,,,,,,,""
5454656920,"Jun 11, 2021, 11:39:35 PM",Morning Ride: Trying a new route. Solo ride,Ride,excellent road quality on the entire route,8257,34.96,,,,,Black Gold,activities/5807206135.fit.gz,,9.5,8257.0,6066.0,34962.8,12.5,5.764,177.0,179.0,616.8,671.8,16.2,0.0,,,104.0,59.0,,,,82.0,1296.0,,25.0,,,,,,,5.0,,,,,,109.0,0.0,,1.0,,,,,,,,,,,,,,,,7940261.0,,,,,,,,,,,,,8330.1,,,,,,,,,,,,,,,,,,,,,""
5450060236,"Jun 11, 2021, 3:18:33 AM",Morning ride,Ride,"",900,3.80,,,true,,Black Gold,,,9.5,900.0,900.0,3800.0,,4.222,,,,,,0.0,,,,,,,,,,,,,,,,,,2.0,,,,,0.0,4.0,1.0,,0.0,,,,,,,,,,,,,,,,7940261.0,,,,,,,,,,,,,,,,,,,,,,,,,,,,,,,,,,""
5449484503,"Jun 11, 2021, 1:16:01 AM",Morning Ride,Ride,,617,3.77,,,,,Black Gold,activities/5449484503.gpx,,9.5,617.0,596.0,3776.2,12.1,6.336,12.5,47.9,560.5,595.9,4.2,-0.9,,,,,,,,69.0,46.0,,,,,,,,,,,,,,0.0,,0.0,,1.0,,,,,,,,,,,,,,,,7940261.0,,,,,,,,,,,,,2194.2,,,,,,,,,,,,,,,,,,,,,""
5445265097,"Jun 10, 2021, 9:01:40 AM",Afternoon Walk,Walk,,3176,3.33,,,,,,activities/5445265097.gpx,,,3176.0,2351.0,3334.0,4.5,1.418,5.2,39.6,566.3,600.8,12.8,-1.0,,,,,,,,,344.0,,,,,,,,,,,,,,0.0,,0.0,,1.0,,,,,,,,,,,,,,,,,,,,,,,,,,,,,1037.1,,,,,,,,,,,,,,,,,,,,,""
5444324671,"Jun 9, 2021, 11:42:41 PM",Morning Ride: Aundh+NDA Gate,Ride,"",13409,61.29,173.0,58,,,Black Gold,activities/5796426478.fit.gz,,9.5,13409.0,10410.0,61294.8,12.7,5.888,437.7,375.0,545.3,653.4,20.0,0.0,,,106.0,58.0,,133.0,,90.0,1422.0,,24.0,58.0,,,,,,3.0,,,,,,86.0,0.0,,1.0,,,,,,,,,,,,,,,,7940261.0,,,,,,,,,,,,,24197.6,,,,,,,,,,,,,,,,,,,,,""
5432600128,"Jun 7, 2021, 11:47:48 PM",Easy necklace ride,Ride,A little bit of pain in hamstring due to yesterday's gym session,13067,58.92,185.0,60,,,Black Gold,activities/5784207694.fit.gz,,9.5,13067.0,9809.0,58926.1,13.4,6.007,712.0,346.0,251.8,683.0,9.4,0.6,,,235.0,59.0,,134.0,,96.0,1393.0,,25.0,60.0,,,,,,2.0,,,,,,46.0,0.0,,1.0,,,,,,,,,,,,,,,,7940261.0,,,,,,,,,,,,,24455.8,,,,,,,,,,,,,,,,,,,,,""
5428452950,"Jun 7, 2021, 6:45:20 AM",Lunch walk to collect photos,Walk,"",2400,3.30,,,,,,,,,2400.0,2400.0,3300.0,,1.375,,,,,,0.0,,,,,,,,,365.0,,,,,,,,,,,,,,0.0,,0.0,,0.0,,,,,,,,,,,,,,,,,,,,,,,,,,,,,,,,,,,,,,,,,,,,,,,,,,""
5421012438,"Jun 6, 2021, 1:19:46 AM",Reco Ride to CC and Sambar to celebrate Rajeev kaka's birthday,Ride,Extremely wet roads. Got a dirty bike and jersey,11361,35.65,173.0,33,,,Black Gold,activities/5772110466.fit.gz,,9.5,11361.0,5828.0,35651.5,11.4,6.117,218.0,224.0,562.4,668.2,39.2,0.0,,,99.0,60.0,,133.0,,96.0,870.0,,25.0,33.0,,,,,,3.0,,,,,,48.0,0.0,,1.0,,,,,,,,,,,,,,,,7940261.0,,,,,,,,,,,,,16862.1,,,,,,,,,,,,,,,,,,,,,""
5415164766,"Jun 4, 2021, 11:46:29 PM",100 Kms PB. This ride makes my covid recovery official,Ride,Extremely Pleasant riding weather.  Good overcast skies with no rains. ,20290,105.57,185.0,143,,,Black Gold,activities/5765977737.fit.gz,,9.5,20290.0,14530.0,105576.5,14.7,7.266,657.4,626.0,555.7,645.3,32.3,0.0,,,175.0,61.0,,145.0,,126.0,2441.0,,25.0,143.0,,,,,,4.0,,,,,0.0,161.0,0.0,,1.0,,,,,,,,,,,,,,,,7940261.0,,,,,,,,,,,,,20584.8,,,,,,,,,,,,,,,,,,,,,media/11b26df2-6024-46f1-a07e-56bb6a785751.jpg|media/e5aabdc0-f9da-4e56-8993-62faebb38953.jpg|media/90b62fe5-e3e2-4ab5-b79d-5bf8fbbc0092.jpg|media/17756ba7-754e-430c-8cef-377957724fa4.jpg
5410485555,"Jun 4, 2021, 6:09:52 AM",Lunch Walk from Ozone to Janata bank,Walk,"",3042,4.50,155.0,9,,,,activities/5410485555.gpx,,,3042.0,3020.0,4508.4,5.6,1.493,34.8,12.2,556.1,587.0,10.0,0.5,,,,,,122.0,,,499.0,,,9.0,,,,,,,,,,,0.0,,0.0,,1.0,,,,,,,,,,,,,,,,,,,,,,,,,,,,,2715.8,,,,,,,,,,,,,,,,,,,,,""
5398297154,"Jun 2, 2021, 3:12:16 AM",Morning Walk,Walk,,1709,1.95,,,,,,activities/5398297154.gpx,,,1709.0,1553.0,1956.0,2.6,1.259,5.0,43.5,621.2,666.1,22.7,-2.0,,,,,,,,,216.0,,,,,,,,,,,,,,0.0,,0.0,,1.0,,,,,,,,,,,,,,,,,,,,,,,,,,,,,,,,,,,,,,,,,,,,,,,,,,""
5398244690,"Jun 2, 2021, 1:59:24 AM",Morning Hike,Hike,,4251,2.58,185.0,22,,,,activities/5398244690.gpx,,,4251.0,2483.0,2583.6,2.6,1.041,215.8,220.5,663.0,843.8,50.0,-0.2,,,,,,140.0,,,286.0,,,22.0,,,,,,,,,,,0.0,,0.0,,1.0,,,,,,,,,,,,,,,,,,,,,,,,,,,,,,,,,,,,,,,,,,,,,,,,,,""
5415164506,"May 31, 2021, 11:31:30 PM",Morning Ride to CC,Ride,"Aborted due to broken spoke at CC. IDK why I have such bad luck with auto guys, he took a F**k**g 240 rs to drop me home from CC",3461,19.70,188.0,23,,,Black Gold,activities/5765977518.fit.gz,,9.5,3461.0,3097.0,19703.9,11.8,6.362,157.6,91.0,553.3,652.6,17.5,0.3,,,98.0,59.0,,139.0,,112.0,544.0,,24.0,23.0,,,,,,4.0,,,,,,34.0,0.0,,1.0,,,,,,,,,,,,,,,,7940261.0,,,,,,,,,,,,,9277.5,,,,,,,,,,,,,,,,,,,,,""
5386786143,"May 31, 2021, 12:07:10 AM",Morning Ride,Ride,,11252,44.71,184.0,51,,,Black Gold,activities/5736348162.fit.gz,,9.5,11252.0,7764.0,44716.4,12.8,5.759,273.4,286.0,556.1,653.4,27.4,0.0,,,162.0,59.0,,134.0,,85.0,1037.0,,26.0,51.0,,,,,,,,,,,,,0.0,,1.0,,,,,,,,,,,,,,,,7940261.0,,,,,,,,,,,,,21831.8,,,,,,,,,,,,,,,,,,,,,""
5374822233,"May 29, 2021, 12:35:59 AM",Morning Ride to Dehu rd->Wakad->Kiran->CC-> Suncity,Ride,"",14600,72.99,188.0,126,,,Black Gold,activities/5723856493.fit.gz,,9.5,14600.0,10574.0,72990.7,14.2,6.903,409.0,402.0,555.8,643.6,23.5,0.0,,,120.0,63.0,,147.0,,111.0,1723.0,,29.0,126.0,,,,,,5.0,,,,,0.0,190.0,0.0,,1.0,,,,,,,,,,,,,,,,7940261.0,,,,,,,,,,,,,11108.6,,,,,,,,,,,,,,,,,,,,,media/fbf21db7-2c10-4cac-a520-391d047c9386.jpg|media/dfb46412-87b0-410d-aa1c-109df883e758.jpg|media/c09e9807-f831-4e54-90c1-9ee75870da2e.jpg
5369847794,"May 28, 2021, 2:12:07 AM",Recovery ride,Ride,,2658,8.64,,,,,Black Gold,activities/5369847794.gpx,,9.5,2658.0,1792.0,8644.2,8.9,4.824,52.4,57.4,579.9,601.0,9.0,-0.1,,,,,,,,80.0,161.0,,,,,,,,,,,,,,0.0,,0.0,,1.0,,,,,,,,,,,,,,,,7940261.0,,,,,,,,,,,,,8080.5,,,,,,,,,,,,,,,,,,,,,""
5364559429,"May 26, 2021, 11:23:13 PM",Morning Ride to Ravet and Sun City,Ride,"",16134,68.99,181.0,96,,,Black Gold,activities/5713166217.fit.gz,,9.5,16134.0,10857.0,68996.0,14.2,6.355,385.6,366.0,555.7,643.9,18.5,0.0,,,106.0,59.0,,141.0,,99.0,1676.0,,26.0,96.0,,,,,,4.0,,,,,,120.0,0.0,,1.0,,,,,,,,,,,,,,,,7940261.0,,,,,,,,,,,,,16182.2,,,,,,,,,,,,,,,,,,,,,""
5359083119,"May 26, 2021, 12:06:19 AM","Morning Ride to Dehu Road Phata, back via Ravet",Ride,"",11811,63.28,183.0,102,,,Black Gold,activities/5707468020.fit.gz,,9.5,11811.0,9659.0,63286.7,14.5,6.552,400.6,400.0,555.6,645.3,25.3,0.0,,,106.0,61.0,,144.0,,103.0,1577.0,,27.0,102.0,,,,,,,,,,,0.0,,0.0,,1.0,,,,,,,,,,,,,,,,7940261.0,,,,,,,,,,,,,7435.4,,,,,,,,,,,,,,,,,,,,,media/3aed8a20-1488-4ea5-9016-4693816e538f.jpg|media/eea6a540-b2c9-47ee-a1cd-d7c3f30fc7b9.jpg
5348243881,"May 24, 2021, 4:21:58 AM",Morning Ride from Dandekars' to home,Ride,"Got caught by cops at paud road Police station, for well, cycling. Mahina akher ali ki asa honarach
",2770,8.25,169.0,9,,,Black Gold,activities/5696193408.fit.gz,,9.5,2770.0,1533.0,8258.8,8.9,5.387,47.1,50.0,556.1,604.0,19.1,0.0,,,143.0,53.0,,135.0,,76.0,269.0,,34.0,9.0,,,,,,2.0,,,,,0.0,7.0,0.0,,1.0,,,,,,,,,,,,,,,,7940261.0,,,,,,,,,,,,,3180.4,,,,,,,,,,,,,,,,,,,,,media/69330726-5316-42e3-abc8-686116dbefd8.jpg
5348080405,"May 24, 2021, 2:52:05 AM",Morning Walk,Walk,This is definitely going to lower the lifespan of my cleats,1042,1.01,133.0,2,,,,activities/5348080405.gpx,,,1042.0,826.0,1017.0,2.9,1.231,4.3,14.2,592.0,604.0,5.5,-1.0,,,,,,121.0,,,112.0,,,2.0,,,,,,,,,,,0.0,,0.0,,1.0,,,,,,,,,,,,,,,,,,,,,,,,,,,,,,,,,,,,,,,,,,,,,,,,,,""
5348243821,"May 23, 2021, 11:59:40 PM","Morning Ride to Ravet, puncture on CC climb, had to replace tire",Ride,"",8469,53.74,192.0,79,,,Black Gold,activities/5696193287.fit.gz,,9.5,8469.0,7830.0,53748.8,13.4,6.864,361.0,327.0,570.6,657.0,38.5,0.1,,,116.0,63.0,,145.0,,124.0,1100.0,,25.0,79.0,,,,,,5.0,,,,,,141.0,0.0,,1.0,,,,,,,,,,,,,,,,7940261.0,,,,,,,,,,,,,4676.2,,,,,,,,,,,,,,,,,,,,,""
5338841755,"May 22, 2021, 11:49:08 AM",Afternoon Ride to complete 200 kms for the week,Ride,First week completion of 200 kms after Covid,3951,14.85,183.0,22,,,Black Gold,activities/5686378540.fit.gz,,9.5,3951.0,3462.0,14854.1,13.6,4.291,188.5,156.0,579.9,679.9,25.6,0.0,,,108.0,52.0,,132.0,,83.0,466.0,,32.0,22.0,,,,,,,,,,,,,0.0,,1.0,,,,,,,,,,,,,,,,7940261.0,,,,,,,,,,,,,10135.1,,,,,,,,,,,,,,,,,,,,,""
5332128815,"May 21, 2021, 12:04:47 AM",Morning Ride all over the place.,Ride,Even I don't remember the places I went to😂😂,12208,56.95,185.0,77,,,Black Gold,activities/5679339494.fit.gz,,9.5,12208.0,9791.0,56949.4,14.7,5.817,339.0,407.0,524.2,625.0,29.0,-0.1,,,199.0,58.0,,140.0,,90.0,1454.0,,25.0,77.0,,,,,,3.0,,,,,,81.0,0.0,,1.0,,,,,,,,,,,,,,,,7940261.0,,,,,,,,,,,,,24805.8,,,,,,,,,,,,,,,,,,,,,""
5326895461,"May 20, 2021, 12:19:08 AM",Morning Ride to dehu road,Ride,"",15008,65.84,187.0,104,,,Black Gold,activities/5673904843.fit.gz,,9.5,15008.0,10199.0,65847.8,14.3,6.456,373.1,364.0,555.8,618.4,30.6,0.0,,,117.0,61.0,,145.0,,100.0,1604.0,,26.0,104.0,,,,,,,,,,,0.0,,0.0,,1.0,,,,,,,,,,,,,,,,7940261.0,,,,,,,,,,,,,6918.3,,,,,,,,,,,,,,,,,,,,,""
5327569369,"May 19, 2021, 5:30:25 AM",Ride to cykler,Ride,"",1816,8.60,,,true,,Black Gold,,,9.5,1816.0,1816.0,8600.0,,4.736,,,,,,0.0,,,,,,,,,,,,,,,,,,2.0,,,,,0.0,8.0,1.0,,0.0,,,,,,,,,,,,,,,,7940261.0,,,,,,,,,,,,,,,,,,,,,,,,,,,,,,,,,,""
5315512865,"May 17, 2021, 11:59:01 PM",Nilesh Kaka's 51st birthday ride,Ride,On Father's S-works bike,14519,56.10,176.0,67,,,Shai-works,activities/5662128329.fit.gz,,9.5,14519.0,9784.0,56102.5,12.5,5.734,328.3,326.0,554.2,653.4,35.7,0.0,,,,,,138.0,,81.0,1387.0,,27.0,67.0,,,,,,3.0,,,,,0.0,81.0,0.0,,1.0,,,,,,,,,,,,,,,,9200790.0,,,,,,,,,,,,,28595.5,,,,,,,,,,,,,,,,,,,,,media/853757ab-56cf-4ab9-97c3-32d23811b298.jpg|media/c60e1b63-04d7-4720-9676-354e283312c5.jpg|media/e8d380bc-9c05-48da-9460-cf338bda912b.jpg
5293504693,"May 14, 2021, 12:08:13 AM",Morning Ride to CC and MNS ,Ride,First ride on new road cleats (finally migrated to them after using MTB cleats for the first 6000 kms),7694,41.46,184.0,88,,,Black Gold,activities/5639141490.fit.gz,,9.5,7694.0,6876.0,41467.6,12.0,6.031,290.7,241.0,556.2,652.7,18.0,0.1,,,113.0,63.0,,149.0,,94.0,1169.0,,25.0,88.0,,,,,,,,,,,,,0.0,,1.0,,,,,,,,,,,,,,,,7940261.0,,,,,,,,,,,,,16967.1,,,,,,,,,,,,,,,,,,,,,""
5293508981,"May 13, 2021, 6:37:49 AM",Morning Ride to Navi Peth,Ride,"",62956,2.50,140.0,1,,,Black Gold,activities/5639141473.fit.gz,,9.5,62956.0,420.0,2502.8,12.5,5.959,23.6,31.8,628.6,653.6,10.8,-0.3,,,74.0,49.0,,118.0,,66.0,31.0,,26.0,1.0,,,,,,,,,,,0.0,,,,,,,,,,,,,,,,,,,,7940261.0,,,,,,,,,,,,,1119.3,,,,,,,,,,,,,,,,,,,,,""
5293504665,"May 13, 2021, 5:10:38 AM",Morning Ride to Ozone to fit new cleats,Ride,"",5231,12.01,105.0,6,,,Black Gold,activities/5639141473.fit.gz,,9.5,5231.0,2643.0,12018.9,12.5,4.547,61.0,85.0,590.8,636.8,25.7,0.1,,,91.0,55.0,,105.0,,61.0,454.0,,36.0,6.0,,,,,,,,,,,,,0.0,,1.0,,,,,,,,,,,,,,,,7940261.0,,,,,,,,,,,,,7558.7,,,,,,,,,,,,,,,,,,,,,""
5276461646,"May 11, 2021, 12:25:02 AM",Morning Ride to CC,Ride,"",9275,36.35,180.0,46,,,Black Gold,activities/5621308147.fit.gz,,9.5,9275.0,6201.0,36350.0,12.9,5.862,255.2,244.0,555.6,652.7,49.4,0.0,,,223.0,62.0,,138.0,,87.0,1044.0,,26.0,46.0,,,,,,5.0,,,,,,113.0,0.0,,1.0,,,,,,,,,,,,,,,,7940261.0,,,,,,,,,,,,,15982.9,,,,,,,,,,,,,,,,,,,,,""
5271284392,"May 9, 2021, 11:55:00 PM",Dehu Road return- fast (atleast for me) on highway,Ride,"",12498,72.96,190.0,208,,,Black Gold,activities/5615883994.fit.gz,,9.5,12498.0,10677.0,72963.0,14.4,6.834,501.1,467.0,556.3,645.3,17.9,0.0,,,119.0,69.0,,158.0,,118.0,2127.0,,27.0,208.0,,,,,,8.0,,,,,0.0,459.0,0.0,,1.0,,,,,,,,,,,,,,,,7940261.0,,,,,,,,,,,,,5715.7,,,,,,,,,,,,,,,,,,,,,media/e56ccfcf-a7ff-447f-927d-53579de9b834.jpg|media/61db71fd-36a5-47dd-a4dd-df779a7bcdc1.jpg|media/06da2ffe-7a3e-4b99-b22b-e529968c9f33.jpg
5265180391,"May 9, 2021, 3:35:57 AM",Morning Run,Run,"",974,2.13,185.0,20,,,,activities/5265180391.gpx,,,974.0,953.0,2130.2,4.5,2.235,22.3,24.2,582.6,600.8,11.8,-0.1,,,,,,164.0,,,240.0,,,20.0,,,,,,8.0,,,,,0.0,41.0,0.0,,1.0,2170.8,,,,,,,,,,,,,,,,,,,,,,,,,,,,1417.0,,,,,,,,,,,,,,,,,,,,,""
5249348340,"May 6, 2021, 12:20:06 AM",Morning Ride To CC/NDA,Ride,"",10550,46.00,188.0,68,,,Black Gold,activities/5592857018.fit.gz,,9.5,10550.0,7887.0,46005.9,11.5,5.833,291.0,290.0,580.8,671.4,48.3,0.0,,,111.0,65.0,,140.0,,90.0,1219.0,,27.0,68.0,,,,,,6.0,,,,,,208.0,0.0,,1.0,,,,,,,,,,,,,,,,7940261.0,,,,,,,,,,,,,22669.4,,,,,,,,,,,,,,,,,,,,,""
5249348305,"May 5, 2021, 10:13:40 AM",Afternoon Ride in Sahakarnagar,Ride,Total TP ride,4641,9.70,171.0,9,,,Black Gold,activities/5592857014.fit.gz,,9.5,4641.0,2385.0,9705.8,9.2,4.07,74.2,60.0,578.9,599.0,36.0,0.0,,,122.0,50.0,,122.0,,63.0,313.0,,36.0,9.0,,,,,,2.0,,,,,,11.0,0.0,,1.0,,,,,,,,,,,,,,,,7940261.0,,,,,,,,,,,,,7099.5,,,,,,,,,,,,,,,,,,,,,""
5239841139,"May 4, 2021, 10:02:22 AM",Afternoon Walk,Walk,,3983,2.78,152.0,6,,,,activities/5239841139.gpx,,,3983.0,2170.0,2779.5,7.4,1.281,40.9,23.4,583.8,618.3,13.2,0.6,,,,,,119.0,,,287.0,,,6.0,,,,,,,,,,,0.0,,0.0,,1.0,,,,,,,,,,,,,,,,,,,,,,,,,,,,,2736.1,,,,,,,,,,,,,,,,,,,,,""
5238601740,"May 4, 2021, 12:38:05 AM",Morning Ride to NDA Gate,Ride,First 20k+ activity since Covid ,8874,42.21,186.0,61,,,Black Gold,activities/5581731180.fit.gz,,9.5,8874.0,7284.0,42210.5,13.0,5.795,309.0,286.0,539.1,653.4,18.3,0.0,,,162.0,64.0,,140.0,,91.0,1169.0,,25.0,61.0,,,,,,,,,,,,,0.0,,1.0,,,,,,,,,,,,,,,,7940261.0,,,,,,,,,,,,,22814.9,,,,,,,,,,,,,,,,,,,,,""
5238601691,"May 3, 2021, 9:45:24 AM",Afternoon Ride,Ride,"",5598,5.69,,,,,Black Gold,activities/5581731177.fit.gz,,9.5,5598.0,1389.0,5689.0,8.6,4.096,79.0,74.0,617.4,671.4,48.2,0.2,,,137.0,58.0,,,,83.0,235.0,,32.0,,,,,,,,,,,,,,0.0,,1.0,,,,,,,,,,,,,,,,7940261.0,,,,,,,,,,,,,373.6,,,,,,,,,,,,,,,,,,,,,""
5238601701,"May 1, 2021, 9:36:10 AM",Afternoon Ride,Ride,"",5638,8.22,188.0,14,,,Black Gold,activities/5581731174.fit.gz,,9.5,5638.0,2244.0,8222.1,15.5,3.664,71.0,66.0,624.4,652.0,41.2,0.1,,,161.0,48.0,,134.0,,58.0,316.0,,35.0,14.0,,,,,,,,,,,,,0.0,,1.0,,,,,,,,,,,,,,,,7940261.0,,,,,,,,,,,,,3529.2,,,,,,,,,,,,,,,,,,,,,""
5216072911,"Apr 30, 2021, 1:22:18 AM",Ride #2 Post Reecovery,Ride,"",3917,16.57,188.0,18,,,Black Gold,activities/5558290567.fit.gz,,9.5,3917.0,3356.0,16571.3,12.4,4.938,121.1,106.0,554.9,613.9,17.3,0.0,,,101.0,58.0,,133.0,,70.0,520.0,,24.0,18.0,,,,,,5.0,,,,,,60.0,0.0,,1.0,,,,,,,,,,,,,,,,7940261.0,,,,,,,,,,,,,9460.4,,,,,,,,,,,,,,,,,,,,,""
5211971020,"Apr 29, 2021, 9:28:14 AM",First proper ride* in the newly made sahakarnagar loop,Ride,*First ride after recovery from covid and cancellation of boards,2160,10.96,187.0,31,,,Black Gold,activities/5553730710.fit.gz,,9.5,2160.0,2034.0,10967.5,13.7,5.392,101.7,86.0,579.9,613.9,21.4,0.0,,,104.0,63.0,,153.0,,91.0,444.0,,33.0,31.0,,,,,,,,,,,,,0.0,,1.0,,,,,,,,,,,,,,,,7940261.0,,,,,,,,,,,,,8988.5,,,,,,,,,,,,,,,,,,,,,""
5211991281,"Apr 29, 2021, 4:55:06 AM",First commute after Covid,Ride,,1498,6.81,,,,,Black Gold,activities/5553747390.fit.gz,,9.5,1498.0,1379.0,6812.1,7.0,4.94,41.4,8.8,553.8,588.6,15.5,0.5,,,118.0,60.0,,,,76.0,117.0,,37.0,,,,,,,,,,,,,,,,,,,,,,,,,,,,,,,,7940261.0,,,,,,,,,,,,,2006.0,,,,,,,,,,,,,,,,,,,,,""
5206852580,"Apr 28, 2021, 10:36:51 AM",Afternoon Walk,Walk,Empty roads all around,5040,5.73,,,,,,activities/5206852580.gpx,,,5040.0,4813.0,5731.3,3.5,1.191,57.1,58.2,582.6,614.0,19.3,0.0,,,,,,,,,634.0,,,,,,,,,,,,,,0.0,,0.0,,1.0,,,,,,,,,,,,,,,,,,,,,,,,,,,,,4110.9,,,,,,,,,,,,,,,,,,,,,media/476faa1e-071e-4ffd-99ed-09b64070ff83.jpg
5199186610,"Apr 27, 2021, 2:06:59 AM",Morning Walk,Walk,,3494,4.17,,,,,,activities/5199186610.gpx,,,3494.0,3363.0,4172.0,2.6,1.241,57.2,53.0,582.5,614.0,13.9,0.1,,,,,,,,,431.0,,,,,,,,,,,,,,0.0,,0.0,,1.0,,,,,,,,,,,,,,,,,,,,,,,,,,,,,3291.2,,,,,,,,,,,,,,,,,,,,,""
5195106434,"Apr 26, 2021, 10:39:33 AM",Afternoon Walk,Walk,,2200,2.51,,,,,,activities/5195106434.gpx,,,2200.0,2150.0,2518.3,2.5,1.171,27.7,26.6,587.5,612.9,10.4,0.0,,,,,,,,,260.0,,,,,,,,,,,,,,0.0,,0.0,,1.0,,,,,,,,,,,,,,,,,,,,,,,,,,,,,1331.2,,,,,,,,,,,,,,,,,,,,,""
5190070729,"Apr 25, 2021, 12:39:14 PM",Evening Walk,Walk,,1408,1.72,,,,,,activities/5190070729.gpx,,,1408.0,1408.0,1727.3,2.4,1.227,6.4,9.0,598.3,603.8,6.3,-0.2,,,,,,,,,178.0,,,,,,,,,,,,,,0.0,,0.0,,1.0,,,,,,,,,,,,,,,,,,,,,,,,,,,,,1508.5,,,,,,,,,,,,,,,,,,,,,""
5183015386,"Apr 24, 2021, 11:22:19 AM",Afternoon Walk,Walk,First activity after covid-19,3189,3.50,,,,,,activities/5183015386.gpx,,,3189.0,2661.0,3506.9,5.5,1.318,37.9,42.5,587.5,601.9,12.0,-0.1,,,,,,,,,388.0,,,,,,,,,,,,,,0.0,,0.0,,1.0,,,,,,,,,,,,,,,,,,,,,,,,,,,,,2282.1,,,,,,,,,,,,,,,,,,,,,""
5064935695,"Apr 4, 2021, 12:29:54 AM",Morning Ride to CC,Ride,"",8624,33.54,174.0,30,,,Black Gold,activities/5400198406.fit.gz,,9.5,8624.0,5806.0,33546.7,15.7,5.778,246.1,224.0,555.6,653.5,40.0,0.0,,,135.0,59.0,,131.0,,88.0,845.0,,23.0,30.0,,,,,,,,,,,,,0.0,,1.0,,,,,,,,,,,,,,,,7940261.0,,,,,,,,,,,,,17436.7,,,,,,,,,,,,,,,,,,,,,""
5059127051,"Apr 3, 2021, 12:33:43 AM","Morning Ride to Ravet, Dandekars, Panchanadikars and school",Ride,"",21497,69.04,181.0,65,,,Black Gold,activities/5394085144.fit.gz,,9.5,21497.0,11401.0,69039.7,12.3,6.056,433.0,381.0,555.8,641.7,37.0,0.0,,,113.0,62.0,,132.0,,92.0,1592.0,,27.0,65.0,,,,,,,,,,,0.0,,0.0,,1.0,,,,,,,,,,,,,,,,7940261.0,,,,,,,,,,,,,12795.4,,,,,,,,,,,,,,,,,,,,,media/42df2774-5e75-40e8-8f7f-0d0d4208d52a.jpg|media/cf023466-00bb-431c-b308-6266d75f8aa1.jpg|media/4922e806-8a99-496a-8f75-44487dbdf115.jpg|media/773c7324-fc95-4b50-9182-e1d3aa5b89a6.jpg
5059126928,"Apr 2, 2021, 10:37:27 AM",Afternoon Ride to and fro Niwara Gym,Ride,"",7711,7.27,,,,,Black Gold,activities/5394085138.fit.gz,,9.5,7711.0,1748.0,7277.9,10.1,4.164,47.0,39.0,618.8,652.4,36.4,0.1,,,93.0,47.0,,,,56.0,237.0,,34.0,,,,,,,,,,,,,,0.0,,1.0,,,,,,,,,,,,,,,,7940261.0,,,,,,,,,,,,,2553.6,,,,,,,,,,,,,,,,,,,,,""
5047442622,"Apr 1, 2021, 12:10:50 AM",Kothrud darshan solo ride,Ride,,11531,51.91,172.0,61,,,Black Gold,activities/5381790004.fit.gz,,9.5,11531.0,8909.0,51918.7,14.5,5.828,326.6,319.9,554.2,653.5,18.3,0.0,,,157.0,61.0,,137.0,,87.0,859.0,,24.0,61.0,,,,,,,,,,,,,,,,,,,,,,,,,,,,,,,7940261.0,,,,,,,,,,,,,25769.0,,,,,,,,,,,,,,,,,,,,,""
5053169015,"Mar 31, 2021, 9:30:00 AM",Afternoon ride to niwara gym,Ride,"",1800,8.00,,,true,,Black Gold,,,9.5,1800.0,1800.0,8000.0,,4.444,95.0,,,,,0.0,,,,,,,,,,,,,,,,,,,,,,,,,1.0,,0.0,,,,,,,,,,,,,,,,7940261.0,,,,,,,,,,,,,,,,,,,,,,,,,,,,,,,,,,""
5053172595,"Mar 30, 2021, 9:30:00 AM",Afternoon Ride to Niwara Gym,Ride,"",1800,8.00,,,,,Black Gold,,,9.5,1800.0,1800.0,8000.0,,4.444,95.0,,,,,0.0,,,,,,,,,,,,,,,,,,,,,,,,,0.0,,0.0,,,,,,,,,,,,,,,,7940261.0,,,,,,,,,,,,,,,,,,,,,,,,,,,,,,,,,,""
5029241391,"Mar 29, 2021, 12:20:55 AM",Anna kaka's 60th birthday 60k ride,Ride,"",12091,64.77,172.0,38,,,Black Gold,activities/5362760261.fit.gz,,9.5,12091.0,10615.0,64771.3,12.4,6.102,387.3,346.0,555.8,641.7,35.3,0.0,,,140.0,63.0,,121.0,,85.0,1014.0,,25.0,38.0,,,,,,,,,,,,,0.0,,1.0,,,,,,,,,,,,,,,,7940261.0,,,,,,,,,,,,,8596.1,,,,,,,,,,,,,,,,,,,,,media/3ea9ebf7-11db-4130-a98b-7a15539d468b.jpg|media/18c7a99f-774d-4265-a886-487c703b59f4.jpg
5022821330,"Mar 28, 2021, 12:33:08 AM",Morning Ride to Ravet to recieve BRM organizers after 200k,Ride,"",11064,55.78,168.0,56,,,Black Gold,activities/5356018920.fit.gz,,9.5,11064.0,8657.0,55786.5,11.8,6.444,315.9,376.0,555.8,600.8,20.4,0.0,,,173.0,65.0,,136.0,,95.0,1109.0,,25.0,56.0,,,,,,5.0,,,,,,156.0,0.0,,1.0,,,,,,,,,,,,,,,,7940261.0,,,,,,,,,,,,,6786.2,,,,,,,,,,,,,,,,,,,,,""
5016605017,"Mar 27, 2021, 12:47:48 AM",Morning Ride TO CC,Ride,"",10434,40.20,191.0,45,,,Black Gold,activities/5349456854.fit.gz,,9.5,10434.0,7065.0,40201.9,13.8,5.69,259.2,248.0,550.6,653.4,33.3,0.0,,,107.0,64.0,,132.0,,90.0,975.0,,24.0,45.0,,,,,,,,,,,,,0.0,,1.0,,,,,,,,,,,,,,,,7940261.0,,,,,,,,,,,,,20612.4,,,,,,,,,,,,,,,,,,,,,""
5016604986,"Mar 26, 2021, 11:47:03 AM",Afternoon Ride,Ride,"",6648,8.12,,,,,Black Gold,activities/5349456852.fit.gz,,9.5,6648.0,1974.0,8120.7,10.0,4.114,62.0,68.0,559.0,623.0,17.6,-0.1,,,120.0,54.0,,,,53.0,261.0,,33.0,,,,,,,,,,,,,,0.0,,1.0,,,,,,,,,,,,,,,,7940261.0,,,,,,,,,,,,,1581.3,,,,,,,,,,,,,,,,,,,,,""
5011553604,"Mar 26, 2021, 2:15:49 AM",Morning Walk,Walk,,3163,5.58,,,,,,activities/5011553604.gpx,,,3163.0,3163.0,5579.8,13.7,1.764,44.3,43.2,584.3,614.0,24.4,0.0,,,,,,,,,576.0,,,,,,,,,,,,,,0.0,,0.0,,1.0,,,,,,,,,,,,,,,,,,,,,,,,,,,,,4745.7,,,,,,,,,,,,,,,,,,,,,""
5005926792,"Mar 25, 2021, 12:35:39 AM",NDA and sambar ,Ride,"",9682,38.45,181.0,40,,,Black Gold,activities/5338226630.fit.gz,,9.5,9682.0,6464.0,38450.9,14.8,5.948,232.8,242.0,554.0,652.3,21.4,0.0,,,106.0,62.0,,134.0,,83.0,796.0,,24.0,40.0,,,,,,,,,,,,,0.0,,1.0,,,,,,,,,,,,,,,,7940261.0,,,,,,,,,,,,,17054.8,,,,,,,,,,,,,,,,,,,,,media/fb8ab746-4d8f-4a34-91bd-d4e4fb318c5c.jpg|media/a4425ccd-fbbf-4861-82e8-8f38435df0a6.jpg|media/5474adc5-4016-41d9-981b-3aecbcb045cb.jpg
5001573808,"Mar 24, 2021, 12:00:42 PM",Afternoon Ride,Ride,,957,4.59,,,,,Black Gold,activities/5001573808.gpx,,9.5,957.0,876.0,4589.1,12.6,5.239,4.8,49.1,553.9,598.2,4.1,-1.0,,,,,,,,62.0,61.0,,,,,,,,,,,,,,0.0,,0.0,,1.0,,,,,,,,,,,,,,,,7940261.0,,,,,,,,,,,,,2592.7,,,,,,,,,,,,,,,,,,,,,""
4993927050,"Mar 23, 2021, 12:48:34 AM",Morning Ride to NDA and Sambar,Ride,"",8873,34.70,190.0,40,,,Black Gold,activities/5325672837.fit.gz,,9.5,8873.0,5751.0,34702.0,13.9,6.034,224.5,225.0,554.0,652.7,18.7,0.0,,,124.0,61.0,,136.0,,88.0,760.0,,22.0,40.0,,,,,,6.0,,,,,,154.0,0.0,,1.0,,,,,,,,,,,,,,,,7940261.0,,,,,,,,,,,,,13868.9,,,,,,,,,,,,,,,,,,,,,""
4990659963,"Mar 22, 2021, 3:03:23 PM",Evening Walk,Walk,,151,0.31,,,,,,activities/4990659963.gpx,,,151.0,151.0,310.5,5.1,2.056,0.0,1.7,594.7,599.1,4.4,-0.5,,,,,,,,,32.0,,,,,,,,,,,,,,0.0,,0.0,,1.0,,,,,,,,,,,,,,,,,,,,,,,,,,,,,165.5,,,,,,,,,,,,,,,,,,,,,""
4990753177,"Mar 22, 2021, 1:23:32 PM",Weight training in gym,Weight Training,"2x20 deadlift
2×15 calf raises
2x20 leg presses
2×20 leg curls
2x20 step training
2x15 bicep curls
2x15 ab workout",2700,0,,,,,,,,,2700.0,2700.0,0.0,,0.0,,,,,,0.0,,,,,,,,,,,,,,,,,,,,,,,0.0,,0.0,,0.0,,,,,,,,,,,,,,,,,,,,,,,,,,,,,,,,,,,,,,,,,,,,,,,,,,""
4990732495,"Mar 22, 2021, 12:10:37 PM",Treadmill walking in gym,Walk,"",600,1.00,,,,,,,,,600.0,600.0,1000.0,,1.667,,,,,,0.0,,,,,,,,,111.0,,,,,,,,,2.0,,,,,0.0,2.0,0.0,,0.0,,,,,,,,,,,,,,,,,,,,,,,,,,,,,,,,,,,,,,,,,,,,,,,,,,""
4990476227,"Mar 22, 2021, 2:25:32 AM",Morning Walk,Walk,,1712,2.23,,,,,,activities/4990476227.fit,,,1712.0,1673.0,2233.6,2.5,1.335,12.0,17.0,570.6,586.6,9.3,-0.3,,,,,,,,,231.0,,25.0,,,,,,,,,,,,,,0.0,,1.0,,,,,,,,,,,,,,,,,,,,,,,,,,,,,2122.8,,,,,,,,,,,,,,,,,,,,,""
4981917465,"Mar 21, 2021, 12:25:25 AM",Ride to recieve BRM riders and breakfast,Ride,"",12699,30.46,,,,,Black Gold,activities/5313106161.gpx.gz,,9.5,12699.0,5414.0,30462.1,13.4,5.627,188.8,193.8,571.4,619.2,33.8,0.0,,,111.0,63.0,,,,86.0,521.0,,24.0,,,,,,,,,,,,,,0.0,,1.0,,,,,,,,,,,,,,,,7940261.0,,,,,,,,,,,,,6034.9,,,,,,,,,,,,,,,,,,,,,""
4975835846,"Mar 20, 2021, 12:54:55 AM",Rawet-sambar-PYC,Ride,"",10706,48.59,,,,,Black Gold,activities/5306741153.gpx.gz,,9.5,10706.0,7356.0,48597.4,16.3,6.606,237.2,280.6,559.0,608.4,29.0,-0.1,,,109.0,65.0,,,,107.0,875.0,,23.0,,,,,,,,,,,,0.0,,0.0,,1.0,,,,,,,,,,,,,,,,7940261.0,,,,,,,,,,,,,6061.9,,,,,,,,,,,,,,,,,,,,,media/7fdf96af-36f8-465f-8b8b-4675806b1d47.jpg|media/777363d3-2e19-460d-aaa3-51f9e8e4ac50.jpg|media/0b556c22-4a91-4953-9540-7ac7e1754ba1.jpg
4975835706,"Mar 19, 2021, 12:07:08 PM",Afternoon Ride,Ride,,5843,8.43,,,,,Black Gold,activities/5306741044.fit.gz,,9.5,5843.0,1992.0,8436.6,11.8,4.235,46.0,43.0,585.2,624.4,16.3,-0.1,,,103.0,57.0,,,,56.0,273.0,,32.0,,,,,,,,,,,,,,0.0,,1.0,,,,,,,,,,,,,,,,7940261.0,,,,,,,,,,,,,2574.6,,,,,,,,,,,,,,,,,,,,,""
4970605964,"Mar 19, 2021, 2:05:42 AM",Morning Walk,Walk,,1825,2.83,,,,,,activities/4970605964.gpx,,,1825.0,1757.0,2832.9,10.1,1.612,69.9,18.3,634.8,689.4,28.6,1.8,,,,,,,,,299.0,,,,,,,,,,,,,,0.0,,0.0,,1.0,,,,,,,,,,,,,,,,,,,,,,,,,,,,,2832.9,,,,,,,,,,,,,,,,,,,,,""
4970496269,"Mar 19, 2021, 1:55:51 AM",Morning Ride,Ride,,520,0.74,,,,,Black Gold,activities/4970496269.gpx,,9.5,520.0,514.0,745.0,3.6,1.449,36.5,1.9,598.1,635.8,36.4,4.6,,,,,,,,167.0,96.0,,,,,,,,,,,,,,0.0,,0.0,,1.0,,,,,,,,,,,,,,,,7940261.0,,,,,,,,,,,,,378.7,,,,,,,,,,,,,,,,,,,,,""
4973296846,"Mar 19, 2021, 1:55:33 AM",Morning Hike,Hike,,5240,5.62,,,,,,activities/4973296846.gpx,,,5240.0,4649.0,5623.8,3.7,1.21,115.4,115.4,598.1,690.6,31.8,0.0,,,,,,,,,580.0,,,,,,,,,,,,,,,,0.0,,1.0,,,,,,,,,,,,,,,,,,,,,,,,,,,,,5177.7,,,,,,,,,,,,,,,,,,,,,""
4965497895,"Mar 18, 2021, 12:42:35 AM",Morning Ride to NDA / Kiran Chaha,Ride,"",9837,41.60,,,,,Black Gold,activities/5295921832.gpx.gz,,9.5,9837.0,7312.0,41602.5,12.3,5.69,288.4,289.4,555.5,653.4,14.9,0.0,,,100.0,61.0,,,,85.0,695.0,,27.0,,,,,,,,,,,,0.0,,0.0,,1.0,,,,,,,,,,,,,,,,7940261.0,,,,,,,,,,,,,18559.5,,,,,,,,,,,,,,,,,,,,,""
4959851756,"Mar 17, 2021, 1:36:42 AM",Taljai Repeates X3,Ride,"RETURENED HOME VIA STEEP DESCENT
",3253,12.56,,,,,Black Gold,activities/5290031535.gpx.gz,,9.5,3253.0,2994.0,12565.6,17.1,4.197,262.6,262.1,584.3,680.7,43.2,0.0,,,118.0,53.0,,,,107.0,358.0,,29.0,,,,,,,,,,,,,,0.0,,1.0,,,,,,,,,,,,,,,,7940261.0,,,,,,,,,,,,,10905.0,,,,,,,,,,,,,,,,,,,,,""
4954135052,"Mar 16, 2021, 12:46:11 AM",Morning Ride to NDA,Ride,"",9274,43.03,,,,,Black Gold,activities/5284058391.gpx.gz,,9.5,9274.0,7315.0,43030.5,21.2,5.883,302.2,300.4,556.1,653.4,23.2,0.0,,,107.0,58.0,,,,88.0,721.0,,28.0,,,,,,,,,,,,0.0,,0.0,,1.0,,,,,,,,,,,,,,,,7940261.0,,,,,,,,,,,,,20571.8,,,,,,,,,,,,,,,,,,,,,""
4950664840,"Mar 15, 2021, 12:54:58 PM",Evening Ride,Ride,,1586,4.06,,,,,Black Gold,activities/4950664840.gpx,,9.5,1586.0,1221.0,4059.7,12.7,3.325,40.1,2.3,563.0,600.8,13.6,0.9,,,,,,,,113.0,154.0,,,,,,,,,,,,,,0.0,,0.0,,1.0,,,,,,,,,,,,,,,,7940261.0,,,,,,,,,,,,,1261.2,,,,,,,,,,,,,,,,,,,,,""
4950261107,"Mar 15, 2021, 11:41:01 AM",Afternoon Ride,Ride,,740,3.93,,,,,Black Gold,activities/4950261107.gpx,,9.5,740.0,712.0,3932.0,15.4,5.522,12.4,50.1,554.5,593.1,3.8,-1.0,,,,,,,,100.0,80.0,,,,,,,,,,,,,,0.0,,0.0,,1.0,,,,,,,,,,,,,,,,7940261.0,,,,,,,,,,,,,2241.5,,,,,,,,,,,,,,,,,,,,,""
4949001396,"Mar 15, 2021, 1:59:32 AM",Morning Walk,Walk,,3294,5.09,,,,,,activities/4949001396.gpx,,,3294.0,3100.0,5094.9,10.5,1.644,41.1,41.1,579.9,600.8,21.6,0.0,,,,,,,,,526.0,,,,,,,,,,,,,,0.0,,0.0,,1.0,,,,,,,,,,,,,,,,,,,,,,,,,,,,,4978.5,,,,,,,,,,,,,,,,,,,,,""
4943000114,"Mar 14, 2021, 1:26:03 AM",Morning Ride,Ride,,11399,39.80,,,,,Black Gold,activities/5272348142.gpx.gz,,9.5,11399.0,6387.0,39804.6,11.9,6.232,182.8,191.2,536.6,591.0,18.5,0.0,,,110.0,62.0,,,,96.0,683.0,,28.0,,,,,,,,,,,,,,0.0,,1.0,,,,,,,,,,,,,,,,7940261.0,,,,,,,,,,,,,5703.6,,,,,,,,,,,,,,,,,,,,,""
4939143652,"Mar 13, 2021, 1:12:07 PM",For segment creation,Ride,,78,0.34,,,,,Black Gold,activities/4939143652.gpx,,9.5,78.0,74.0,339.3,11.6,4.585,0.0,-0.6,581.6,583.0,1.1,0.2,,,,,,,,125.0,10.0,,,,,,,,,,,,,,0.0,,0.0,,1.0,,,,,,,,,,,,,,,,7940261.0,,,,,,,,,,,,,339.3,,,,,,,,,,,,,,,,,,,,,""
4938639501,"Mar 13, 2021, 11:45:25 AM",Afternoon Ride,Ride,,828,4.39,,,,,Black Gold,activities/4938639501.gpx,,9.5,828.0,809.0,4391.1,13.4,5.428,12.7,57.4,555.2,600.8,21.4,-1.0,,,,,,,,88.0,79.0,,,,,,,,,,,,,,0.0,,0.0,,1.0,,,,,,,,,,,,,,,,7940261.0,,,,,,,,,,,,,2468.1,,,,,,,,,,,,,,,,,,,,,""
4937095732,"Mar 13, 2021, 12:48:59 AM",Morning Ride,Ride,"",13867,55.07,,,,,Black Gold,activities/5266096490.gpx.gz,,9.5,13867.0,9428.0,55077.1,13.2,5.842,325.4,325.3,554.0,653.1,26.2,0.0,,,113.0,59.0,,,,85.0,892.0,,28.0,,,,,,,,,,,,0.0,,0.0,,1.0,,,,,,,,,,,,,,,,7940261.0,,,,,,,,,,,,,17817.8,,,,,,,,,,,,,,,,,,,,,media/98c0152b-104a-4e9a-9d39-68c610fba7bd.jpg|media/78d7056c-19c9-45c8-a567-481f4f4359c9.jpg|media/b911e22c-c4a4-491b-92f5-139c78232af7.jpg|media/a430f1d7-6f29-4682-9591-e1a7c90bccd1.jpg
4932224679,"Mar 12, 2021, 12:44:49 AM",Morning Ride,Ride,"",9563,45.23,,,,,Black Gold,activities/5260938897.gpx.gz,,9.5,9563.0,7710.0,45232.5,16.5,5.867,683.6,683.4,561.9,1043.3,19.6,0.0,,,116.0,60.0,,,,113.0,967.0,,28.0,,,,,,,,,,,,0.0,,0.0,,1.0,,,,,,,,,,,,,,,,7940261.0,,,,,,,,,,,,,7866.0,,,,,,,,,,,,,,,,,,,,,media/877473d2-3975-420c-b726-840190d9b76f.jpg|media/00ed1f8a-b98d-429b-8333-f5b1f8aa6ef3.jpg|media/17cc952f-3956-4778-bc58-fd8d46f0e55b.jpg|media/1a6c6a06-fbe1-4478-8005-d371a54d48eb.jpg|media/6d1b185d-b037-43a3-8e98-7855258bfe57.jpg
4932205088,"Mar 11, 2021, 12:44:58 AM",Morning Ride,Ride,,4494,15.60,,,,,Black Gold,activities/5260918171.gpx.gz,,9.5,4494.0,2736.0,15603.6,10.9,5.703,136.2,104.4,551.4,638.2,15.3,0.2,,,91.0,48.0,,,,103.0,316.0,,27.0,,,,,,,,,,,,,,0.0,,1.0,,,,,,,,,,,,,,,,7940261.0,,,,,,,,,,,,,,,,,,,,,,,,,,,,,,,,,,""
4915748309,"Mar 9, 2021, 2:06:16 AM",Morning Walk,Walk,,6465,11.32,,,,,,activities/4915748309.gpx,,,6465.0,6465.0,11327.3,11.0,1.752,66.5,66.5,554.0,600.8,21.4,0.0,,,,,,,,,1169.0,,,,,,,,,,,,,,0.0,,0.0,,1.0,,,,,,,,,,,,,,,,,,,,,,,,,,,,,2144.6,,,,,,,,,,,,,,,,,,,,,""
4886898905,"Mar 4, 2021, 1:24:42 AM",Morning Walk,Walk,,6229,14.78,,,,,,activities/4886898905.gpx,,,6229.0,5818.0,14779.4,15.8,2.54,70.3,70.9,553.6,600.8,30.0,0.0,,,,,,,,,1525.0,,,,,,,,,,,,,,0.0,,0.0,,1.0,,,,,,,,,,,,,,,,,,,,,,,,,,,,,7607.6,,,,,,,,,,,,,,,,,,,,,""
4874883135,"Mar 2, 2021, 1:59:43 AM",Morning Walk,Walk,,4412,7.14,,,,,,activities/4874883135.gpx,,,4412.0,4011.0,7141.5,13.6,1.78,39.9,38.3,568.2,601.0,10.3,0.0,,,,,,,,,737.0,,,,,,,,,,,,,,0.0,,0.0,,1.0,,,,,,,,,,,,,,,,,,,,,,,,,,,,,2330.5,,,,,,,,,,,,,,,,,,,,,""
4847973284,"Feb 25, 2021, 5:16:22 AM",Morning Ride to school,Ride,"",5991,16.45,,,true,,Black Gold,activities/5171523941.fit.gz,,9.5,5991.0,3333.0,16458.1,10.2,4.938,89.8,73.0,557.6,601.9,15.3,0.0,,,96.0,57.0,,,,60.0,520.0,,34.0,,,,,,,,,,,,,,1.0,,1.0,,,,,,,,,,,,,,,,7940261.0,,,,,,,,,,,,,6615.2,,,,,,,,,,,,,,,,,,,,,""
4839666337,"Feb 24, 2021, 6:42:26 AM",Lunch Ride,Ride,,1293,6.39,,,,,Black Gold,activities/4839666337.gpx,,9.5,1293.0,1260.0,6391.5,24.3,5.073,19.1,46.6,556.3,594.5,6.5,-0.4,,,,,,,,97.0,136.0,,,,,,,,,,,,,,0.0,,0.0,,1.0,,,,,,,,,,,,,,,,7940261.0,,,,,,,,,,,,,4064.2,,,,,,,,,,,,,,,,,,,,,""
4839256008,"Feb 24, 2021, 1:46:11 AM",Morning Walk,Walk,,3305,5.11,,,,,,activities/4839256008.gpx,,,3305.0,3000.0,5111.6,14.0,1.704,42.8,39.0,584.3,600.9,18.8,0.1,,,,,,,,,528.0,,,,,,,,,,,,,,0.0,,0.0,,1.0,,,,,,,,,,,,,,,,,,,,,,,,,,,,,4036.2,,,,,,,,,,,,,,,,,,,,,""
4833357651,"Feb 23, 2021, 1:10:02 AM",Morning Ride with Friends,Ride,Full TP ride today,7953,22.60,,,,,Black Gold,activities/5156343199.fit.gz,,9.5,7953.0,5366.0,22606.5,13.3,4.213,127.5,126.0,554.2,614.0,18.0,0.0,,,99.0,53.0,,,,53.0,721.0,,21.0,,,,,,,1.0,,,,,,11.0,0.0,,1.0,,,,,,,,,,,,,,,,7940261.0,,,,,,,,,,,,,11238.6,,,,,,,,,,,,,,,,,,,,,""
4821317434,"Feb 21, 2021, 12:24:44 AM",Morning Ride to Dehu Road Phata,Ride,"",229841934,59.96,,,,,Black Gold,activities/5143795380.fit.gz,,9.5,229841936.0,9027.0,59963.1,12.2,6.643,342.0,333.0,512.0,585.8,48.5,0.0,,,108.0,64.0,,,,109.0,2394.0,,21.0,,,,,,,3.0,,,,,,75.0,0.0,,1.0,,,,,,,,,,,,,,,,7940261.0,,,,,,,,,,,,,8915.7,,,,,,,,,,,,,,,,,,,,,""
4814970002,"Feb 20, 2021, 12:28:45 AM","Morning Ride To MNS, Rohan Madhuban, NDA, sanewadi, prabhat road",Ride,"",10925,53.05,,,,,Black Gold,activities/5137187478.fit.gz,,9.5,10925.0,8924.0,53051.4,18.2,5.945,330.3,290.0,554.2,653.7,17.9,0.0,,,99.0,60.0,,,,91.0,2006.0,,22.0,,,,,,,4.0,,,,,,98.0,0.0,,1.0,,,,,,,,,,,,,,,,7940261.0,,,,,,,,,,,,,24649.1,,,,,,,,,,,,,,,,,,,,,""
4810079904,"Feb 19, 2021, 12:34:40 AM",Morning Ride to CC ,Ride,"was extremely bored today, and high winds caused extremely low speed",8119,37.00,,,,,Black Gold,activities/5132113801.fit.gz,,9.5,8119.0,6752.0,37001.0,13.3,5.48,251.3,234.0,555.5,653.5,19.5,0.0,,,108.0,57.0,,,,82.0,1344.0,,23.0,,,,,,,,,,,,,,0.0,,1.0,,,,,,,,,,,,,,,,7940261.0,,,,,,,,,,,,,20907.2,,,,,,,,,,,,,,,,,,,,,""
4805004208,"Feb 18, 2021, 12:38:06 AM",Rawet back via CC,Ride,"",9764,67.33,,,,,Black Gold,activities/4805004208.gpx,,9.5,9764.0,9022.0,67330.3,20.5,7.463,365.5,365.5,555.6,641.7,16.0,0.0,,,,,,,,128.0,1289.0,,,,,,,,,,,,,,0.0,,0.0,,1.0,,,,,,,,,,,,,,,,7940261.0,,,,,,,,,,,,,11578.5,,,,,,,,,,,,,,,,,,,,,media/37022407-8505-4924-b10c-8b539e3a67b2.jpg|media/28b816e2-e104-4b89-8883-7362325fcd99.jpg|media/4eb0dda4-2fe9-4ee8-841b-26a902651d37.jpg
4794196914,"Feb 16, 2021, 2:36:39 AM",Morning Walk,Walk,,2604,4.00,,,,,,activities/4794196914.gpx,,,2604.0,2118.0,4007.6,12.8,1.892,33.1,31.8,583.6,601.0,9.9,0.0,,,,,,,,,414.0,,,,,,,,,,,,,,0.0,,0.0,,1.0,,,,,,,,,,,,,,,,,,,,,,,,,,,,,3812.9,,,,,,,,,,,,,,,,,,,,,""
4786449059,"Feb 13, 2021, 12:27:52 AM",Morning Ride to lonavla,Ride,,26588,137.45,,,,,Black Gold,activities/5099431097.fit.gz,,9.5,26588.0,19942.0,137451.3,15.3,6.893,785.4,767.5,555.5,652.2,7.9,0.0,,,105.0,68.0,,,,107.0,2372.0,,26.0,,,,,,,,,,,,,,,,,,,,,,,,,,,,,,,,7940261.0,,,,,,,,,,,,,5996.0,,,,,,,,,,,,,,,,,,,,,""
4775081369,"Feb 12, 2021, 1:03:33 PM",Afternoonride,Ride,"",1620,9.00,,,,,Black Gold,,,9.5,1620.0,1620.0,9000.0,,5.556,,,,,,0.0,,,,,,,,,,,,,,,,,,,,,,,0.0,,0.0,,0.0,,,,,,,,,,,,,,,,7940261.0,,,,,,,,,,,,,,,,,,,,,,,,,,,,,,,,,,""
4775076348,"Feb 12, 2021, 11:54:20 AM",Afternoon Ride,Ride,,1712,8.52,,,,,Black Gold,activities/4775076348.gpx,,9.5,1712.0,1626.0,8528.4,17.1,5.245,47.4,60.4,555.2,601.2,8.8,-0.2,,,,,,,,96.0,173.0,,,,,,,,,,,,,,0.0,,0.0,,1.0,,,,,,,,,,,,,,,,7940261.0,,,,,,,,,,,,,6052.6,,,,,,,,,,,,,,,,,,,,,""
4786459424,"Feb 11, 2021, 12:48:31 AM",Morning Ride to NDA,Ride,,8089,33.57,,,,,Black Gold,activities/5099466258.fit.gz,,9.5,8089.0,5535.0,33572.0,14.0,6.065,255.5,269.6,556.3,653.5,8.0,0.0,,,97.0,65.0,,,,99.0,613.0,,16.0,,,,,,,,,,,,,,,,,,,,,,,,,,,,,,,,7940261.0,,,,,,,,,,,,,,,,,,,,,,,,,,,,,,,,,,""
4758123147,"Feb 9, 2021, 2:19:19 AM",Unneeded reco ride,Ride,,4774,22.42,,,,,Black Gold,activities/4758123147.gpx,,9.5,4774.0,3636.0,22420.9,19.0,6.166,93.2,95.0,554.3,600.8,16.7,0.0,,,,,,,,114.0,461.0,,,,,,,,,,,,,,0.0,,0.0,,1.0,,,,,,,,,,,,,,,,7940261.0,,,,,,,,,,,,,8761.5,,,,,,,,,,,,,,,,,,,,,""
4747704193,"Feb 7, 2021, 1:02:19 AM",Morning Ride to NDA and Sambar,Ride,"",9969,41.00,,,,,Black Gold,activities/5067479642.gpx.gz,,9.5,9969.0,6492.0,41003.6,14.0,6.316,271.2,268.3,554.0,653.4,17.5,0.0,,,120.0,64.0,,,,99.0,717.0,,17.0,,,,,,,5.0,,,,,0.0,117.0,0.0,,1.0,,,,,,,,,,,,,,,,7940261.0,,,,,,,,,,,,,21566.1,,,,,,,,,,,,,,,,,,,,,media/540d61fd-2de9-4df3-b156-3119b42b5ebd.jpg|media/c527e022-9fb7-468d-a82f-33a81bf7ba2c.jpg|media/59b5e55f-5e97-40c7-b27a-bf4d332a9410.jpg
4741717719,"Feb 6, 2021, 12:52:29 AM",Morning Ride to NDA,Ride,,13305,44.04,,,,,Black Gold,activities/5061236184.gpx.gz,,9.5,13305.0,7102.0,44048.5,30.6,6.202,317.3,317.6,554.1,653.4,22.2,0.0,,,124.0,65.0,,,,,,,18.0,,,,,,,,,,,,,,,,,,,,,,,,,,,,,,,,7940261.0,,,,,,,,,,,,,25892.0,,,,,,,,,,,,,,,,,,,,,""
4739923383,"Feb 5, 2021, 4:30:00 PM",Night Walk,Walk,"",1298,1.09,,,,,,,,,1298.0,1298.0,1090.0,,0.84,7.0,,,,,0.0,,,,,,,,,121.0,,,,,,,,,,,,,,,,0.0,,0.0,,,,,,,,,,,,,,,,,,,,,,,,,,,,,,,,,,,,,,,,,,,,,,,,,,""
4732743146,"Feb 4, 2021, 11:10:27 AM",Ride to ozone for MTB servicing,Ride,Battery low so didn't record,1255,5.40,,,,,Emerald beast,,,13.5,1255.0,1255.0,5400.0,,4.303,,,,,,0.0,,,,,,,,,,,,,,,,,,,,,,,0.0,,0.0,,0.0,,,,,,,,,,,,,,,,7940265.0,,,,,,,,,,,,,,,,,,,,,,,,,,,,,,,,,,""
4731274854,"Feb 4, 2021, 1:57:08 AM",Morning ride,Ride,Forgot to record,4020,15.90,,,,,Emerald beast,,,13.5,4020.0,4020.0,15900.0,,3.955,,,,,,0.0,,,,,,,,,,,,,,,,,,,,,,,0.0,,0.0,,0.0,,,,,,,,,,,,,,,,7940265.0,,,,,,,,,,,,,,,,,,,,,,,,,,,,,,,,,,""
4708464987,"Jan 31, 2021, 2:28:17 AM",Morning Walk,Walk,,5216,5.27,,,,,,activities/4708464987.gpx,,,5216.0,2991.0,5273.2,10.1,1.763,22.5,54.4,564.4,599.9,7.6,-0.6,,,,,,,,,583.0,,,,,,,,,,,,,,0.0,,0.0,,1.0,,,,,,,,,,,,,,,,,,,,,,,,,,,,,2671.1,,,,,,,,,,,,,,,,,,,,,""
4741714372,"Jan 30, 2021, 3:17:51 AM",Morning Ride in sahakarnagar,Ride,"by mistake, continued ride from last saturday, so elapsed time is of one blo**y week",1787,6.15,,,,,Black Gold,activities/5061236184.gpx.gz,,9.5,1787.0,1234.0,6157.0,30.6,4.989,64.0,48.1,579.9,613.9,36.8,0.3,,,0.0,0.0,,,,,,,21.0,,,,,,,4.0,,,,,0.0,13.0,0.0,,1.0,,,,,,,,,,,,,,,,7940261.0,,,,,,,,,,,,,3785.8,,,,,,,,,,,,,,,,,,,,,""
4697771435,"Jan 28, 2021, 1:33:04 PM",Evening Walk,Walk,,4665,2.99,,,,,,activities/4697771435.gpx,,,4665.0,2552.0,2993.2,1.8,1.173,38.8,38.7,584.5,614.0,8.1,0.0,,,,,,,,,331.0,,,,,,,,,,,,,,,,0.0,,1.0,,,,,,,,,,,,,,,,,,,,,,,,,,,,,2413.8,,,,,,,,,,,,,,,,,,,,,""
4693030638,"Jan 28, 2021, 12:55:24 AM",Morning Ride to CC,Ride,"",10502,37.30,,,,,Black Gold,activities/5010628640.fit.gz,,9.5,10502.0,5763.0,37304.1,14.9,6.473,257.6,254.0,553.7,652.6,25.0,0.0,,,92.0,50.0,,,,,1413.0,,18.0,,,,,,,5.0,,,,,,102.0,0.0,,1.0,,,,,,,,,,,,,,,,7940261.0,,,,,,,,,,,,,16275.5,,,,,,,,,,,,,,,,,,,,,""
4682188679,"Jan 26, 2021, 12:51:55 AM",Morning Ride to NDA first Checkpost+ Sanewadi,Ride,"",8378,46.47,,,,,Black Gold,activities/4999394308.fit.gz,,9.5,8378.0,7231.0,46477.5,12.5,6.428,272.2,268.0,554.2,653.4,26.5,0.0,,,102.0,62.0,,,,,1725.0,,17.0,,,,,,,5.0,,,,,,128.0,0.0,,1.0,,,,,,,,,,,,,,,,7940261.0,,,,,,,,,,,,,19458.4,,,,,,,,,,,,,,,,,,,,,""
4678656928,"Jan 25, 2021, 12:53:34 PM",Evening Walk,Walk,,1025,1.44,,,,,,activities/4678656928.gpx,,,1025.0,1025.0,1448.9,3.7,1.414,16.9,15.8,583.7,600.9,13.1,0.1,,,,,,,,,160.0,,,,,,,,,,,,,,0.0,,0.0,,1.0,,,,,,,,,,,,,,,,,,,,,,,,,,,,,1309.5,,,,,,,,,,,,,,,,,,,,,""
4671228478,"Jan 24, 2021, 1:10:32 AM",Morning Ride to NDA,Ride,Enjoyed a really good Blueberry Cheesecake thanks to Suresh Kaka's birthday,10116,36.18,,,,,Black Gold,activities/4987985579.fit.gz,,9.5,10116.0,6168.0,36181.6,13.8,5.866,264.7,260.0,554.2,653.5,36.1,0.0,,,137.0,61.0,,,,,1327.0,,20.0,,,,,,,3.0,,,,,,49.0,0.0,,1.0,,,,,,,,,,,,,,,,7940261.0,,,,,,,,,,,,,17370.4,,,,,,,,,,,,,,,,,,,,,""
4665360734,"Jan 23, 2021, 12:20:18 AM",Morning Ride To Talegaon Toll and back via Old Bombay-Poona road,Ride,"",16962,75.04,,,,,Black Gold,activities/4981865359.fit.gz,,9.5,16962.0,10084.0,75048.8,13.8,7.442,377.9,389.0,548.6,631.5,45.5,0.0,,,199.0,67.0,,,,,3094.0,,20.0,,,,,,,6.0,,,,,,265.0,0.0,,1.0,,,,,,,,,,,,,,,,7940261.0,,,,,,,,,,,,,9155.0,,,,,,,,,,,,,,,,,,,,,""
4655169433,"Jan 21, 2021, 12:43:23 AM",Morning Ride to NDA,Ride,"",10680,39.97,,,,,Black Gold,activities/4971250249.fit.gz,,9.5,10680.0,6022.0,39975.6,16.6,6.638,244.0,250.0,535.4,634.0,18.4,0.0,,,222.0,68.0,,,,,1557.0,,19.0,,,,,,,5.0,,,,,,108.0,0.0,,1.0,,,,,,,,,,,,,,,,7940261.0,,,,,,,,,,,,,21008.6,,,,,,,,,,,,,,,,,,,,,""
4644684548,"Jan 19, 2021, 12:38:20 AM",Morning Ride to Rawet,Ride,"",10784,47.26,,,,,Black Gold,activities/4960358503.fit.gz,,9.5,10784.0,7214.0,47264.9,14.1,6.552,268.4,258.0,554.2,601.0,41.6,0.0,,,223.0,67.0,,,,,1813.0,,21.0,,,,,,,4.0,,,,,0.0,80.0,0.0,,1.0,,,,,,,,,,,,,,,,7940261.0,,,,,,,,,,,,,7505.9,,,,,,,,,,,,,,,,,,,,,media/6c5f82f2-1246-46cf-9086-a442930e2423.jpg|media/6b943924-2bef-43c6-9041-cc81fab9dc1d.jpg
4639364622,"Jan 18, 2021, 12:19:23 AM",Morning Ride to CC from Kothrud and back via Necklace,Ride,"",4870,27.73,,,,,Black Gold,activities/4954824235.fit.gz,,9.5,4870.0,4509.0,27731.4,16.2,6.15,192.0,167.0,544.3,653.4,18.2,0.0,,,97.0,65.0,,,,,977.0,,27.0,,,,,,,5.0,,,,,,80.0,0.0,,1.0,,,,,,,,,,,,,,,,7940261.0,,,,,,,,,,,,,13357.7,,,,,,,,,,,,,,,,,,,,,""
4627406658,"Jan 16, 2021, 1:50:24 AM",Morning Ride from Ravet bridge to talegaon toll back via old highway and ended ride near spicer due to broken spoke,Ride,"",6755,34.00,,,,,Black Gold,activities/4942364804.fit.gz,,9.5,6755.0,4287.0,34005.1,13.2,7.932,155.0,165.0,559.0,637.4,24.0,0.0,,,149.0,75.0,,,,,1454.0,,22.0,,,,,,,4.0,,,,,,47.0,0.0,,1.0,,,,,,,,,,,,,,,,7940261.0,,,,,,,,,,,,,,,,,,,,,,,,,,,,,,,,,,""
4627406639,"Jan 16, 2021, 12:48:48 AM",Morning Ride to ravet bridge,Ride,"",3515,22.67,,,,,Black Gold,activities/4942364799.fit.gz,,9.5,3515.0,3429.0,22670.4,12.6,6.611,55.3,87.0,555.7,600.8,14.9,-0.1,,,100.0,71.0,,,,,364.0,,20.0,,,,,,,,,,,,,,0.0,,1.0,,,,,,,,,,,,,,,,7940261.0,,,,,,,,,,,,,3329.8,,,,,,,,,,,,,,,,,,,,,""
4617422659,"Jan 14, 2021, 2:09:54 AM",Sambar,Ride,,4780,12.56,,,true,,Black Gold,activities/4617422659.gpx,,9.5,4780.0,1969.0,12566.4,11.2,6.382,70.1,70.0,554.0,600.9,7.7,0.0,,,,,,,,,,,,,,,,,,,,,,,0.0,,1.0,,1.0,,,,,,,,,,,,,,,,7940261.0,,,,,,,,,,,,,3343.7,,,,,,,,,,,,,,,,,,,,,""
4595686802,"Jan 10, 2021, 3:58:00 AM",Morning Walk,Walk,,2069,2.82,,,,,,activities/4595686802.gpx,,,2069.0,1603.0,2821.3,7.6,1.76,23.2,23.3,582.6,601.9,9.7,0.0,,,,,,,,,312.0,,,,,,,,,,,,,,0.0,,0.0,,1.0,,,,,,,,,,,,,,,,,,,,,,,,,,,,,2345.7,,,,,,,,,,,,,,,,,,,,,""
4591582238,"Jan 9, 2021, 11:54:28 AM",Afternoon Walk,Walk,,3562,5.09,,,,,,activities/4591582238.gpx,,,3562.0,2750.0,5098.5,11.0,1.854,49.3,49.2,584.3,614.0,16.7,0.0,,,,,,,,,564.0,,,,,,,,,,,,,,0.0,,0.0,,1.0,,,,,,,,,,,,,,,,,,,,,,,,,,,,,3606.4,,,,,,,,,,,,,,,,,,,,,""
4590049308,"Jan 9, 2021, 2:24:32 AM",1.25x Lavassa,Ride,"",6372,17.69,,,,,Black Gold,activities/4903299668.fit.gz,,9.5,6372.0,4812.0,17689.7,15.5,3.676,568.0,556.0,652.7,1092.7,44.0,0.0,,,228.0,61.0,,,,,1044.0,,23.0,,,,,,,6.0,,,,,,122.0,0.0,,1.0,,,,,,,,,,,,,,,,7940261.0,,,,,,,,,,,,,,,,,,,,,,,,,,,,,,,,,,""
4589557205,"Jan 9, 2021, 12:26:27 AM",Morning Ride,Ride,,1664,8.74,,,,,Black Gold,activities/4589557205.gpx,,9.5,1664.0,1444.0,8745.4,10.5,6.056,59.4,66.4,556.1,600.8,30.1,-0.1,,,,,,,,,,,,,,,,,,,,,,,0.0,,0.0,,1.0,,,,,,,,,,,,,,,,7940261.0,,,,,,,,,,,,,5580.9,,,,,,,,,,,,,,,,,,,,,""
4586630673,"Jan 8, 2021, 12:55:40 PM",Evening Walk,Walk,,2245,2.99,,,,,,activities/4586630673.gpx,,,2245.0,1688.0,2996.9,9.3,1.775,38.3,34.3,586.5,614.0,44.3,0.1,,,,,,,,,331.0,,,,,,,,,,,,,,0.0,,0.0,,1.0,,,,,,,,,,,,,,,,,,,,,,,,,,,,,1736.5,,,,,,,,,,,,,,,,,,,,,""
4585039936,"Jan 8, 2021, 12:25:34 AM",NDA + Sanewadi ride,Ride,"",8835,45.74,,,,,Black Gold,activities/4898033927.fit.gz,,9.5,8835.0,7516.0,45746.9,19.1,6.087,303.0,283.0,554.2,653.4,18.9,0.0,,,195.0,66.0,,,,,1620.0,,22.0,,,,,,,3.0,,,,,0.0,62.0,0.0,,1.0,,,,,,,,,,,,,,,,7940261.0,,,,,,,,,,,,,25534.7,,,,,,,,,,,,,,,,,,,,,media/a23ecc31-01d9-4ec8-8fa0-69980af7c61e.jpg
4574537449,"Jan 6, 2021, 12:49:16 AM",Solo ride to NDA and back,Ride,"Necklace loop in bad state due to half the road being blocked ny road works
",7490,40.04,,,,,Black Gold,activities/4887033929.fit.gz,,9.5,7490.0,6559.0,40039.3,16.9,6.104,250.0,259.0,544.6,646.6,22.4,0.0,,,136.0,66.0,,,,,1471.0,,20.0,,,,,,,3.0,,,,,,54.0,0.0,,1.0,,,,,,,,,,,,,,,,7940261.0,,,,,,,,,,,,,21380.5,,,,,,,,,,,,,,,,,,,,,""
4568933671,"Jan 5, 2021, 12:30:51 AM",Morning Ride to CC back via Kothrud,Ride,returned to cycling after a week of being unwell and it felt good,6341,29.51,,,,,Black Gold,activities/4881169673.fit.gz,,9.5,6341.0,5058.0,29518.6,13.4,5.836,211.0,209.0,556.1,653.5,27.2,0.0,,,114.0,66.0,,,,,1060.0,,21.0,,,,,,,3.0,,,,,,41.0,0.0,,1.0,,,,,,,,,,,,,,,,7940261.0,,,,,,,,,,,,,15846.6,,,,,,,,,,,,,,,,,,,,,""
4560400831,"Jan 3, 2021, 1:44:56 PM",Evening Run,Run,,389,0.73,,,,,,activities/4560400831.gpx,,,389.0,308.0,736.6,8.7,2.392,0.0,1.1,589.1,592.2,15.0,-0.1,,,,,,,,,83.0,,,,,,,,,,,,,,0.0,,0.0,,1.0,751.0,,,,,,,,,,,,,,,,,,,,,,,,,,,,0.0,,,,,,,,,,,,,,,,,,,,,""
4551820682,"Jan 2, 2021, 1:49:57 AM",Walk in Thane,Walk,Very sad to start a year with a walk,3507,6.02,,,,,,activities/4551820682.gpx,,,3507.0,1822.0,6028.3,10.7,3.309,29.1,29.2,7.3,25.0,19.0,0.0,,,,,,,,,667.0,,,,,,,,,1.0,,,,,0.0,4.0,0.0,,1.0,,,,,,,,,,,,,,,,,,,,,,,,,,,,,,,,,,,,,,,,,,,,,,,,,,""
4568942003,"Dec 30, 2020, 11:00:00 PM",Morning Ride to DP road loop,Ride,"I was extremely unwell but decided to gon on a ride with my uncle, came back and couldn't leave the bed for the rest of the day",3600,20.00,,,,,Black Gold,,,9.5,3600.0,3600.0,20000.0,,5.556,130.0,,,,,0.0,,,,,,,,,,,,,,,,,,,,,,,,,0.0,,0.0,,,,,,,,,,,,,,,,7940261.0,,,,,,,,,,,,,,,,,,,,,,,,,,,,,,,,,,""
4522739348,"Dec 27, 2020, 4:53:47 AM",Morning Ride from Kothari Hyundai to home via Ganesh Kala Krida Manch,Ride,"",1106,5.33,,,true,,Black Gold,activities/4832303708.fit.gz,,9.5,1106.0,1032.0,5329.4,10.2,5.164,61.8,21.0,557.0,614.0,18.2,0.8,,,110.0,59.0,,,,,196.0,,26.0,,,,,,,5.0,,,,,,18.0,1.0,,1.0,,,,,,,,,,,,,,,,7940261.0,,,,,,,,,,,,,2392.8,,,,,,,,,,,,,,,,,,,,,""
4522739369,"Dec 27, 2020, 1:55:13 AM",Morning Ride to pashan circle and ravet back via old Bombay Poona Highway ,Ride,"",10690,57.63,,,,,Black Gold,activities/4832303698.fit.gz,,9.5,10690.0,8473.0,57638.7,12.3,6.803,261.7,298.0,548.6,612.8,21.2,-0.1,,,212.0,59.0,,,,,2189.0,,21.0,,,,,,,4.0,,,,,,93.0,0.0,,1.0,,,,,,,,,,,,,,,,7940261.0,,,,,,,,,,,,,11276.3,,,,,,,,,,,,,,,,,,,,,""
4517955965,"Dec 26, 2020, 12:24:37 AM",Morning Ride to Talegaon toll point,Ride,"",16269,63.04,,,,,Black Gold,activities/4827247761.fit.gz,,9.5,16269.0,9127.0,63039.0,14.4,6.907,362.2,354.0,555.8,618.4,33.9,0.0,,,175.0,61.0,,,,,2507.0,,18.0,,,,,,,4.0,,,,,,101.0,0.0,,1.0,,,,,,,,,,,,,,,,7940261.0,,,,,,,,,,,,,,,,,,,,,,,,,,,,,,,,,,""
4514535335,"Dec 25, 2020, 12:43:14 AM",Kamshet Century Ride,Ride,"Thought a Century ride would not happen in December, but or did. Although, would not be able to complete Rapha 500 challenge ",19370,102.53,,,,,Black Gold,activities/4823600559.fit.gz,,9.5,19370.0,14533.0,102534.1,14.4,7.055,605.3,640.0,555.7,652.3,22.8,0.0,,,188.0,64.0,,,,,4203.0,,21.0,,,,,,,5.0,,,,,0.0,262.0,0.0,,1.0,,,,,,,,,,,,,,,,7940261.0,,,,,,,,,,,,,6381.2,,,,,,,,,,,,,,,,,,,,,media/fab7e5b2-1cc0-449a-924f-79a546085ebd.jpg|media/f3acb85d-bed1-403c-98ce-55e6c6d42d5b.jpg|media/32967183-ca9a-4013-aa3c-5096cf19de4e.jpg|media/2c881d11-3d66-4d71-8f1d-24f1437aa52a.jpg|media/13accbba-c345-4faf-9c42-64a8c254c05a.jpg
4514534597,"Dec 24, 2020, 8:06:14 AM",Afternoon Ride to school via necklace,Ride,Broke spoke on the climb after Pashan Circle,16695,32.98,,,,,Black Gold,activities/4823599790.fit.gz,,9.5,16695.0,5986.0,32979.1,12.4,5.509,221.0,281.0,554.0,653.5,32.0,0.0,,,226.0,65.0,,,,,1195.0,,29.0,,,,,,,,,,,,0.0,,0.0,,1.0,,,,,,,,,,,,,,,,7940261.0,,,,,,,,,,,,,13612.9,,,,,,,,,,,,,,,,,,,,,""
4514533936,"Dec 23, 2020, 1:17:48 PM",Evening Ride,Ride,"",3099,7.07,,,,,Black Gold,activities/4823599114.fit.gz,,9.5,3099.0,1704.0,7070.6,14.7,4.149,109.0,112.0,593.2,685.4,46.4,0.0,,,196.0,53.0,,,,,295.0,,21.0,,,,,,,,,,,,,,0.0,,1.0,,,,,,,,,,,,,,,,7940261.0,,,,,,,,,,,,,5743.0,,,,,,,,,,,,,,,,,,,,,""
4493793441,"Dec 20, 2020, 4:00:24 AM",Morning Ride from Prabhat road to home,Ride,"",2063,5.15,,,true,,Black Gold,activities/4801677866.fit.gz,,9.5,2063.0,1347.0,5154.1,8.9,3.826,49.0,15.0,501.2,543.8,43.6,0.7,,,175.0,56.0,,,,,156.0,,23.0,,,,,,,1.0,,,,,,2.0,1.0,,1.0,,,,,,,,,,,,,,,,7940261.0,,,,,,,,,,,,,2848.4,,,,,,,,,,,,,,,,,,,,,""
4493793455,"Dec 20, 2020, 1:18:02 AM",Morning Ride to NDA,Ride,"",9724,38.26,,,,,Black Gold,activities/4801677862.fit.gz,,9.5,9724.0,5739.0,38263.6,14.8,6.667,215.0,318.0,499.4,614.6,18.0,-0.3,,,171.0,61.0,,,,,1462.0,,17.0,,,,,,,4.0,,,,,,63.0,0.0,,1.0,,,,,,,,,,,,,,,,7940261.0,,,,,,,,,,,,,21475.5,,,,,,,,,,,,,,,,,,,,,""
4489361159,"Dec 19, 2020, 12:15:53 AM",Morning Ride to shree kshetra Tulapur and shree kshetra Alandi,Ride,"",17987,80.84,,,,,Black Gold,activities/4796980308.fit.gz,,9.5,17987.0,11794.0,80839.3,12.8,6.854,442.3,419.0,547.6,612.4,29.5,0.0,,,205.0,65.0,,,,,3245.0,,21.0,,,,,,,,,,,,0.0,,0.0,,1.0,,,,,,,,,,,,,,,,7940261.0,,,,,,,,,,,,,8506.9,,,,,,,,,,,,,,,,,,,,,media/e07edb5f-0ed0-4d0b-8f13-319f48035ef1.jpg|media/3fe8863e-050a-4b45-b690-9800b612ad46.jpg|media/55be089a-1735-440c-98d5-a7d1d52719ee.jpg|media/55e1d99a-a3d7-42c3-ba1d-6d785c6690c8.jpg|media/1862cb0b-a708-4da8-8709-28990ec820c4.jpg|media/689846e7-68b2-477b-987d-e7c37eeeb296.jpg|media/f565fb52-f16a-4fea-b2ec-ffda4bc54c63.jpg|media/dc7cfe70-807f-47db-90fe-6598fb40dc28.jpg
4481684794,"Dec 17, 2020, 1:38:53 AM",Morning Ride from SP college to home via Taljai,Ride,Went on Satara road from Tilak road,2013,8.71,,,,,Black Gold,activities/4788866698.fit.gz,,9.5,2013.0,1739.0,8712.4,15.3,5.01,131.0,107.0,527.6,642.2,41.4,0.3,,,115.0,59.0,,,,,376.0,,19.0,,,,,,,3.0,,,,,,14.0,0.0,,1.0,,,,,,,,,,,,,,,,7940261.0,,,,,,,,,,,,,4938.9,,,,,,,,,,,,,,,,,,,,,""
4481684797,"Dec 17, 2020, 12:12:52 AM",Morning Ride to CC via Millenium,Ride,Stopped ride at SP college chowk at 30 kms to maintain average speed,5132,30.40,,,,,Black Gold,activities/4788866690.fit.gz,,9.5,5132.0,4613.0,30407.0,16.1,6.592,187.7,207.0,545.3,653.4,29.3,-0.1,,,220.0,61.0,,,,,1171.0,,18.0,,,,,,,4.0,,,,,0.0,51.0,0.0,,1.0,,,,,,,,,,,,,,,,7940261.0,,,,,,,,,,,,,16140.8,,,,,,,,,,,,,,,,,,,,,media/2cfc2fe7-4cc8-453f-b511-c1e9a88259e1.jpg
4477812305,"Dec 16, 2020, 12:36:55 AM",Morning Ride to Ravet,Ride,Good speed today,8850,53.32,,,,,Black Gold,activities/4784789321.fit.gz,,9.5,8850.0,7645.0,53322.1,12.5,6.975,337.5,311.0,541.5,600.8,21.5,0.0,,,176.0,64.0,,,,,2118.0,,20.0,,,,,,,4.0,,,,,0.0,84.0,0.0,,1.0,,,,,,,,,,,,,,,,7940261.0,,,,,,,,,,,,,4950.2,,,,,,,,,,,,,,,,,,,,,media/c0058f9d-9e4f-46ce-9b22-2d9cf837a0d2.jpg|media/8baa42c6-da9d-4603-a22b-5e4826978aef.jpg
4469883719,"Dec 14, 2020, 2:05:15 AM",Morning Walk,Walk,,2280,3.11,,,,,,activities/4469883719.gpx,,,2280.0,2115.0,3117.6,8.7,1.474,28.5,32.2,583.8,600.2,17.9,-0.1,,,,,,,,,345.0,,,,,,,,,,,,,,0.0,,0.0,,1.0,,,,,,,,,,,,,,,,,,,,,,,,,,,,,1758.4,,,,,,,,,,,,,,,,,,,,,""
4465078926,"Dec 12, 2020, 11:00:00 PM",Morning Ride TO CC,Ride,HAD TO CREATE MANUAL ACTIVITY AS GARMIN LOST 50KMS OF DATA,9000,50.00,,,,,Black Gold,,,9.5,9000.0,9000.0,50000.0,,5.556,300.0,,,,,0.0,,,,,,,,,,,,,,,,,,,,,,,,,0.0,,0.0,,,,,,,,,,,,,,,,7940261.0,,,,,,,,,,,,,,,,,,,,,,,,,,,,,,,,,,media/71f69696-1146-4d74-876f-aa2059945724.jpg
4460615285,"Dec 12, 2020, 4:10:34 AM",Sambar to home,Ride,"",1051,4.46,,,true,,Emerald beast,activities/4766666051.fit.gz,,9.5,1051.0,967.0,4459.2,7.2,4.611,51.0,5.0,532.2,573.8,18.6,0.9,,,,,,,,,170.0,,28.0,,,,,,,5.0,,,,,0.0,17.0,1.0,,1.0,,,,,,,,,,,,,,,,7940265.0,,,,,,,,,,,,,1936.9,,,,,,,,,,,,,,,,,,,,,""
4460615268,"Dec 12, 2020, 12:35:12 AM",Talegaon toll on MTB,Ride,"Speed was good until UG at 24 kmph but a from UG to sambar, it dipped to the current 23.8 kmph",12894,60.68,,,,,Emerald beast,activities/4766666003.fit.gz,,9.5,12894.0,9183.0,60684.3,12.4,6.608,283.0,343.0,532.6,608.6,36.7,-0.1,,,,,,,,,2384.0,,26.0,,,,,,,5.0,,,,,0.0,165.0,0.0,,1.0,,,,,,,,,,,,,,,,7940265.0,,,,,,,,,,,,,5922.3,,,,,,,,,,,,,,,,,,,,,media/6554b4d6-8216-4357-b16c-b36e1fa4ef7c.jpg
4456905370,"Dec 11, 2020, 12:54:09 AM",ride to CC. Aborted due to broken spoke in front of IISER,Ride,"",6483,24.54,,,,,Black Gold,activities/4762742841.fit.gz,,9.5,6483.0,3984.0,24548.1,16.3,6.162,150.0,163.0,540.8,632.4,31.2,-0.1,,,106.0,68.0,,,,,904.0,,21.0,,,,,,,,,,,,,,0.0,,1.0,,,,,,,,,,,,,,,,7940261.0,,,,,,,,,,,,,13560.8,,,,,,,,,,,,,,,,,,,,,""
4456905362,"Dec 10, 2020, 1:06:26 PM",ride from cyckler to home,Ride,"",1795,7.00,,,,,Black Gold,activities/4762742836.fit.gz,,9.5,1795.0,1488.0,7005.9,10.2,4.708,43.0,24.0,549.4,585.8,22.8,0.3,,,112.0,65.0,,,,,219.0,,28.0,,,,,,,,,,,,,,0.0,,1.0,,,,,,,,,,,,,,,,7940261.0,,,,,,,,,,,,,3078.7,,,,,,,,,,,,,,,,,,,,,""
4456905357,"Dec 10, 2020, 12:24:53 PM",ride to cyckler on mtb,Ride,"",1305,6.49,,,,,Emerald beast,activities/4762742831.fit.gz,,9.5,1305.0,1183.0,6498.6,11.6,5.493,19.0,39.0,562.6,597.4,33.9,-0.3,,,,,,,,,204.0,,28.0,,,,,,,3.0,,,,,,9.0,0.0,,1.0,,,,,,,,,,,,,,,,7940265.0,,,,,,,,,,,,,3819.8,,,,,,,,,,,,,,,,,,,,,""
4452781786,"Dec 10, 2020, 12:37:39 AM",Morning Ride to CC,Ride,"",6513,34.87,,,,,Black Gold,activities/4758422103.gpx.gz,,9.5,6513.0,4955.0,34871.8,32.8,7.038,240.1,218.8,545.4,651.9,35.3,0.1,,,108.0,71.0,,,,,,,21.0,,,,,,,4.0,,,,,0.0,55.0,0.0,,1.0,,,,,,,,,,,,,,,,7940261.0,,,,,,,,,,,2.0,,14525.9,,,,,,,,,,,,,,,,,,,,,media/fc6e004f-6b19-4ea0-913b-dc5aad86f04d.jpg
4444072835,"Dec 8, 2020, 12:05:47 AM",Morning Ride to CC,Ride,"",6438,33.42,,,,,Black Gold,activities/4749281283.fit.gz,,9.5,6438.0,5458.0,33426.5,15.8,6.124,229.2,217.0,545.5,652.3,41.7,0.0,,,130.0,66.0,,,,,1210.0,,16.0,,,,,,,,,,,,,,0.0,,1.0,,,,,,,,,,,,,,,,7940261.0,,,,,,,,,,,,,15387.6,,,,,,,,,,,,,,,,,,,,,""
4435540511,"Dec 6, 2020, 2:54:44 AM",Ride which got deleted on the garmin device,Ride,"",9001,65.25,,,,,Black Gold,,,9.5,9001.0,9001.0,65257.3,,7.25,,,,,,0.0,,,,,,,,,,,,,,,,,,7.0,,,,,0.0,287.0,0.0,,0.0,,,,,,,,,,,,,,,,7940261.0,,,,,,,,,,,,,,,,,,,,,,,,,,,,,,,,,,media/f4632331-093d-49ff-9175-48f2793598ee.jpg
4435504334,"Dec 6, 2020, 4:17:15 AM",ride from Sambar to Home,Ride,"",983,5.14,,,,,Black Gold,activities/4740249488.gpx.gz,,9.5,983.0,954.0,5139.6,10.8,5.387,70.8,25.2,555.2,614.0,20.5,0.9,,,116.0,70.0,,,,,,,24.0,,,,,,,4.0,,,,,,10.0,0.0,,1.0,,,,,,,,,,,,,,,,7940261.0,,,,,,,,,,,,,1974.9,,,,,,,,,,,,,,,,,,,,,""
4430976064,"Dec 4, 2020, 2:30:02 PM",Theur Ganpati Ride,Ride,"The road from magarpatta city to Theur phata was so clean that we hit an average speed of around 35Km/hr. After the right turn on to theur, only a mountain bike would be capable to go, went with an average speed of 12 km/ph. ",53522,70.44,,,,,Black Gold,activities/4735448251.gpx.gz,,9.5,53522.0,11121.0,70442.6,20.9,6.334,263.7,264.9,526.1,604.0,17.3,0.0,,,190.0,68.0,,,,,,,19.0,,,,,,,5.0,,,,,,200.0,0.0,,1.0,,,,,,,,,,,,,,,,7940261.0,,,,,,,,,,,,,26997.0,,,,,,,,,,,,,,,,,,,,,""
4423061218,"Dec 3, 2020, 12:20:02 AM",CC ride via AB chowk,Ride,"",6860,36.43,,,,,Black Gold,activities/4727070935.fit.gz,,9.5,6860.0,6134.0,36431.8,15.8,5.939,223.6,221.0,554.0,653.5,22.0,0.0,,,232.0,62.0,,,,,1320.0,,18.0,,,,,,,,,,,,,,0.0,,1.0,,,,,,,,,,,,,,,,7940261.0,,,,,,,,,,,,,15670.9,,,,,,,,,,,,,,,,,,,,,""
4418807639,"Dec 2, 2020, 12:32:03 AM",K-Top,Ride,"",7334,36.83,,,,,Black Gold,activities/4722573959.fit.gz,,9.5,7334.0,5997.0,36836.9,15.2,6.143,504.1,477.0,561.9,881.1,40.0,0.0,,,184.0,65.0,,,,,1580.0,,21.0,,,,,,,4.0,,,,,,65.0,0.0,,1.0,,,,,,,,,,,,,,,,7940261.0,,,,,,,,,,,2.0,,5221.1,,,,,,,,,,,,,,,,,,,,,""
4414366810,"Dec 1, 2020, 12:15:07 AM",cc ride,Ride,"",5196,27.66,,,,,Black Gold,activities/4717914574.fit.gz,,9.5,5196.0,4921.0,27666.0,12.1,5.622,172.3,178.0,554.0,653.5,34.1,0.0,,,189.0,62.0,,,,,961.0,,21.0,,,,,,,,,,,,,,0.0,,1.0,,,,,,,,,,,,,,,,7940261.0,,,,,,,,,,,,,13000.3,,,,,,,,,,,,,,,,,,,,,""
4408094287,"Nov 29, 2020, 2:01:20 PM",300 kms for week completion ride,Ride,"",1492,4.96,,,,,Black Gold,activities/4711283445.fit.gz,,9.5,1492.0,1220.0,4968.7,12.2,4.073,55.3,44.0,587.5,613.3,29.5,0.0,,,108.0,54.0,,,,,160.0,,24.0,,,,,,,,,,,,,,0.0,,1.0,,,,,,,,,,,,,,,,7940261.0,,,,,,,,,,,,,1881.0,,,,,,,,,,,,,,,,,,,,,""
4405081718,"Nov 29, 2020, 4:04:42 AM",ride from sambar to home,Ride,"",1211,5.31,,,true,,Black Gold,activities/4708119689.fit.gz,,9.5,1211.0,1129.0,5317.5,9.1,4.71,44.0,11.0,512.6,552.8,29.2,0.6,,,106.0,61.0,,,,,173.0,,27.0,,,,,,,3.0,,,,,,9.0,1.0,,1.0,,,,,,,,,,,,,,,,7940261.0,,,,,,,,,,,,,891.0,,,,,,,,,,,,,,,,,,,,,""
4405081731,"Nov 29, 2020, 12:53:26 AM",ride to ravet and akurdi  station,Ride,"",10089,51.70,,,,,Black Gold,activities/4708119687.fit.gz,,9.5,10089.0,7205.0,51708.3,12.9,7.177,249.0,299.0,514.2,569.2,30.0,-0.1,,,208.0,67.0,,,,,2106.0,,23.0,,,,,,,,,,,,0.0,,0.0,,1.0,,,,,,,,,,,,,,,,7940261.0,,,,,,,,,,,,,8422.9,,,,,,,,,,,,,,,,,,,,,media/f0366e14-2f9b-469e-a1da-b7c7cccf82a6.jpg|media/1af9ec34-acaa-4199-a5e0-b033308e16df.jpg|media/a2970723-4715-40b3-a7aa-909b8015b962.jpg|media/4697f5ad-13a2-488d-9d74-0841e6cb3662.jpg|media/6ce8ee13-f922-4e6f-ae1f-933210388fa6.jpg|media/edff5ffe-9c19-4030-936e-7a094206c378.jpg
4400223685,"Nov 28, 2020, 12:19:09 AM",ride to kamshet top,Ride,"there was so much head wind and crosswind thet i needed 1.5 times more power
",20577,113.91,,,,,Black Gold,activities/4702982605.fit.gz,,9.5,20577.0,16929.0,113913.6,15.4,6.729,738.4,734.0,554.2,653.5,23.1,0.0,,,193.0,66.0,,,,,4627.0,,23.0,,,,,,,6.0,,,,,,444.0,0.0,,1.0,,,,,,,,,,,,,,,,7940261.0,,,,,,,,,,,,,10191.7,,,,,,,,,,,,,,,,,,,,,""
4395985131,"Nov 27, 2020, 12:08:30 AM",cc and bremen chowk ride,Ride,"",8727,47.79,,,,,Black Gold,activities/4698481200.fit.gz,,9.5,8727.0,7087.0,47796.9,14.8,6.744,294.8,298.0,554.2,651.8,44.4,0.0,,,163.0,70.0,,,,,1832.0,,18.0,,,,,,,5.0,,,,,,126.0,0.0,,1.0,,,,,,,,,,,,,,,,7940261.0,,,,,,,,,,,,,19952.4,,,,,,,,,,,,,,,,,,,,,""
4393228726,"Nov 26, 2020, 1:30:19 PM",Evening Walk,Walk,,381,0.52,,,,,,activities/4393228726.gpx,,,381.0,381.0,521.7,2.9,1.369,8.8,1.4,577.6,586.4,9.8,1.4,,,,,,,,,58.0,,23.0,,,,,,,,,,,,,,0.0,,1.0,,,,,,,,,,,,,,,,,,,,,,,,,,,,,380.0,,,,,,,,,,,,,,,,,,,,,""
4393228255,"Nov 26, 2020, 1:15:38 PM",Evening Run,Run,,826,2.08,,,,,,activities/4393228255.gpx,,,826.0,826.0,2079.1,3.5,2.517,13.6,23.4,587.5,601.9,12.0,-0.5,,,,,,,,,230.0,,24.0,,,,,,,,,,,,,,0.0,,1.0,2082.5,,,,,,,,,,,,,,,,,,,,,,,,,,,,2079.1,,,,,,,,,,,,,,,,,,,,,""
4393226563,"Nov 26, 2020, 1:11:26 PM",Evening Walk,Walk,,225,0.38,,,,,,activities/4393226563.gpx,,,225.0,225.0,380.0,5.5,1.689,3.0,2.6,583.6,586.6,2.7,0.1,,,,,,,,,42.0,,26.0,,,,,,,,,,,,,,0.0,,1.0,,,,,,,,,,,,,,,,,,,,,,,,,,,,,372.4,,,,,,,,,,,,,,,,,,,,,""
4391663019,"Nov 26, 2020, 1:51:13 AM",Morning Ride,Ride,,3825,10.22,,,,,Black Gold,activities/4391663019.gpx,,9.5,3825.0,2746.0,10219.7,5.9,3.722,64.6,60.2,556.3,600.9,7.3,0.0,,,,,,,,,,,,,,,,,,,,,,,,,0.0,,1.0,,,,,,,,,,,,,,,,7940261.0,,,,,,,,,,,,,5311.3,,,,,,,,,,,,,,,,,,,,,""
4387044689,"Nov 25, 2020, 12:39:43 AM",Morning Ride,Ride,,8644,34.34,,,,,Black Gold,activities/4689025570.fit.gz,,9.5,8644.0,5379.0,34339.0,17.7,6.384,218.0,233.0,539.0,641.6,32.4,0.0,,,137.0,67.0,,,,,1315.0,,20.0,,,,,,,,,,,,,,0.0,,1.0,,,,,,,,,,,,,,,,7940261.0,,,,,,,,,,,,,15723.1,,,,,,,,,,,,,,,,,,,,,""
4382191050,"Nov 24, 2020, 12:06:54 AM",Quick CC ride,Ride,"",5301,32.61,,,,,Black Gold,activities/4683880489.fit.gz,,9.5,5301.0,4957.0,32610.1,14.0,6.579,261.0,267.0,529.2,625.8,35.0,0.0,,,160.0,69.0,,,,,1281.0,,19.0,,,,,,,4.0,,,,,,55.0,0.0,,1.0,,,,,,,,,,,,,,,,7940261.0,,,,,,,,,,,,,15117.4,,,,,,,,,,,,,,,,,,,,,""
4372544017,"Nov 22, 2020, 12:45:37 AM",Morning Ride to Baneshwar temple with appa,Ride,"",17735,69.19,,,,,Black Gold,activities/4673500033.fit.gz,,9.5,17735.0,11085.0,69192.0,17.6,6.242,688.3,604.0,561.9,881.7,41.7,0.0,,,239.0,62.0,,,,,2812.0,,26.0,,,,,,,,,,,,0.0,,0.0,,1.0,,,,,,,,,,,,,,,,7940261.0,,,,,,,,,,,2.0,,6298.3,,,,,,,,,,,,,,,,,,,,,""
4372536202,"Nov 21, 2020, 11:31:01 AM",Afternoon Hike,Hike,,1442,0.98,,,,,,activities/4372536202.gpx,,,1442.0,922.0,984.6,2.4,1.068,68.2,68.6,567.6,626.4,40.9,0.0,,,,,,,,,109.0,,29.0,,,,,,,,,,,,,,0.0,,1.0,,,,,,,,,,,,,,,,,,,,,,,,,,,,,,,,,,,,,,,,,,,,,,,,,,""
4367246353,"Nov 21, 2020, 1:03:42 AM",relaxed ride to nda ,Ride,"no stress on body at all except for climb after pashan circle
",13291,41.21,,,,,Black Gold,activities/4667913618.fit.gz,,9.5,13291.0,6709.0,41209.9,14.0,6.142,288.8,276.0,555.2,653.5,28.1,0.0,,,235.0,64.0,,,,,1526.0,,23.0,,,,,,,3.0,,,,,,55.0,0.0,,1.0,,,,,,,,,,,,,,,,7940261.0,,,,,,,,,,,1.0,,22312.7,,,,,,,,,,,,,,,,,,,,,""
4362975729,"Nov 20, 2020, 12:52:06 AM",Morning Ride,Ride,,11449,41.40,,,,,Black Gold,activities/4663385047.fit.gz,,9.5,11449.0,6448.0,41406.0,16.3,6.422,288.0,278.0,547.8,646.6,20.4,0.0,,,197.0,65.0,,,,,1587.0,,24.0,,,,,,,,,,,,,,0.0,,1.0,,,,,,,,,,,,,,,,7940261.0,,,,,,,,,,,,,22965.3,,,,,,,,,,,,,,,,,,,,,""
4358532912,"Nov 19, 2020, 12:49:27 AM",Morning Ride,Ride,,10099,53.05,,,,,Black Gold,activities/4658698594.fit.gz,,9.5,10099.0,8558.0,53052.8,17.3,6.199,510.0,522.0,546.4,796.0,30.1,0.0,,,143.0,62.0,,,,,2204.0,,24.0,,,,,,,,,,,,,,0.0,,1.0,,,,,,,,,,,,,,,,7940261.0,,,,,,,,,,,,,13432.8,,,,,,,,,,,,,,,,,,,,,""
4353835995,"Nov 18, 2020, 12:45:03 AM",Morning Ride,Ride,,9922,53.18,,,,,Black Gold,activities/4653739226.fit.gz,,9.5,9922.0,7525.0,53185.8,12.9,7.068,258.0,255.0,556.2,600.8,21.1,0.0,,,126.0,64.0,,,,,2160.0,,23.0,,,,,,,,,,,,,,0.0,,1.0,,,,,,,,,,,,,,,,7940261.0,,,,,,,,,,,,,6450.5,,,,,,,,,,,,,,,,,,,,,""
4348770873,"Nov 17, 2020, 12:50:48 AM",NKT back via OKT,Ride,"",6641,35.48,,,,,Black Gold,activities/4648557477.fit.gz,,9.5,6641.0,5810.0,35481.9,35.5,6.107,480.6,445.0,561.9,880.8,33.0,0.0,,,235.0,64.0,,,,,1450.0,,27.0,,,,,,,6.0,,,,,,152.0,0.0,,1.0,,,,,,,,,,,,,,,,7940261.0,,,,,,,,,,,2.0,,7530.3,,,,,,,,,,,,,,,,,,,,,""
4937574149,"Nov 16, 2020, 2:54:58 AM",Morning Ride,Ride,,2,0,,,,,Black Gold,activities/5266612241.fit.gz,,9.5,2.0,2.0,0.0,0.0,0.0,0.0,0.0,581.2,581.2,0.0,0.0,,,,,,,,0.0,,,26.0,,,,,,,,,,,,,,0.0,,1.0,,,,,,,,,,,,,,,,7940261.0,,,,,,,,,,,,,,,,,,,,,,,,,,,,,,,,,,""
4344633303,"Nov 16, 2020, 12:42:19 AM",Morning Ride,Ride,,7486,40.76,,,,,Black Gold,activities/4644164586.fit.gz,,9.5,7486.0,6140.0,40764.0,15.1,6.639,243.0,256.0,536.0,640.2,16.4,0.0,,,144.0,63.0,,,,,1557.0,,25.0,,,,,,,,,,,,,,0.0,,1.0,,,,,,,,,,,,,,,,7940261.0,,,,,,,,,,,,,22026.3,,,,,,,,,,,,,,,,,,,,,""
4339548020,"Nov 15, 2020, 1:13:04 AM",Morning Ride,Ride,,13173,47.83,,,,,Black Gold,activities/4339548020.gpx,,9.5,13173.0,7083.0,47837.2,13.7,6.754,216.4,230.0,538.2,593.6,6.9,0.0,,,,,,,,,,,21.0,,,,,,,,,,,,,,0.0,,1.0,,,,,,,,,,,,,,,,7940261.0,,,,,,,,,,,,,14695.6,,,,,,,,,,,,,,,,,,,,,""
4330169253,"Nov 13, 2020, 12:03:33 AM",Cc ravet double necklace and other points for the century ride,Ride,"",22129,100.16,,,,,Black Gold,activities/4628835865.fit.gz,,9.5,22129.0,16163.0,100160.6,15.6,6.197,566.0,577.0,520.6,635.0,39.0,0.0,,,167.0,63.0,,,,,3832.0,,26.0,,,,,,,,,,,,0.0,,0.0,,1.0,,,,,,,,,,,,,,,,7940261.0,,,,,,,,,,,,,31898.7,,,,,,,,,,,,,,,,,,,,,media/f5f7f9b0-445e-465f-96b2-9dc291fd6bb7.jpg
4287851178,"Nov 5, 2020, 12:30:27 AM",Morning Ride,Ride,,7281,32.70,,,,,Black Gold,activities/4586622349.fit.gz,,9.5,7281.0,5505.0,32705.0,12.1,5.941,201.9,190.0,554.3,653.7,17.2,0.1,,,223.0,63.0,,,,,850.0,,19.0,,,,,,,,,,,,,,0.0,,1.0,,,,,,,,,,,,,,,,7940261.0,,,,,,,,,,,,,13962.5,,,,,,,,,,,,,,,,,,,,,""
4283337139,"Nov 4, 2020, 12:34:49 AM",Morning Ride,Ride,,9404,40.63,,,,,Black Gold,activities/4581847327.fit.gz,,9.5,9404.0,6833.0,40629.0,13.9,5.946,279.6,283.0,554.2,653.7,18.4,0.0,,,217.0,63.0,,,,,1096.0,,21.0,,,,,,,,,,,,,,0.0,,1.0,,,,,,,,,,,,,,,,7940261.0,,,,,,,,,,,,,20260.9,,,,,,,,,,,,,,,,,,,,,""
4278649612,"Nov 3, 2020, 12:28:25 AM",Morning Ride,Ride,,6862,32.71,,,,,Black Gold,activities/4576903186.fit.gz,,9.5,6862.0,5235.0,32717.5,13.1,6.25,200.4,201.0,554.2,652.7,18.8,0.0,,,137.0,65.0,,,,,874.0,,21.0,,,,,,,,,,,,,,0.0,,1.0,,,,,,,,,,,,,,,,7940261.0,,,,,,,,,,,,,14380.5,,,,,,,,,,,,,,,,,,,,,""
4269807028,"Nov 1, 2020, 12:40:13 AM",Morning Ride,Ride,,13144,36.27,,,,,Black Gold,activities/4567529709.fit.gz,,9.5,13144.0,7492.0,36275.8,16.9,4.842,260.0,265.0,538.8,635.6,30.1,0.0,,,114.0,60.0,,,,,877.0,,22.0,,,,,,,,,,,,,,0.0,,1.0,,,,,,,,,,,,,,,,7940261.0,,,,,,,,,,,,,17309.6,,,,,,,,,,,,,,,,,,,,,""
4264620607,"Oct 31, 2020, 2:29:30 AM",Morning Ride,Ride,,6760,17.77,,,,,Black Gold,activities/4561982584.fit.gz,,9.5,6760.0,3086.0,17773.5,10.8,5.759,98.0,87.0,537.0,582.6,25.0,0.1,,,113.0,66.0,,,,,445.0,,24.0,,,,,,,,,,,,,,0.0,,1.0,,,,,,,,,,,,,,,,7940261.0,,,,,,,,,,,,,3242.5,,,,,,,,,,,,,,,,,,,,,""
4264620570,"Oct 31, 2020, 1:11:54 AM",Morning Ride,Ride,,3751,29.97,,,,,Black Gold,activities/4561982544.fit.gz,,9.5,3751.0,3440.0,29976.6,15.3,8.714,152.5,228.0,561.1,643.6,15.1,-0.2,,,122.0,78.0,,,,,974.0,,19.0,,,,,,,,,,,,,,0.0,,1.0,,,,,,,,,,,,,,,,7940261.0,,,,,,,,,,,,,,,,,,,,,,,,,,,,,,,,,,""
4264620536,"Oct 30, 2020, 11:49:01 PM",Morning Ride,Ride,,2782,11.07,,,,,Black Gold,activities/4561982513.fit.gz,,9.5,2782.0,2285.0,11077.4,12.5,4.848,96.0,57.0,549.4,633.4,20.6,0.4,,,89.0,65.0,,,,,301.0,,21.0,,,,,,,,,,,,,,0.0,,1.0,,,,,,,,,,,,,,,,7940261.0,,,,,,,,,,,,,6021.4,,,,,,,,,,,,,,,,,,,,,""
4256953103,"Oct 29, 2020, 12:15:18 AM",Morning Ride,Ride,,7877,35.54,,,,,Black Gold,activities/4553828234.fit.gz,,9.5,7877.0,6286.0,35545.8,12.0,5.655,238.0,253.0,534.6,638.8,22.2,0.0,,,170.0,64.0,,,,,943.0,,20.0,,,,,,,,,,,,,,0.0,,1.0,,,,,,,,,,,,,,,,7940261.0,,,,,,,,,,,,,17049.4,,,,,,,,,,,,,,,,,,,,,""
4252700427,"Oct 28, 2020, 12:24:44 AM",Morning Ride,Ride,,7411,35.36,,,,,Black Gold,activities/4549351857.fit.gz,,9.5,7411.0,6085.0,35364.5,14.8,5.812,227.5,241.0,554.2,652.1,29.3,0.0,,,105.0,66.0,,,,,915.0,,22.0,,,,,,,,,,,,,,0.0,,1.0,,,,,,,,,,,,,,,,7940261.0,,,,,,,,,,,,,17057.9,,,,,,,,,,,,,,,,,,,,,""
4248348027,"Oct 27, 2020, 12:08:05 AM",Morning Ride,Ride,,7373,35.32,,,,,Black Gold,activities/4544759393.fit.gz,,9.5,7373.0,6425.0,35319.3,16.5,5.497,256.0,268.0,549.0,652.8,37.5,0.0,,,235.0,64.0,,,,,945.0,,21.0,,,,,,,,,,,,,,0.0,,1.0,,,,,,,,,,,,,,,,7940261.0,,,,,,,,,,,,,16011.5,,,,,,,,,,,,,,,,,,,,,""
4239605090,"Oct 25, 2020, 12:45:51 AM",Morning Ride,Ride,,9832,50.76,,,,,Black Gold,activities/4535476051.fit.gz,,9.5,9832.0,8918.0,50761.9,14.9,5.692,322.0,330.0,545.8,648.4,31.0,0.0,,,134.0,66.0,,,,,1357.0,,23.0,,,,,,,,,,,,,,0.0,,1.0,,,,,,,,,,,,,,,,7940261.0,,,,,,,,,,,,,28777.5,,,,,,,,,,,,,,,,,,,,,""
4239605002,"Oct 23, 2020, 12:07:53 AM",Morning Ride,Ride,,33,0,,,,,Black Gold,activities/4535475988.fit.gz,,9.5,33.0,33.0,0.0,0.0,0.0,0.0,2.0,572.8,575.2,0.0,0.0,,,73.0,64.0,,,,,,,25.0,,,,,,,,,,,,,,0.0,,1.0,,,,,,,,,,,,,,,,7940261.0,,,,,,,,,,,,,,,,,,,,,,,,,,,,,,,,,,""
4231203018,"Oct 23, 2020, 12:13:09 AM",Morning Ride,Ride,,7178,35.34,,,,,Black Gold,activities/4231203018.gpx,,9.5,7178.0,6403.0,35346.9,15.3,5.52,253.5,254.5,554.6,653.2,10.1,0.0,,,,,,,,,,,,,,,,,,,,,,,0.0,,0.0,,1.0,,,,,,,,,,,,,,,,7940261.0,,,,,,,,,,,,,17733.2,,,,,,,,,,,,,,,,,,,,,""
4239605010,"Oct 22, 2020, 12:13:16 AM",Morning Ride,Ride,,7501,37.17,,,,,Black Gold,activities/4535475969.fit.gz,,9.5,7501.0,6805.0,37178.3,16.9,5.463,260.0,273.0,577.2,679.0,42.9,0.0,,,169.0,62.0,,,,,972.0,,23.0,,,,,,,,,,,,,,0.0,,1.0,,,,,,,,,,,,,,,,7940261.0,,,,,,,,,,,,,15606.2,,,,,,,,,,,,,,,,,,,,,""
4218353351,"Oct 20, 2020, 12:15:35 AM",Morning Ride,Ride,,7225,33.15,,,,,Black Gold,activities/4512997074.fit.gz,,9.5,7225.0,6331.0,33153.6,12.8,5.237,208.0,216.0,576.8,676.2,19.2,0.0,,,201.0,55.0,,,,,837.0,,23.0,,,,,,,,,,,,,,0.0,,1.0,,,,,,,,,,,,,,,,7940261.0,,,,,,,,,,,,,15087.7,,,,,,,,,,,,,,,,,,,,,""
4327216126,"Oct 18, 2020, 1:29:35 AM",Morning Ride,Ride,,2805,5.21,,,,,Black Gold,activities/4625702849.fit.gz,,9.5,2805.0,1727.0,5214.2,12.9,3.019,15.0,43.0,579.8,616.0,26.9,-0.5,,,84.0,62.0,,,,,114.0,,24.0,,,,,,,,,,,,,,0.0,,1.0,,,,,,,,,,,,,,,,7940261.0,,,,,,,,,,,,,2675.5,,,,,,,,,,,,,,,,,,,,,""
4204451916,"Oct 17, 2020, 12:57:37 AM",abhimanshri ride,Ride,"",5341,22.53,,,,,Black Gold,activities/4498243602.fit.gz,,9.5,5341.0,4161.0,22533.6,10.7,5.415,152.8,144.0,554.0,612.9,20.0,0.0,,,109.0,61.0,,,,,554.0,,23.0,,,,,,,3.0,,,,,,34.0,0.0,,1.0,,,,,,,,,,,,,,,,7940261.0,,,,,,,,,,,,,8563.9,,,,,,,,,,,,,,,,,,,,,""
4204451873,"Oct 14, 2020, 1:52:08 AM",Morning Ride,Ride,,3286,10.40,,,,,Black Gold,activities/4498243567.fit.gz,,9.5,3286.0,2609.0,10401.6,15.4,3.987,142.0,145.0,630.8,733.6,30.9,0.0,,,202.0,58.0,,,,,293.0,,24.0,,,,,,,,,,,,,,0.0,,1.0,,,,,,,,,,,,,,,,7940261.0,,,,,,,,,,,,,9193.6,,,,,,,,,,,,,,,,,,,,,""
4327216048,"Oct 14, 2020, 1:51:04 AM",Morning Ride,Ride,,1,0.00,,,,,Black Gold,activities/4625702781.fit.gz,,9.5,1.0,1.0,0.4,0.4,0.4,0.0,0.0,647.8,647.8,0.0,0.0,,,,,,,,,,,25.0,,,,,,,,,,,,,,0.0,,1.0,,,,,,,,,,,,,,,,7940261.0,,,,,,,,,,,,,0.4,,,,,,,,,,,,,,,,,,,,,""
4170259589,"Oct 9, 2020, 12:34:46 AM",Morning Ride,Ride,,6901,34.00,,,,,Black Gold,activities/4461811683.fit.gz,,9.5,6901.0,6065.0,34000.8,17.1,5.606,244.0,249.0,558.4,660.6,22.9,0.0,,,187.0,54.0,,,,,903.0,,24.0,,,,,,,,,,,,,,0.0,,1.0,,,,,,,,,,,,,,,,7940261.0,,,,,,,,,,,,,13031.2,,,,,,,,,,,,,,,,,,,,,""
4170258203,"Oct 9, 2020, 12:32:44 AM",Morning Ride,Ride,,38,0.06,,,,,Black Gold,activities/4461810190.fit.gz,,9.5,38.0,21.0,60.9,5.1,2.9,0.0,2.0,613.0,615.0,0.0,-3.3,,,,,,,,,,,26.0,,,,,,,,,,,,,,0.0,,1.0,,,,,,,,,,,,,,,,7940261.0,,,,,,,,,,,,,60.9,,,,,,,,,,,,,,,,,,,,,""
4166013795,"Oct 8, 2020, 12:10:30 AM",Cc ride,Ride,"",7387,36.02,,,,,Black Gold,activities/4457321671.fit.gz,,9.5,7387.0,6261.0,36025.2,16.1,5.754,233.0,246.0,557.2,658.4,40.8,0.0,,,237.0,65.0,,,,,947.0,,23.0,,,,,,,,,,,,0.0,,0.0,,1.0,,,,,,,,,,,,,,,,7940261.0,,,,,,,,,,,,,14302.8,,,,,,,,,,,,,,,,,,,,,""
4161899848,"Oct 7, 2020, 12:36:50 AM",Morning Ride,Ride,,6632,35.72,,,,,Black Gold,activities/4452965762.fit.gz,,9.5,6632.0,6169.0,35728.8,14.1,5.792,234.4,233.0,554.0,654.4,26.2,0.0,,,232.0,64.0,,,,,941.0,,23.0,,,,,,,,,,,,,,0.0,,1.0,,,,,,,,,,,,,,,,7940261.0,,,,,,,,,,,,,14215.4,,,,,,,,,,,,,,,,,,,,,""
4327215923,"Oct 6, 2020, 1:30:08 PM",Evening Ride,Ride,,46,0.03,,,,,Black Gold,activities/4625702628.fit.gz,,9.5,46.0,14.0,33.5,2.4,2.393,0.0,0.0,628.8,628.8,0.0,0.0,,,,,,,,,,,28.0,,,,,,,,,,,,,,0.0,,1.0,,,,,,,,,,,,,,,,7940261.0,,,,,,,,,,,,,0.0,,,,,,,,,,,,,,,,,,,,,""
4327215798,"Oct 6, 2020, 1:08:34 PM",Evening Ride,Ride,,1247,0.19,,,,,Black Gold,activities/4625702493.fit.gz,,9.5,1247.0,1.0,192.0,1.1,192.0,0.0,1.0,629.0,635.0,18.2,-3.0,,,,,,,,,,,28.0,,,,,,,,,,,,,,0.0,,1.0,,,,,,,,,,,,,,,,7940261.0,,,,,,,,,,,,,0.0,,,,,,,,,,,,,,,,,,,,,""
4156860202,"Oct 6, 2020, 1:08:18 AM",Morning Ride,Ride,,3165,12.05,,,,,Black Gold,activities/4156860202.gpx,,9.5,3165.0,2538.0,12052.7,13.6,4.749,94.0,94.2,576.1,600.9,13.8,0.0,,,,,,,,,,,,,,,,,,,,,,,0.0,,0.0,,1.0,,,,,,,,,,,,,,,,7940261.0,,,,,,,,,,,,,9114.0,,,,,,,,,,,,,,,,,,,,,""
4152757624,"Oct 5, 2020, 1:08:19 AM",Morning Walk,Walk,,2735,3.58,,,,,,activities/4152757624.gpx,,,2735.0,2420.0,3582.0,7.0,1.48,38.1,37.8,580.0,612.9,18.1,0.0,,,,,,,,,396.0,,,,,,,,,,,,,,0.0,,0.0,,1.0,,,,,,,,,,,,,,,,,,,,,,,,,,,,,3582.0,,,,,,,,,,,,,,,,,,,,,""
4148136753,"Oct 4, 2020, 1:27:06 AM",Morning Ride,Ride,,11405,35.00,,,,,Black Gold,activities/4148136753.gpx,,9.5,11405.0,10013.0,35008.1,12.3,3.496,223.8,223.8,553.9,653.2,14.3,0.0,,,,,,,,,,,,,,,,,,,,,,,0.0,,0.0,,1.0,,,,,,,,,,,,,,,,7940261.0,,,,,,,,,,,,,16873.3,,,,,,,,,,,,,,,,,,,,,""
4143778851,"Oct 3, 2020, 12:24:45 AM",October gran fondo,Ride,2 punctures on 2 cycles cost us about an hour of time,21786,100.17,,,,,Black Gold,activities/4143778851.gpx,,9.5,21786.0,15968.0,100168.7,15.1,6.273,722.0,721.8,554.0,653.9,28.0,0.0,,,,,,,,,,,,,,,,,,5.0,,,,,0.0,288.0,0.0,,1.0,,,,,,,,,,,,,,,,7940261.0,,,,,,,,,,,,,13667.6,,,,,,,,,,,,,,,,,,,,,media/b2da0783-86e9-4c96-bf01-b667beb97f38.jpg|media/769de519-2880-4fa2-97ba-038b0bbf38ac.jpg|media/56453048-ec68-47a0-8681-2ee88c7d300d.jpg|media/06c26081-14a5-42ed-a765-173bdd6b14b3.jpg|media/c7e7fa42-078d-460a-ae84-6d30018b3e08.jpg|media/88eb88a4-c4de-4dec-9f2a-b37b1d478506.jpg|media/69502dc7-f124-4b23-8b85-9c1357c56a3a.jpg|media/68b9f0ce-3494-4917-8e64-5f345a38de5b.jpg|media/cca7bab8-96ed-4d03-afe5-9b8e8a5a9162.jpg|media/db1ba1bf-953a-4592-be08-16e81fe89cee.jpg|media/08f536c0-81a2-4827-94c6-b7d78db44e69.jpg
4139964019,"Oct 2, 2020, 12:14:26 AM",Shastri jayanti ride with school friends,Ride,Two friends got lost on the way back home and directly returned home,13215,38.98,,,,,Black Gold,activities/4139964019.gpx,,9.5,13215.0,8099.0,38981.2,15.9,4.813,212.4,212.4,547.7,600.9,11.2,0.0,,,,,,,,,,,,,,,,,,3.0,,,,,0.0,68.0,0.0,,1.0,,,,,,,,,,,,,,,,7940261.0,,,,,,,,,,,,,11312.2,,,,,,,,,,,,,,,,,,,,,media/098d9162-fa7a-4836-963e-f1e1d8304f6e.jpg|media/9d41808e-ec68-4f6e-98e0-ed63c3a9eda7.jpg|media/adab9841-2c12-4cb3-b0ba-2987ed009731.jpg
4135421137,"Oct 1, 2020, 12:03:31 AM",Morning Ride,Ride,,8047,36.91,,,,,Black Gold,activities/4135421137.gpx,,9.5,8047.0,7122.0,36914.6,13.3,5.183,246.8,244.8,552.3,653.2,29.5,0.0,,,,,,,,,,,,,,,,,,,,,,,0.0,,0.0,,1.0,,,,,,,,,,,,,,,,7940261.0,,,,,,,,,,,,,16740.0,,,,,,,,,,,,,,,,,,,,,""
4131007719,"Sep 30, 2020, 12:32:39 AM",Morning Ride,Ride,,7514,34.02,,,,,Black Gold,activities/4131007719.gpx,,9.5,7514.0,6248.0,34023.7,14.2,5.446,243.5,243.4,554.6,653.8,8.5,0.0,,,,,,,,,,,,,,,,,,,,,,,0.0,,0.0,,1.0,,,,,,,,,,,,,,,,7940261.0,,,,,,,,,,,,,16290.5,,,,,,,,,,,,,,,,,,,,,media/5019a709-74c7-41a4-a81e-53943406cee5.jpg|media/857d6352-1932-47f3-ae96-6110b333b849.jpg
4112476578,"Sep 26, 2020, 12:05:30 AM",Morning Ride,Ride,,11138,31.66,,,,,Black Gold,activities/4112476578.gpx,,9.5,11138.0,7124.0,31665.1,16.8,4.445,217.9,217.5,552.4,654.2,13.3,0.0,,,,,,,,,,,,,,,,,,,,,,,0.0,,0.0,,1.0,,,,,,,,,,,,,,,,7940261.0,,,,,,,,,,,,,13076.8,,,,,,,,,,,,,,,,,,,,,""
4108753044,"Sep 25, 2020, 12:15:13 AM",Morning Ride,Ride,,9615,41.18,,,,,Black Gold,activities/4108753044.gpx,,9.5,9615.0,7360.0,41181.6,15.0,5.595,275.9,275.9,553.0,654.2,9.6,0.0,,,,,,,,,,,,,,,,,,,,,,,0.0,,0.0,,1.0,,,,,,,,,,,,,,,,7940261.0,,,,,,,,,,,,,20609.2,,,,,,,,,,,,,,,,,,,,,""
4104318641,"Sep 24, 2020, 1:14:34 AM",Morning Ride,Ride,,4025,21.16,,,,,Black Gold,activities/4104318641.gpx,,9.5,4025.0,3528.0,21163.8,11.2,5.999,131.0,131.0,554.0,600.9,12.1,0.0,,,,,,,,,,,,,,,,,,,,,,,0.0,,0.0,,1.0,,,,,,,,,,,,,,,,7940261.0,,,,,,,,,,,,,5352.2,,,,,,,,,,,,,,,,,,,,,""
4099834433,"Sep 23, 2020, 12:35:40 AM",Nda ride,Ride,,8241,43.36,,,,,Black Gold,activities/4099834433.gpx,,9.5,8241.0,7235.0,43363.8,22.6,5.994,285.1,289.5,555.8,654.2,12.1,0.0,,,,,,,,,,,,,,,,,,,,,,,0.0,,0.0,,1.0,,,,,,,,,,,,,,,,7940261.0,,,,,,,,,,,2.0,,20531.0,,,,,,,,,,,,,,,,,,,,,""
4095025628,"Sep 22, 2020, 3:45:26 AM",Morning Walk,Walk,,1575,2.11,,,,,,activities/4095025628.gpx,,,1575.0,1516.0,2117.0,3.2,1.396,32.6,30.8,583.5,612.9,10.0,0.1,,,,,,,,,234.0,,,,,,,,,,,,,,0.0,,0.0,,1.0,,,,,,,,,,,,,,,,,,,,,,,,,,,,,1761.1,,,,,,,,,,,,,,,,,,,,,""
4085236161,"Sep 20, 2020, 12:19:12 AM",A ride to kundmala falls with 20 kilometres eaten up by strava,Ride,"",18309,64.43,,,,,Black Gold,activities/4085236161.gpx,,9.5,18309.0,11011.0,64434.7,12.8,5.852,276.7,306.5,553.0,618.4,16.2,0.0,,,,,,,,,,,,,,,,,,,,,,,0.0,,0.0,,1.0,,,,,,,,,,,,,,,,7940261.0,,,,,,,,,,,,,5370.1,,,,,,,,,,,,,,,,,,,,,""
4080136203,"Sep 19, 2020, 12:32:30 AM",Morning Ride,Ride,,12606,45.10,,,,,Black Gold,activities/4080136203.gpx,,9.5,12606.0,7746.0,45106.2,16.6,5.823,328.5,328.5,554.0,654.2,11.1,0.0,,,,,,,,,,,,,,,,,,,,,,,0.0,,0.0,,1.0,,,,,,,,,,,,,,,,7940261.0,,,,,,,,,,,,,21368.0,,,,,,,,,,,,,,,,,,,,,""
4075877697,"Sep 18, 2020, 12:31:44 AM",Morning Ride,Ride,,8051,33.41,,,,,Black Gold,activities/4075877697.gpx,,9.5,8051.0,6419.0,33417.0,15.3,5.206,212.8,213.0,554.3,653.3,11.1,0.0,,,,,,,,,,,,,,,,,,,,,,,0.0,,0.0,,1.0,,,,,,,,,,,,,,,,7940261.0,,,,,,,,,,,,,14917.6,,,,,,,,,,,,,,,,,,,,,""
4071183171,"Sep 16, 2020, 11:59:20 PM",Morning Ride,Ride,,6869,35.72,,,,,Black Gold,activities/4071183171.gpx,,9.5,6869.0,6104.0,35721.5,15.2,5.852,240.1,239.1,554.6,653.2,17.4,0.0,,,,,,,,,,,,,,,,,,,,,,,0.0,,0.0,,1.0,,,,,,,,,,,,,,,,7940261.0,,,,,,,,,,,,,16143.4,,,,,,,,,,,,,,,,,,,,,""
4061240898,"Sep 15, 2020, 12:13:11 AM",Morning Ride,Ride,,6751,34.39,,,,,Black Gold,activities/4061240898.gpx,,9.5,6751.0,5734.0,34394.0,12.8,5.998,204.9,204.9,554.0,629.3,15.8,0.0,,,,,,,,,,,,,,,,,,,,,,,0.0,,0.0,,1.0,,,,,,,,,,,,,,,,7940261.0,,,,,,,,,,,,,16089.3,,,,,,,,,,,,,,,,,,,,,""
4051646550,"Sep 13, 2020, 12:15:29 AM",Morning Ride To Mastani Lake with Appa,Ride,"",16238,48.86,,,,,Black Gold,activities/4051646550.gpx,,9.5,16238.0,9175.0,48860.7,13.8,5.325,360.1,360.1,566.4,685.6,25.0,0.0,,,,,,,,75.0,766.0,,24.0,,,,,,,,,,,,0.0,,0.0,,1.0,,,,,,,,,,,,,,,,7940261.0,,,,,,,,,,,,,13180.5,,,,,,,,,,,,,,,,,,,,,""
4046488469,"Sep 12, 2020, 1:28:14 AM",Morning Ride,Ride,,11116,29.72,,,,,Black Gold,activities/4046488469.gpx,,9.5,11116.0,5019.0,29721.3,14.1,5.922,213.1,243.2,555.3,654.2,10.2,-0.1,,,,,,,,,,,,,,,,,,,,,,,0.0,,0.0,,1.0,,,,,,,,,,,,,,,,7940261.0,,,,,,,,,,,,,11598.0,,,,,,,,,,,,,,,,,,,,,""
4042230523,"Sep 11, 2020, 2:28:25 AM",Morning Ride,Ride,,1644,8.85,,,,,Black Gold,activities/4042230523.gpx,,9.5,1644.0,1568.0,8854.0,11.6,5.647,52.3,39.2,553.9,600.9,8.8,0.1,,,,,,,,,,,,,,,,,,,,,,,0.0,,0.0,,1.0,,,,,,,,,,,,,,,,7940261.0,,,,,,,,,,,,,2272.2,,,,,,,,,,,,,,,,,,,,,""
4042186935,"Sep 11, 2020, 1:10:26 AM",Morning Ride,Ride,,4668,16.29,,,,,Black Gold,activities/4042186935.gpx,,9.5,4668.0,2489.0,16293.5,15.2,6.546,139.5,87.1,555.3,653.4,9.7,0.3,,,,,,,,,,,,,,,,,,,,,,,0.0,,0.0,,1.0,,,,,,,,,,,,,,,,7940261.0,,,,,,,,,,,,,5659.0,,,,,,,,,,,,,,,,,,,,,""
4037589418,"Sep 10, 2020, 12:56:55 AM",Cc ride,Ride,,6603,33.54,,,,,Black Gold,activities/4037589418.gpx,,9.5,6603.0,5672.0,33547.4,14.4,5.915,214.1,214.7,553.9,653.4,10.0,0.0,,,,,,,,,,,,,,,,,,,,,,,0.0,,0.0,,1.0,,,,,,,,,,,,,,,,7940261.0,,,,,,,,,,,,,12370.7,,,,,,,,,,,,,,,,,,,,,""
4033066046,"Sep 9, 2020, 12:43:39 AM",Morning Ride,Ride,,9229,44.93,,,,,Black Gold,activities/4033066046.gpx,,9.5,9229.0,7097.0,44936.8,15.0,6.332,505.4,516.0,559.4,870.2,10.2,0.0,,,,,,,,,,,23.0,,,,,,,,,,,,,,0.0,,1.0,,,,,,,,,,,,,,,,7940261.0,,,,,,,,,,,,,2823.0,,,,,,,,,,,,,,,,,,,,,""
4028058311,"Sep 8, 2020, 1:05:11 AM",Morning Ride,Ride,,8282,28.38,,,,,Black Gold,activities/4028058311.gpx,,9.5,8282.0,7643.0,28385.5,16.4,3.714,157.1,157.4,555.3,653.2,9.7,0.0,,,,,,,,,,,,,,,,,,,,,,,0.0,,0.0,,1.0,,,,,,,,,,,,,,,,7940261.0,,,,,,,,,,,,,16472.7,,,,,,,,,,,,,,,,,,,,,""
4018901492,"Sep 5, 2020, 11:49:37 PM",Morning Ride,Ride,,31989,130.40,,,,,Black Gold,activities/4018901492.gpx,,9.5,31989.0,26962.0,130405.6,14.7,4.837,399.6,431.0,539.9,644.0,8.5,0.0,,,,,,,,,,,,,,,,,,,,,,,0.0,,0.0,,1.0,,,,,,,,,,,,,,,,7940261.0,,,,,,,,,,,,,3897.5,,,,,,,,,,,,,,,,,,,,,""
4012817031,"Sep 5, 2020, 12:34:00 AM",Morning Ride,Ride,,7056,32.40,,,,,Black Gold,activities/4012817031.gpx,,9.5,7056.0,5442.0,32401.4,21.7,5.954,220.7,220.6,554.0,653.0,45.2,0.0,,,,,,,,,,,,,,,,,,,,,,,0.0,,0.0,,1.0,,,,,,,,,,,,,,,,7940261.0,,,,,,,,,,,,,15923.9,,,,,,,,,,,,,,,,,,,,,""
4003911897,"Sep 3, 2020, 12:24:36 AM",Morning Ride,Ride,,12785,52.84,,,,,Black Gold,activities/4003911897.gpx,,9.5,12785.0,9349.0,52841.0,14.7,5.652,219.9,219.9,549.2,613.5,10.7,0.0,,,,,,,,,,,,,,,,,,,,,,,0.0,,0.0,,1.0,,,,,,,,,,,,,,,,7940261.0,,,,,,,,,,,,,6350.9,,,,,,,,,,,,,,,,,,,,,""
3998963422,"Sep 2, 2020, 12:46:07 AM",Morning Ride,Ride,,4645,22.17,,,,,Black Gold,activities/3998963422.gpx,,9.5,4645.0,3652.0,22176.2,18.3,6.072,145.0,145.7,554.0,601.4,9.5,0.0,,,,,,,,,,,,,,,,,,,,,,,0.0,,0.0,,1.0,,,,,,,,,,,,,,,,7940261.0,,,,,,,,,,,,,6450.6,,,,,,,,,,,,,,,,,,,,,""
3991295220,"Aug 31, 2020, 12:48:08 PM",Evening Ride,Ride,,774,3.72,,,,,Black Gold,activities/3991295220.gpx,,9.5,774.0,698.0,3720.7,11.3,5.331,11.9,51.8,560.8,600.8,15.9,-1.1,,,,,,,,,,,,,,,,,,,,,,,0.0,,0.0,,1.0,,,,,,,,,,,,,,,,7940261.0,,,,,,,,,,,,,1545.6,,,,,,,,,,,,,,,,,,,,,""
3984670986,"Aug 30, 2020, 1:30:19 AM",Morning Ride,Ride,,10030,38.93,,,,,Black Gold,activities/3984670986.gpx,,9.5,10030.0,6668.0,38935.4,15.1,5.839,233.7,234.8,554.0,653.2,9.4,0.0,,,,,,,,,,,,,,,,,,,,,,,0.0,,0.0,,1.0,,,,,,,,,,,,,,,,7940261.0,,,,,,,,,,,,,18878.5,,,,,,,,,,,,,,,,,,,,,""
3979995093,"Aug 28, 2020, 11:58:07 PM",Chandani chowk plus मनाच्या पाच गणपतींचे दर्शन,Ride,"",14641,35.48,,,,,Black Gold,activities/3979995093.gpx,,,14641.0,6512.0,35484.8,14.6,5.449,240.3,241.3,549.0,653.9,21.6,0.0,,,,,,,,,,,,,,,,,,3.0,,,,,0.0,53.0,0.0,,1.0,,,,,,,,,,,,,,,,7940261.0,,,,,,,,,,,,,12329.2,,,,,,,,,,,,,,,,,,,,,media/da57dad6-b509-4f0b-8a9a-1b7f5a3facf9.jpg|media/72bb3307-003b-4663-a65c-bbbb24e44d49.jpg|media/d8af92db-a1d1-48e9-abc9-8d5dd03c808c.jpg|media/d2834297-685c-4b32-9913-d412fd6813b6.jpg|media/c698e7eb-9bdd-4c57-8293-959ea3944093.jpg|media/1b4f4888-041e-4834-beb7-8814e2be7005.jpg|media/8c0a8b8a-68c8-4a0d-b0a7-5d362313624c.jpg|media/692e32a8-13eb-436a-9543-2232a28029d7.jpg|media/3b0e07f6-9001-41a9-b835-356b7f1f3f35.jpg|media/40b40b2a-054d-4b97-ab20-1d10f19b43ce.jpg|media/ceccc037-1655-4224-8c31-e75c85d442ca.jpg|media/cdac1f8c-e668-4031-b7ae-1616dff08491.jpg|media/450c487a-558e-47e3-9c13-7bf5703be7fd.jpg|media/3d39196e-dca2-43ed-8d40-e9ce5f9e280f.jpg|media/1032e188-33d2-4643-984b-7c0521f3da2e.jpg|media/8d6ed32e-1d68-4dba-9c6e-bfbf888e8823.jpg|media/ac02530c-a2c8-4d05-9abd-258e152f98fd.jpg|media/c1201e6f-a381-4eec-90e4-b4c38b5c3469.jpg|media/195da7bc-97ff-4513-8c44-01d23b672a4d.jpg|media/941d7386-6bd0-40d4-a409-41e947fa333d.jpg|media/8bac0085-bcc0-4888-b03a-6e851b1bd45e.jpg|media/aa70c061-889b-46ee-b54a-0a8343008e29.jpg|media/48dd37ee-5051-4ae6-ae05-d1c427eeccaa.jpg
3975973332,"Aug 28, 2020, 1:03:21 AM",Cc ride,Ride,"",9412,32.08,,,,,Black Gold,activities/3975973332.gpx,,,9412.0,6702.0,32085.8,13.5,4.787,191.6,191.6,553.9,653.5,9.5,0.0,,,,,,,,,,,,,,,,,,,,,,,0.0,,0.0,,1.0,,,,,,,,,,,,,,,,7940261.0,,,,,,,,,,,,,10019.8,,,,,,,,,,,,,,,,,,,,,""
3967027252,"Aug 26, 2020, 12:26:41 AM",Morning Ride,Ride,"",11777,51.69,,,,,Emerald beast,activities/3967027252.gpx,,,11777.0,8272.0,51697.8,12.5,6.25,278.4,286.4,545.8,611.4,10.4,0.0,,,,,,,,,,,23.0,,,,,,,,,,,,0.0,,0.0,,1.0,,,,,,,,,,,,,,,,7940265.0,,,,,,,,,,,,,4735.4,,,,,,,,,,,,,,,,,,,,,""
3961847417,"Aug 25, 2020, 12:35:11 AM",Wakad cc ride,Ride,"",9602,44.61,,,,,Black Gold,activities/3961847417.gpx,,,9602.0,7929.0,44609.1,12.4,5.626,272.3,244.4,553.0,653.3,8.5,0.1,,,,,,,,,,,,,,,,,,,,,,,0.0,,0.0,,1.0,,,,,,,,,,,,,,,,7940261.0,,,,,,,,,,,,,17491.2,,,,,,,,,,,,,,,,,,,,,""
3957266739,"Aug 24, 2020, 1:10:29 AM",Morning Ride,Ride,"",4642,20.83,,,,,Black Gold,activities/3957266739.gpx,,,4642.0,4335.0,20831.9,10.9,4.806,110.8,109.6,555.8,602.1,8.7,0.0,,,,,,,,,,,,,,,,,,,,,,,0.0,,0.0,,1.0,,,,,,,,,,,,,,,,7940261.0,,,,,,,,,,,,,5235.9,,,,,,,,,,,,,,,,,,,,,""
3952400587,"Aug 23, 2020, 12:31:02 AM",Talegaon phata ride,Ride,The first 50kms plus ride on the black gold trek,15128,71.64,,,,,Black Gold,activities/3952400587.gpx,,,15128.0,11020.0,71642.4,13.5,6.501,459.4,470.8,541.2,633.6,30.0,0.0,,,,,,,,,,,23.0,,,,,,,,,,,,0.0,,0.0,,1.0,,,,,,,,,,,,,,,,7940261.0,,,,,,,,,,,,,6743.1,,,,,,,,,,,,,,,,,,,,,""
3947472448,"Aug 22, 2020, 12:45:34 AM",Cc Ride,Ride,"",6964,27.26,,,,,Black Gold,activities/3947472448.gpx,,,6964.0,4164.0,27268.9,12.0,6.549,209.3,209.3,553.9,653.3,10.5,0.0,,,,,,,,,,,,,,,,,,,,,,,0.0,,0.0,,1.0,,,,,,,,,,,,,,,,7940261.0,,,,,,,,,,,,,11257.5,,,,,,,,,,,,,,,,,,,,,""
3945220343,"Aug 21, 2020, 12:39:35 PM",Evening Ride,Ride,"",4335,9.87,,,,,Emerald beast,activities/3945220343.gpx,,,4335.0,2399.0,9871.9,11.2,4.115,95.6,90.6,578.0,600.9,13.2,0.1,,,,,,,,,,,,,,,,,,,,,,,0.0,,0.0,,1.0,,,,,,,,,,,,,,,,7940265.0,,,,,,,,,,,,,6872.3,,,,,,,,,,,,,,,,,,,,,""
3940438986,"Aug 19, 2020, 12:42:53 AM",Morning Ride,Ride,"",6884,36.07,,,,,Black Gold,activities/3940438986.gpx,,,6884.0,5984.0,36073.5,10.9,6.028,266.6,272.4,554.6,654.0,22.5,0.0,,,,,,,,,,,21.0,,,,,,,,,,,,0.0,,0.0,,1.0,,,,,,,,,,,,,,,,7940261.0,,,,,,,,,,,,,15064.0,,,,,,,,,,,,,,,,,,,,,""
3929199904,"Aug 18, 2020, 12:44:17 AM",Morning Ride,Ride,First ride on new bike,6104,33.90,,,,,Black Gold,activities/3929199904.gpx,,,6104.0,5594.0,33905.6,12.1,6.061,225.6,236.2,547.6,649.0,7.2,0.0,,,,,,,,,,,20.0,,,,,,,,,,,,0.0,,0.0,,1.0,,,,,,,,,,,,,,,,7940261.0,,,,,,,,,,,,,15902.3,,,,,,,,,,,,,,,,,,,,,""
3885771910,"Aug 9, 2020, 1:04:43 AM",Mutha top ride,Ride,Went through the wrong way through pirangut town,14386,50.21,,,,,Emerald beast,activities/3885771910.gpx,,,14386.0,11232.0,50213.9,15.7,4.471,574.9,627.9,561.8,801.9,9.1,-0.1,,,,,,,,,,,,,,,,,,6.0,,,,,0.0,296.0,0.0,,1.0,,,,,,,,,,,,,,,,7940265.0,,,,,,,,,,,,,7310.9,,,,,,,,,,,,,,,,,,,,,""
3880602665,"Aug 8, 2020, 12:19:51 AM",Morning Ride,Ride,"",11152,32.12,,,,,Emerald beast,activities/3880602665.gpx,,,11152.0,6697.0,32120.3,13.2,4.796,195.7,216.6,554.6,653.9,23.1,-0.1,,,,,,,,,,,,,,,,,,,,,,,0.0,,0.0,,1.0,,,,,,,,,,,,,,,,7940265.0,,,,,,,,,,,,,10125.8,,,,,,,,,,,,,,,,,,,,,""
3856426914,"Aug 3, 2020, 12:49:54 AM",Morning Ride,Ride,"",9108,34.15,,,,,Emerald beast,activities/3856426914.gpx,,,9108.0,7933.0,34153.0,12.8,4.305,213.8,208.5,555.2,642.5,11.4,0.0,,,,,,,,,,,,,,,,,,,,,,,0.0,,0.0,,1.0,,,,,,,,,,,,,,,,7940265.0,,,,,,,,,,,,,16715.2,,,,,,,,,,,,,,,,,,,,,""
3853494773,"Aug 2, 2020, 12:28:54 PM",Afternoon Ride,Ride,"",4338,6.27,,,,,Emerald beast,activities/3853494773.gpx,,,4338.0,3153.0,6271.0,9.3,1.989,144.4,144.3,595.4,637.5,12.9,0.0,,,,,,,,,,,,,,,,,,,,,,,0.0,,0.0,,1.0,,,,,,,,,,,,,,,,7940265.0,,,,,,,,,,,,,5796.1,,,,,,,,,,,,,,,,,,,,,""
3851065491,"Aug 2, 2020, 12:43:30 AM",Cc ride with chandani chowk incline 2 times,Ride,"",9602,38.14,,,,,Emerald beast,activities/3851065491.gpx,,,9602.0,7011.0,38143.3,14.6,5.44,282.8,277.5,554.0,660.9,13.9,0.0,,,,,,,,,,,,,,,,,,,,,,,0.0,,0.0,,1.0,,,,,,,,,,,,,,,,7940265.0,,,,,,,,,,,,,15578.7,,,,,,,,,,,,,,,,,,,,,""
3845840441,"Aug 1, 2020, 12:34:19 AM",Chandani chowk ride,Ride,"",7181,34.04,,,,,Emerald beast,activities/3845840441.gpx,,,7181.0,6071.0,34041.6,14.2,5.607,222.6,217.1,553.9,653.1,17.7,0.0,,,,,,,,,,,,,,,,,,,,,,,0.0,,0.0,,1.0,,,,,,,,,,,,,,,,7940265.0,,,,,,,,,,,,,11492.6,,,,,,,,,,,,,,,,,,,,,""
3748647103,"Jul 12, 2020, 12:36:09 AM",Cc ride,Ride,"",6294,33.56,,,,,Emerald beast,activities/3748647103.gpx,,,6294.0,5599.0,33562.6,14.0,5.994,226.5,217.0,553.9,653.2,14.9,0.0,,,,,,,,,,,,,,,,,,,,,,,0.0,,0.0,,1.0,,,,,,,,,,,,,,,,7940265.0,,,,,,,,,,,,,11821.4,,,,,,,,,,,,,,,,,,,,,""
3715121965,"Jul 5, 2020, 12:43:48 AM",Kundmala falls ride,Ride,"",15574,50.05,,,,,Emerald beast,activities/3715121965.gpx,,,15574.0,8742.0,50053.9,17.8,5.726,280.7,287.8,555.8,618.4,47.8,0.0,,,,,,,,,,,,,,,,,,4.0,,,,,0.0,97.0,0.0,,1.0,,,,,,,,,,,,,,,,7940265.0,,,,,,,,,,,,,,,,,,,,,,,,,,,,,,,,,,media/e4dba1ea-3f2a-4569-aa6b-f58b97241ae0.jpg|media/21391928-588c-4704-8d6e-7ff0dd3f8341.jpg
3709921261,"Jul 4, 2020, 2:07:09 AM",Morning Ride,Ride,"",2819,9.61,,,,,Emerald beast,activities/3709921261.gpx,,,2819.0,1899.0,9613.3,13.4,5.062,81.3,81.0,570.4,600.9,14.9,0.0,,,,,,,,,,,,,,,,,,,,,,,0.0,,0.0,,1.0,,,,,,,,,,,,,,,,7940265.0,,,,,,,,,,,,,6776.6,,,,,,,,,,,,,,,,,,,,,""
3702699174,"Jul 2, 2020, 1:02:32 PM",Evening Ride,Ride,"",3500,12.06,,,,,Black Gold,activities/3702699174.gpx,,,3500.0,2784.0,12064.6,11.6,4.334,118.8,117.4,578.0,600.9,11.5,0.0,,,,,,,,,,,,,,,,,,,,,,,0.0,,0.0,,1.0,,,,,,,,,,,,,,,,7940261.0,,,,,,,,,,,,,7692.3,,,,,,,,,,,,,,,,,,,,,""
3697860657,"Jul 1, 2020, 1:12:12 PM",Evening Ride,Ride,"",3813,10.56,,,,,Emerald beast,activities/3697860657.gpx,,,3813.0,2563.0,10560.9,14.1,4.121,92.0,91.7,580.0,604.0,13.4,0.0,,,,,,,,,,,,,,,,,,2.0,,,,,0.0,12.0,0.0,,1.0,,,,,,,,,,,,,,,,7940265.0,,,,,,,,,,,,,8376.0,,,,,,,,,,,,,,,,,,,,,""
3688007596,"Jun 29, 2020, 1:13:13 PM",Evening Walk,Walk,,616,1.01,,,,,,activities/3688007596.gpx,,,616.0,616.0,1011.7,3.7,1.642,10.6,8.7,591.3,602.6,8.9,0.2,,,,,,,,,112.0,,,,,,,,,,,,,,0.0,,0.0,,1.0,,,,,,,,,,,,,,,,,,,,,,,,,,,,,945.5,,,,,,,,,,,,,,,,,,,,,""
3681313055,"Jun 28, 2020, 12:46:30 AM",Alandi,Ride,"",13666,43.65,,,,,Emerald beast,activities/3681313055.gpx,,,13666.0,9657.0,43650.6,12.6,4.52,212.2,213.5,547.9,613.5,9.5,0.0,,,,,,,,,,,,,,,,,,4.0,,,,,0.0,107.0,0.0,,1.0,,,,,,,,,,,,,,,,7940265.0,,,,,,,,,,,,,,,,,,,,,,,,,,,,,,,,,,media/35492497-fd8a-45d9-af7f-285bf0e1cbb8.jpg
3676582238,"Jun 27, 2020, 2:39:25 AM",Morning Ride,Ride,"",3382,9.42,,,,,Emerald beast,activities/3676582238.gpx,,,3382.0,2207.0,9420.4,10.6,4.268,85.9,79.1,578.0,601.8,11.1,0.1,,,,,,,,,,,,,,,,,,,,,,,0.0,,0.0,,1.0,,,,,,,,,,,,,,,,7940265.0,,,,,,,,,,,,,7346.2,,,,,,,,,,,,,,,,,,,,,""
3592965913,"Jun 10, 2020, 12:39:59 PM",Evening Ride,Ride,"",2195,5.65,,,,,Emerald beast,activities/3592965913.gpx,,,2195.0,1310.0,5649.6,10.7,4.313,125.5,135.4,584.7,663.7,22.3,-0.2,,,,,,,,,,,,,,,,,,,,,,,0.0,,0.0,,1.0,,,,,,,,,,,,,,,,7940265.0,,,,,,,,,,,,,3436.3,,,,,,,,,,,,,,,,,,,,,""
3170141539,"Mar 10, 2020, 12:25:43 AM",Morning Ride,Ride,"",10772,32.19,,,,,Emerald beast,activities/3170141539.gpx,,,10772.0,6123.0,32190.6,21.9,5.257,332.3,344.0,548.4,707.7,41.5,0.0,,,,,,,,,,,,,,,,,,,,,,,0.0,,0.0,,1.0,,,,,,,,,,,,,,,,7940265.0,,,,,,,,,,,,,6081.3,,,,,,,,,,,,,,,,,,,,,""
3110391637,"Feb 18, 2020, 11:56:27 AM",Afternoon Ride,Ride,"",2036,6.87,,,,,Emerald beast,activities/3110391637.gpx,,,2036.0,1872.0,6878.9,11.7,3.675,181.6,175.5,595.6,683.2,24.2,0.1,,,,,,,,,,,,,,,,,,,,,,,0.0,,0.0,,1.0,,,,,,,,,,,,,,,,7940265.0,,,,,,,,,,,,,6669.5,,,,,,,,,,,,,,,,,,,,,""
3040573607,"Jan 25, 2020, 12:03:35 AM",Morning Ride,Ride,"",14491,27.28,,,,,Emerald beast,activities/3040573607.gpx,,,14491.0,11821.0,27282.0,14.1,2.308,259.5,270.2,547.2,654.1,24.6,0.0,,,,,,,,,,,,,,,,,,,,,,,0.0,,0.0,,1.0,,,,,,,,,,,,,,,,7940265.0,,,,,,,,,,,1.0,,9013.2,,,,,,,,,,,,,,,,,,,,,""
3023671279,"Jan 19, 2020, 12:54:06 AM",Morning Ride,Ride,"",14922,32.82,,,,,Emerald beast,activities/3023671279.gpx,,,14922.0,14624.0,32821.9,13.6,2.244,308.8,313.3,548.4,651.7,18.8,0.0,,,,,,,,,,,,,,,,,,,,,,,0.0,,0.0,,1.0,,,,,,,,,,,,,,,,7940265.0,,,,,,,,,,,,,12975.6,,,,,,,,,,,,,,,,,,,,,""
3020541861,"Jan 18, 2020, 3:02:58 AM",Taljai ride,Ride,"",3455,8.73,,,,,Black Gold,activities/3020541861.gpx,,,3455.0,2559.0,8737.7,9.9,3.414,187.8,188.2,581.3,684.7,25.2,0.0,,,,,,,,,,,,,,,,,,3.0,,,,,0.0,21.0,0.0,,1.0,,,,,,,,,,,,,,,,7940261.0,,,,,,,,,,,,,8035.3,,,,,,,,,,,,,,,,,,,,,""
2817027191,"Oct 25, 2019, 9:57:52 PM",Morning Ride,Ride,"",3817,18.50,,,,,Emerald beast,activities/2817027191.gpx,,,3817.0,3398.0,18500.9,11.4,,156.5,159.3,-0.7,16.8,21.7,0.0,,,,,,,,,,,,,,,,,,,,,,,0.0,,0.0,,,,,,,,,,,,,,,,,,7940265.0,,,,,,,,,,,,,,,,,,,,,,,,,,,,,,,,,,""
2814704018,"Oct 24, 2019, 11:17:00 PM",Morning Ride,Ride,"",1909,11.35,,,,,Emerald beast,activities/2814704018.gpx,,,1909.0,1904.0,11358.0,8.6,,110.4,114.8,2.0,11.0,10.7,0.0,,,,,,,,,,,,,,,,,,,,,,,0.0,,0.0,,,,,,,,,,,,,,,,,,7940265.0,,,,,,,,,,,,,,,,,,,,,,,,,,,,,,,,,,""
4937573619,"Aug 22, 1999, 12:00:54 AM",Morning Ride,Ride,,1,0,,,,,Black Gold,activities/5266611695.fit.gz,,9.5,1.0,1.0,0.0,0.0,0.0,0.0,0.0,584.8,584.8,0.0,0.0,,,,,,,,0.0,,,25.0,,,,,,,,,,,,,,0.0,,1.0,,,,,,,,,,,,,,,,7940261.0,,,,,,,,,,,,,,,,,,,,,,,,,,,,,,,,,,""
4778548924,"Aug 22, 1999, 12:13:06 AM",Morning Ride to NDA,Ride,"",173,0,,,,,Black Gold,activities/5099466258.fit.gz,,9.5,173.0,0.0,0.0,14.0,0.0,0.0,285.0,581.1,581.1,0.0,0.0,,,87.0,0.0,,,,0.0,1222.0,,0.0,,,,,,,,,,,,,,0.0,,1.0,,,,,,,,,,,,,,,,7940261.0,,,,,,,,,,,,,,,,,,,,,,,,,,,,,,,,,,""
4937574443,"Aug 22, 1999, 12:08:54 AM",Morning Ride,Ride,,670134907,51.20,,,,,Black Gold,activities/5266612459.fit.gz,,9.5,670134912.0,7889.0,51205.8,15.9,6.491,202.0,219.0,531.4,589.6,43.9,0.0,,,217.0,62.0,,,,100.0,1808.0,,26.0,,,,,,,,,,,,,,0.0,,1.0,,,,,,,,,,,,,,,,7940261.0,,,,,,,,,,,,,15430.4,,,,,,,,,,,,,,,,,,,,,""
4327215757,"Aug 22, 1999, 12:01:23 AM",Morning Ride,Ride,,669910053,10.95,,,,,Black Gold,activities/4625702396.fit.gz,,9.5,669910080.0,2771.0,10953.1,13.4,3.953,242.0,254.0,572.0,668.6,42.9,-0.1,,,216.0,53.0,,,,,538.0,,25.0,,,,,,,,,,,,,,0.0,,1.0,,,,,,,,,,,,,,,,7940261.0,,,,,,,,,,,,,9980.8,,,,,,,,,,,,,,,,,,,,,""
