Activity Date,Activity Type,Elapsed Time,Moving Time,Distance,Max Heart Rate,Average Heart Rate,Relative Effort,Max Speed,Average Speed,Elevation Gain,Elevation Loss,Elevation Low,Elevation High,Max Grade,Average Grade,Average Watts,Wind Speed,Average Temperature,Average Cadence,Activity ID,VAM,Rel Speed,HR SD,ELE SD,cadence_sd,Gradient,Cadence_Drift,Rolling_Percent,HR_Recovery_Slope,Stopping_Percent,Stop_HR_Recovery_Percent,baseline_hr,Recovery_Zone_Percent,Power_Zone_Percent,Cadence Ratio,Heart Ratio,ELE Ratio,Estimated Power,Fatigue,Cumulative_Fatigue,Baseline_Pow,Baseline_Dist,Baseline_Ele,Current_Capacity,Capacity_Deviation,Variation,Severity,Percent_Change,Baseline_HR
2022-05-02,Ride,5579,5579.0,47.41,173.0,142.0,29.0,14.402,8.498,68.0,60.0,-12.4,28.0,47.0,0.1,129.0,1.5,25.0,79.0,346,4.387883132391489,1.6947517062838315,11.652832439907847,2.431775360256584,18.57010366575092,3.82697721053362,0.7221236461773862,2.509410288132387,0.214285712755102,0.0358487184018912,9.136088535564008,136.0,50.33160064527693,49.66839935472307,4.2541494203692185,12.185877429062693,27.963097722039336,113.83128,-15.168716430664062,-15.168716430664062,129.0,47.41,68.0,144.16871643066406,15.168716430664062,1.0,15.168716430664062,0.11758694907491521,142.0
2022-05-03,Ride,678,678.0,3.89,137.0,122.0,1.0,10.79,5.744,7.0,8.0,8.6,19.6,21.0,0.2,61.0,1.8,31.0,62.0,345,7.433628307620018,1.8784818941504176,7.0458370585302585,1.429140236154484,32.742177516458604,4.451661985284037,64.27800633360057,17.751479263681244,-0.2166666648611111,0.1479289938640103,11.064696974665996,136.0,100.0,0.0,1.8935820036786584,17.31518649542292,4.898046339237622,78.77206,17.772056579589844,4.716221355587454,95.0,25.65,37.5,90.28377864441256,-4.71622135558745,17.0,-0.2774247856227911,-0.04964443532197316,132.0
2022-05-03,Ride,769,741.0,3.81,134.0,119.0,2.0,9.146,5.146,9.0,7.0,4.2,8.6,7.2,0.0,55.0,1.6,29.0,59.0,344,0.0,1.777302759424796,6.273528177756225,1.2558573167926286,28.194271979146464,3.4910054766253937,-11.782835432018086,15.73948437484466,-0.0344827583234245,0.4070556303839136,2.144646733046468,136.0,99.86431478968792,0.0,2.0926235637868227,18.9685895495526,7.166413503543418,74.28491,19.284912109375,24.001133464962454,81.66666666666667,18.37,28.0,57.66553320170422,-24.00113346496245,26.66666666666667,-0.9000425049360917,-0.2938914301832137,122.0
2022-05-03,Ride,7804,5751.0,28.67,185.0,139.0,47.0,15.478,4.985,586.0,606.0,188.2,617.8,41.3,0.0,127.0,1.3,25.0,66.0,343,0.0,3.1049147442326976,27.385589050129887,138.3701430378137,32.146191472848,25.27235668244794,33.86870306190214,24.21548116732645,0.0187185025063221,0.1046025104420149,-1.9467620042663385,136.0,49.54672245467224,50.22663877266388,2.053120289618944,5.075662045095893,4.235017633860801,100.68457,-26.3154296875,-2.3142962225375463,105.66666666666669,26.656666666666663,220.3333333333333,107.98096288920422,2.31429622253755,24.0,0.0964290092723979,0.021901856995623498,139.0
2022-05-04,Ride,7772,6438.0,59.15,179.0,140.0,33.0,14.112,9.188,273.0,279.0,-9.4,19.4,10.4,0.0,135.0,1.5,26.0,78.0,342,0.0,1.5359164127122331,13.20671204141016,5.581532279877953,27.363529454074754,12.785051047857106,-0.1920490862542724,8.842693141662629,0.0333333332748538,0.0310269934795179,17.659090282004613,139.0,68.19733167856035,31.80266832143965,2.8505093716218504,10.600669489904458,48.91129127263207,116.359146,-18.640853881835938,-20.632787100384387,130.33333333333334,45.07666666666666,309.0,150.96612043371772,20.632787100384377,21.333333333333314,0.9671618953305186,0.15830782941471389,140.0
2022-05-06,Ride,20982,14972.0,122.06,185.0,144.0,93.0,14.77,8.153,421.0,421.0,4.8,34.2,18.6,0.0,115.0,1.8,31.0,75.0,341,0.0,1.81160309088679,12.329686074359552,6.70653524977744,31.40630268751613,8.864142666871404,17.790643046735763,11.064200508573636,0.0072683222245497,0.073716659960212,9.189087188816703,139.5,56.68811151320199,43.30518697225573,2.3880556192230977,11.679128523825888,62.77458054654832,116.05424,1.0542373657226562,-14.230907261688806,130.33333333333334,45.07666666666666,309.0,144.56424059502214,14.2309072616888,18.33333333333333,0.7762313051830256,0.1091885467648757,140.0
2022-05-07,Ride,5291,4588.0,30.16,143.0,116.0,12.0,11.87,6.575,77.0,76.0,-3.0,14.6,12.1,0.0,68.0,2.4,29.0,66.0,340,0.0,1.8053231939163497,8.877287082020272,2.732922739993982,30.38856876248149,6.476924987321984,22.31900440976331,14.91170699478707,-0.0073099415097807,0.1090037061022446,4.387662441396651,139.0,99.8037933289732,0.0,2.1718692428060664,13.067053691199014,28.174953758559525,82.84673,14.84673309326172,2.598077701360886,130.33333333333334,45.07666666666666,309.0,127.73525563197244,-2.598077701360893,21.333333333333314,-0.1217848922512919,-0.019934100010441633,140.0
2022-05-09,Ride,3634,3537.0,28.48,159.0,134.0,13.0,11.126,8.054,34.0,38.0,6.0,12.6,18.8,0.0,117.0,1.4,26.0,78.0,339,0.0,1.3814253786938169,8.93810074038384,0.9835432770039754,21.972601886551608,3.6270001761526967,-11.550801965793084,4.207850888390893,0.1812080524751137,0.0282406099892006,2.049718059899164,136.5,83.05563400169443,16.916125388308387,3.54987528799968,14.99199761785722,34.56885551057157,97.40296,-19.59703826904297,-17.672334969127945,131.0,43.91,429.5,148.67233496912797,17.672334969127945,18.33333333333333,0.9639455437706156,0.13490332037502248,139.5
2022-05-10,Ride,188,188.0,0.98,115.0,108.0,0.0,7.118,5.231,7.0,2.0,9.8,14.6,31.2,0.5,54.0,1.5,28.0,56.0,338,67.02127623924854,1.3607340852609444,3.3312169974505617,0.5374842103477481,26.81416560134309,6.114913082110632,100.0,16.129032171349287,-0.0666666644444445,0.537634405711643,1.2456434633969886,134.0,100.0,0.0,2.0884482755915683,32.42057412113355,13.023614166929471,65.6847,11.684700012207031,-3.5260196577768728,131.0,43.91,429.5,134.52601965777689,3.526019657776885,21.333333333333314,0.1652821714582916,0.02691618059371668,139.5
2022-05-12,Ride,3802,3802.0,34.96,157.0,139.0,15.0,12.164,9.196,41.0,47.0,5.0,13.0,35.2,0.0,125.0,2.2,27.0,80.0,337,0.0,1.3227490213136146,7.594245627306174,1.5619081910560029,24.11196046387574,3.322106485430872,-1.832132479331915,5.49710678445631,0.0430622007508985,0.0263019463371115,16.239479837291434,136.5,72.59337190952131,27.40662809047869,3.317855335819737,18.30332972071332,26.249925562112868,103.68948,-21.310516357421875,-23.92265596638489,127.0,28.67,586.0,150.9226559663849,23.92265596638489,18.33333333333333,1.3048721436209945,0.18836736981405425,139.0
2022-05-13,Ride,358,358.0,2.06,126.0,113.0,0.0,7.55,5.77,5.0,5.0,8.6,12.8,4.1,0.0,62.0,2.0,28.0,63.0,336,0.0,1.3084922010398614,6.101593698417766,1.0491193301467057,28.610049721294537,4.152778999361752,42.479404781286505,12.921348278310822,-0.2608695595463139,0.0,3.2818304207437428,134.0,99.15730337078652,0.0,2.202023359333261,18.519748620684783,4.765897539418397,79.47069,17.470687866210938,-3.119732941329044,127.0,28.67,586.0,130.11973294132903,3.1197329413290333,21.333333333333314,0.1462374816247985,0.024564826309677427,139.0
2022-05-13,Ride,14466,10247.0,63.26,179.0,136.0,48.0,16.472,6.174,586.0,475.0,8.6,449.8,37.5,0.2,115.0,1.4,28.0,68.0,335,41.17497803833562,2.667962423064464,14.94249861950616,116.04107453550412,31.45290090073126,17.33660891271516,100.0,13.419871167927008,0.0029090909069752,0.0780792504315753,2.618268696670289,135.0,59.80870583642397,40.01561585008784,2.1619626772313505,9.101556196291522,5.049935958415919,104.34375,-10.65625,-13.775982941329044,127.0,28.67,586.0,140.77598294132903,13.775982941329032,18.33333333333333,0.7514172513452201,0.10847230662463804,139.0
2022-05-14,Ride,2845,2845.0,22.01,179.0,132.0,12.0,11.856,7.739,24.0,26.0,-0.6,9.2,8.2,0.0,112.0,1.4,27.0,77.0,334,0.0,1.5319808760821811,14.510414753513087,1.664114007757478,28.52304154034865,3.3680910857074244,0.7238119290593226,8.655876140515174,0.2195121942296252,0.0351864883760779,-19.85540136259493,134.0,73.926812104152,26.073187895848,2.6995717546988867,9.096913709591108,14.422080137563228,99.94879,-12.05120849609375,-33.91290742169353,127.0,28.67,586.0,160.91290742169355,33.912907421693546,18.33333333333333,1.849794950274194,0.26703076709994916,139.0
2022-05-14,Ride,923,311.0,2.29,138.0,130.0,1.0,8.388,7.37,3.0,0.0,7.6,9.8,6.8,-0.1,102.0,1.3,28.0,76.0,333,-3.472668799123252,1.1381275440976932,4.33291823366299,0.301116810407005,22.76397751573513,4.817971464574028,-2.456298965838084,3.821656038784535,-0.4999999583333368,0.3184713365653779,5.789951922418901,133.0,100.0,0.0,3.338607965539353,30.002867117857583,9.9628779710674,91.9954,-10.004600524902344,-21.86169892559978,127.0,28.67,586.0,148.86169892559977,21.861698925599768,21.333333333333314,1.02476713713749,0.17213936161889581,139.0
2022-05-18,Ride,3200,3200.0,30.04,178.0,156.0,44.0,13.29,9.388,37.0,38.0,-0.6,7.2,5.7,0.0,162.0,1.6,26.0,83.0,332,0.0,1.415636983383042,17.834192123570038,1.7433345167883867,23.05378145857423,3.5618364514699064,13.927594267655005,3.592627302845165,0.4260869528166352,0.0,3.2818304207437428,134.0,14.93283348953452,85.06716651046547,3.6002768807740875,8.747241824684918,21.22368278721371,115.96418,-46.03582000732422,-64.40369318686719,162.0,30.04,37.0,226.4036931868672,64.4036931868672,15.333333333333345,4.200240860013076,0.3975536616473284,156.0
2022-05-18,Ride,2516,1531.0,12.33,163.0,139.0,8.0,12.032,8.057,12.0,15.0,2.6,8.8,9.3,0.0,115.0,2.0,26.0,75.0,331,0.0,1.4933598113441726,14.859703639758182,0.5916395981246838,31.15834106876016,5.618790370889628,-1.104838110660846,8.595800519294093,-0.3206106845754909,0.0656167978572068,2.382916208456084,135.0,54.7244094488189,45.2755905511811,2.407060036586356,9.354156315334542,20.282583781498865,113.3864,-1.6136016845703125,-66.0172948714375,162.0,30.04,37.0,228.0172948714375,66.01729487143751,18.33333333333333,3.600943356623865,0.4075141658730711,156.0
2022-05-19,Ride,3608,3608.0,34.54,181.0,150.0,33.0,14.926,9.575,33.0,38.0,-2.4,10.2,4.2,0.0,153.0,1.0,26.0,83.0,330,0.0,1.558851174934726,14.650828701464071,1.386312552272892,25.64851049944518,3.5778423561902217,7.311185849881345,5.578684428093621,0.2935323368480978,0.0,3.2818304207437428,136.0,25.36774909797392,74.63225090202609,3.236055238597196,10.238328003021588,23.8041386422976,118.13091,-34.86908721923828,-89.72596795277308,157.5,32.29,35.0,247.2259679527731,89.72596795277309,15.333333333333345,5.851693562137371,0.5696886854144323,153.0
2022-05-20,Ride,387,387.0,2.08,123.0,110.0,0.0,7.762,5.377,4.0,4.0,9.6,13.8,9.9,0.1,55.0,1.4,27.0,64.0,329,3.7209302229433328,1.4435558861818858,5.025325800269736,0.9642126957047747,29.58182054098188,4.005750187545,90.90909090909092,13.695090403888656,-0.1132075450338199,0.2583979321488425,7.109393236422666,135.0,100.0,0.0,2.163490842216598,21.889123707157854,4.148457979614437,77.759964,22.75996398925781,-54.46789232015309,157.5,32.29,35.0,211.96789232015308,54.46789232015309,18.33333333333333,2.970975944735624,0.34582788774700374,153.0
2022-08-22,Ride,5708,5435.0,33.16,189.0,154.0,61.0,17.264,6.101,230.0,236.0,559.2,645.8,27.7,0.0,104.0,4.8,21.0,72.0,271,0.0,2.8297000491722666,15.906328627546117,19.43531229273683,30.8042483673315,12.077931472048366,-9.388018330280216,13.203383594482643,0.0222841225316377,0.0735564545653629,19.61292533456151,136.0,26.36998896653181,73.61162191982346,2.33733986312802,9.681680413142407,11.834128760144726,125.29858,21.29857635498047,21.29857635498047,157.5,32.29,35.0,136.20142364501953,-21.29857635498047,21.333333333333314,-0.9983707666397104,-0.13522905622209822,153.0
2022-09-03,Ride,5283,5108.0,36.75,185.0,159.0,72.0,12.19,7.196,204.0,244.0,554.0,608.0,16.7,-0.1,130.0,0.9,24.0,76.0,270,-14.377447138923756,1.6939966648137854,12.594580368381267,9.879646424721344,30.107972587871345,11.771120105165004,-1.7352899866234732,10.672400310658247,-0.0219780219377691,0.0781860828619651,7.637060676402211,136.0,13.076622361219703,86.7865519937451,2.5242482619493107,12.624476776907406,20.64851013706634,121.73508,-8.264923095703125,-4.744292103522282,157.5,32.29,35.0,162.24429210352227,4.74429210352227,23.166666666666657,0.2047895872024002,0.03012248954617314,153.0
2022-09-03,Ride,429,429.0,2.38,173.0,146.0,2.0,8.474,5.549,9.0,16.0,564.6,575.0,4.6,-0.4,83.0,0.8,27.0,65.0,269,-30.209790139371123,1.5271220039646782,11.671832294292416,2.861959611016901,34.522651093151666,7.498395557414509,-100.0,21.627906926446727,-0.1397849447334952,0.2325581389940508,11.258177317244565,136.0,37.67441860465116,62.32558139534884,1.8828217433762624,12.508746168555604,3.14469736772588,98.93107,15.931068420410156,11.186776316887874,157.5,32.29,35.0,146.3132236831121,-11.186776316887888,25.0,-0.4474710526755155,-0.0710271512183358,153.0
2022-09-18,Ride,10480,9165.0,50.41,189.0,135.0,42.0,12.39,5.501,270.0,285.0,548.2,617.0,12.6,-0.1,79.0,1.9,21.0,63.0,268,-10.60556464696066,2.2523177604071987,14.406647567577815,12.71277186067347,30.657993202929205,8.341019292549959,-1.8975972697334915,15.706177688746322,0.0125086865792156,0.1200611220126543,7.576329828004471,136.0,71.91661209342938,27.98515607945864,2.054928955332006,9.370673503053148,21.23848219102819,95.975334,16.97533416748047,16.97533416748047,157.5,32.29,35.0,140.52466583251953,-16.97533416748047,25.833333333333336,-0.6571097097089214,-0.10777989947606646,153.0
2022-09-24,Ride,20001,15623.0,100.76,182.0,133.0,64.0,17.066,6.45,622.0,664.0,541.6,650.2,16.9,-0.1,82.0,1.9,23.0,56.0,264,-14.332714586549784,2.645891472868217,13.514473293313207,26.85584625789397,28.234178557105885,10.785336192795942,-10.381464196450164,16.69120942335033,0.0011507479857496,0.0640245854367101,7.834233716025876,146.0,92.92528330879055,6.901850310519239,1.9834116265618955,9.841300306132274,23.16069174906296,79.11601,-2.8839874267578125,4.017668409697689,157.5,32.29,35.0,153.48233159030232,-4.017668409697677,26.66666666666667,-0.1506625653636628,-0.025509005775858268,153.0
2022-09-24,Ride,8666,7558.0,58.78,201.0,154.0,80.0,18.916,7.777,325.0,353.0,544.0,648.8,19.3,-0.1,121.0,2.1,22.0,66.0,266,-15.480285787843307,2.4323003728944323,14.372141679626983,24.53260282926604,26.095398801224693,12.09004304840215,-12.45745468183817,6.651679449001365,0.0656063616985957,0.079344088854887,4.909740681029806,150.0,64.30838402539011,35.69161597460989,2.5291814075560755,10.715173334474366,13.247676531273576,123.79749,2.7974929809570312,6.81516139065472,157.5,32.29,35.0,150.6848386093453,-6.815161390654708,27.083333333333336,-0.2516367282703277,-0.043270865972410845,153.0
2022-09-24,Ride,2615,2064.0,11.73,187.0,155.0,22.0,13.93,5.687,106.0,90.0,573.4,629.2,20.7,0.3,90.0,3.0,26.0,57.0,265,55.46511625219714,2.4494461051521013,10.848699269112894,12.375723169042068,30.294415786392086,12.220921686764171,-19.675446781607658,15.406836776404988,0.0687499997851562,0.4333172843363904,9.429140806829698,154.0,75.25276841598459,24.69908521906596,1.881534818838425,14.287425788810596,8.56515534381087,97.44289,7.4428863525390625,14.258047743193782,157.5,32.29,35.0,143.24195225680623,-14.25804774319377,27.5,-0.5184744633888644,-0.09052728725837315,153.0
2022-09-25,Ride,915,898.0,4.93,182.0,155.0,9.0,10.128,5.498,50.0,10.0,573.4,619.0,11.2,0.9,113.0,3.1,29.0,54.0,263,180.40089066770503,1.8421244088759547,11.895974031637309,11.920781105140293,25.18730354318004,7.402158267851209,16.31901833310654,9.315375971587684,0.1807228893888808,0.2244668908816308,21.890307692302656,154.0,71.8294051627385,28.170594837261504,2.143937232641337,13.029617125773886,4.194355668865031,86.29037,-26.70963287353516,-14.437617452718976,157.5,32.29,35.0,171.93761745271897,14.437617452718968,30.75,0.469516014722568,0.09166741239821567,153.0
2022-10-05,Ride,11369,6107.0,31.16,171.0,124.0,19.0,15.662,5.103,196.0,196.0,544.2,644.0,11.8,0.0,70.0,2.2,22.0,51.0,262,0.0,3.069174995100921,12.022110584949097,22.35086567895676,25.84333180903767,9.891578984757825,5.703225812438713,13.804990148751642,0.0309155766576509,0.049244911351076,0.3091739028059461,154.0,98.90019697964544,0.8371634931057125,1.9734296801751816,10.314327822014226,8.769234894346763,77.04639,7.04638671875,2.499456451639878,157.5,32.29,35.0,155.00054354836013,-2.4994564516398725,45.75,-0.0546329279046966,-0.01586956477231665,153.0
2022-10-07,Ride,5268,1923.0,11.54,188.0,141.0,11.0,11.86,6.003,82.0,75.0,562.4,622.4,34.9,-0.2,98.0,2.0,23.0,55.0,261,-30.70202806515755,1.97567882725304,15.640467733677983,12.134350128722485,28.00371191864198,10.123491064143067,5.778463630311266,10.925248295386696,0.1339712912250177,0.2090956611557262,-0.3586948053049104,150.0,85.8337689492943,14.166231050705695,1.964025276212094,9.015075085082998,6.757674895850244,83.73984,-14.260162353515623,-12.408519472340332,157.5,32.29,35.0,169.90851947234034,12.408519472340345,50.25,0.2469357108923451,0.07878425061803393,153.0
2022-10-09,Ride,8574,8549.0,60.46,185.0,138.0,46.0,17.112,7.073,344.0,386.0,546.2,645.8,17.0,-0.1,105.0,1.5,20.0,58.0,260,-14.48590478249083,2.419341156510674,16.88810221013713,21.53759734721313,27.135313449366908,11.250538024007115,11.224489690233233,10.432540146473738,0.0258426966001767,0.035165865662271,22.14135523473752,146.0,81.6551400773649,18.11042081819248,2.13743607461137,8.171432770328234,15.972068679816942,88.97105,-16.028953552246094,-25.996768871583093,157.5,32.29,35.0,183.4967688715831,25.9967688715831,49.75,0.5225481180217708,0.1650588499783054,153.0
2022-10-09,Ride,1531,1409.0,6.01,173.0,132.0,5.0,6.902,4.27,57.0,15.0,568.0,617.4,27.3,0.8,64.0,1.0,27.0,46.0,259,116.50816173420286,1.616393442622951,10.865640278570824,11.981321496612052,23.790523745840787,5.275049847744529,-72.10401901581074,13.812949630350394,0.1927083323296441,0.4316546759484498,4.143321199582672,143.5,92.87769784172662,6.618705035971223,1.93354289118999,12.148385596009865,4.757404703539016,73.982895,9.982894897460938,-16.013873974122156,157.5,32.29,35.0,173.51387397412216,16.013873974122163,52.5,0.3050261709356602,0.10167539031188674,153.0
2022-10-19,Ride,1529,1427.0,6.09,163.0,127.0,5.0,7.884,4.271,52.0,17.0,565.0,609.6,29.6,0.6,73.0,0.7,26.0,60.0,256,78.7105815846457,1.8459377195036293,15.651158888251448,12.082074302375387,27.43158666345052,5.012946751680637,-100.0,9.19377651400723,0.407692304556213,0.4950495046003892,16.96950237167154,139.5,87.34087694483735,12.093352192362094,2.1872594738635267,8.114414580566175,4.303896367023683,92.53598,19.53598022460937,16.69260855547228,113.0,4.93,50.0,96.30739144452772,-16.692608555472276,59.5,-0.2805480429491139,-0.14772219960594934,155.0
2022-10-19,Ride,116,116.0,0.71,130.0,123.0,0.0,8.422,6.119,4.0,6.0,598.4,603.0,4.7,-0.4,142.0,1.2,26.0,74.0,258,-49.65517198573127,1.3763686876940675,5.115120353757251,1.3341421066081076,30.701086861107807,14.212108585950126,100.0,14.52991440572723,0.3529411557093437,3.418803389582877,1.8893062925296644,138.0,100.0,0.0,2.4103380419214178,24.046350319656018,2.9981791160091524,93.0578,-48.94219970703125,-32.249591151558974,142.0,0.71,4.0,174.24959115155897,32.249591151558974,56.5,0.5707892239213977,0.2271097968419646,123.0
2022-10-19,Ride,6840,6620.0,40.3,159.0,121.0,19.0,11.644,6.088,240.0,257.0,560.4,605.6,9.6,-0.1,84.0,1.2,22.0,64.0,257,-13.05135951464481,1.9126149802890933,11.546065818029334,10.383261099243144,27.22294068282192,9.667164358402012,0.4736628622886384,12.090071027340173,0.002499999996875,0.1360132990575769,-0.6413059555838856,136.5,97.35529696236964,2.4482393834063774,2.3509582742993915,10.479759203459391,23.11412325973107,93.79151,9.791511535644531,-22.458079615914443,142.0,0.71,4.0,164.45807961591444,22.458079615914443,58.0,0.3872082692399042,0.1581554902529186,123.0
2022-10-25,Ride,6858,6478.0,40.03,177.0,130.0,27.0,14.142,6.179,234.0,255.0,558.0,605.8,42.8,0.0,90.0,0.7,16.0,54.0,254,0.0,2.288719857582133,16.080150306355034,9.97205328274184,26.59561804989713,9.833014478028277,-14.913657976089842,12.260950028954202,0.0663068986123158,0.107958050569408,0.2217129484324466,135.0,75.97162245527453,23.82788402220851,2.030409591094247,8.08450104251337,23.46557623587877,80.76444,-9.235557556152344,-17.210302691984836,142.0,0.71,4.0,159.21030269198485,17.21030269198485,55.75,0.3087049810221497,0.12119931473228768,123.0
2022-10-25,Ride,1042,1042.0,5.06,184.0,135.0,5.0,12.416,4.859,49.0,17.0,565.2,607.2,11.5,0.6,98.0,0.5,21.0,51.0,253,101.57389625568725,2.555258283597448,17.47116147347288,12.49550042735684,22.24292350061021,6.712043496011203,-78.36019434778298,6.519654835551625,0.5147058747837372,0.0,3.2818304207437428,135.0,64.52540747842761,34.99520613614573,2.292863962137752,7.727018749037195,3.921411260273444,87.012794,-10.987205505371094,-28.19750819735593,142.0,0.71,4.0,170.19750819735594,28.197508197355944,53.5,0.5270562279879616,0.19857400138983058,123.0
2022-10-28,Ride,11322,9915.0,62.43,187.0,128.0,37.0,14.41,6.297,375.0,407.0,556.4,666.4,30.9,0.0,84.0,1.3,17.0,53.0,252,0.0,2.2883912974432272,15.00028480782334,23.704199711238488,26.95599556493156,10.29119982412319,-19.480056938204644,14.625541778588294,0.0130944176339804,0.0503981453431712,8.851797877030966,135.0,82.44128616066929,17.266404596310856,1.9661673376583828,8.53317074353624,15.81998079446768,78.59234,-5.407661437988281,-23.387186470208142,142.0,0.71,4.0,165.38718647020815,23.38718647020815,55.75,0.4195011026046304,0.1646984962690715,123.0
2022-10-29,Ride,1327,1210.0,5.83,156.0,133.0,4.0,10.262,4.823,56.0,14.0,573.2,617.6,48.5,0.8,77.0,2.0,24.0,54.0,251,133.28925608819068,2.127721335268505,12.811792966327818,12.157635828569244,28.88608007833481,5.842588418462291,-19.15678527620248,11.331679064241786,0.2992700708082477,0.165425971740756,0.0767643203842788,133.0,66.08767576509513,33.91232423490488,1.869412463863129,10.381059853877836,4.606158317577438,79.122284,2.122283935546875,-18.007254005501466,142.0,0.71,4.0,160.0072540055015,18.007254005501466,58.0,0.310469896646577,0.12681164792606667,123.0
2022-11-04,Ride,14876,14115.0,101.43,180.0,140.0,83.0,16.85,7.186,674.0,710.0,545.0,665.0,38.7,0.0,111.0,1.6,17.0,63.0,250,0.0,2.3448371834121904,15.80321461498992,28.519264846058466,27.441008788750207,13.004214331174788,-23.903407295223147,9.672840819695349,0.0212765957290707,0.1064509261155027,10.0803259580297,133.0,51.678376268540205,48.264849904194165,2.295833880932022,8.858956519406401,23.63314692734809,112.63213,1.6321334838867188,-3.9096634906913375,142.0,0.71,4.0,145.90966349069134,3.909663490691344,55.75,0.0701284931065712,0.02753284148374186,123.0
2022-11-05,Ride,1689,1629.0,7.01,168.0,137.0,6.0,8.066,4.308,61.0,30.0,560.0,603.8,42.1,0.3,63.0,2.9,26.0,49.0,249,40.44198892544997,1.8723305478180128,9.576404511421066,10.676379434580545,25.721454365920547,6.251559743317797,7.000694248317492,13.1218905391033,0.0,0.1865671640630801,6.309223699721121,134.0,67.10199004975125,32.89800995024876,1.9050243970612248,14.305994022142263,5.713546868601876,76.5896,13.589599609375,10.22452105779913,142.0,0.71,4.0,131.77547894220086,-10.224521057799135,58.0,-0.176284845824123,-0.07200366942112067,123.0
2022-12-03,Ride,11831,9653.0,66.35,187.0,137.0,47.0,19.332,6.874,401.0,440.0,552.0,646.4,13.8,-0.1,100.0,0.7,18.0,56.0,248,-14.954936287687255,2.8123363398312486,14.4465996473641,20.340507038195867,26.35789647824958,11.484456181932082,-46.81818165719697,10.622862471694178,0.0165853658374776,0.1658202922410798,9.41687314028913,132.5,54.83469789615504,45.09275572598197,2.124600418004165,9.483199774404838,19.71435517967364,91.40841,-8.591590881347656,-8.591590881347656,142.0,0.71,4.0,150.59159088134766,8.591590881347656,55.75,0.154109253477088,0.0605041611362511,123.0
2022-12-03,Ride,1714,1556.0,7.03,166.0,138.0,6.0,9.704,4.524,55.0,26.0,576.4,616.8,26.6,0.5,62.0,1.6,25.0,46.0,247,63.62467862234917,2.14500442086649,8.57334988975701,10.256445490960814,26.498900733167915,6.2295200578574415,-23.64379324908296,11.3989637231872,0.0909090903925619,0.2590673573451636,10.100552040972804,133.0,57.901554404145074,42.09844559585492,1.7359210001682115,16.096390055010485,5.362481055058637,73.324425,11.324424743652344,2.7328338623046875,142.0,0.71,4.0,139.2671661376953,-2.7328338623046875,58.0,-0.0471178252121497,-0.01924530888946963,123.0
2023-01-22,Ride,6492,6358.0,42.3,181.0,151.0,57.0,15.572,6.653,277.0,301.0,574.2,661.4,39.7,0.0,115.0,0.8,14.0,60.0,243,0.0,2.340598226364046,12.958515054343636,18.83190220137529,24.841163224581145,11.857064144907666,6.647727269057755,9.311104119328231,-0.048986486403739,0.0786410820889208,7.403435916753809,136.0,27.996225228059146,71.9880465555206,2.415345732493006,11.65256881009809,14.709081553678056,124.08735,9.08734893798828,9.08734893798828,142.0,0.71,4.0,132.91265106201172,-9.08734893798828,58.0,-0.1566784299653151,-0.06399541505625549,123.0
2023-01-22,Ride,1258,1239.0,7.02,187.0,164.0,22.0,10.18,5.672,49.0,24.0,561.2,600.2,19.4,0.3,107.0,0.9,19.0,62.0,242,42.7118643723068,1.7947813822284908,8.332769359525342,9.933091302894502,28.37873636573265,7.024788919561879,9.260963794386688,11.864406770085225,-0.020408163126475,0.2421307504099025,1.9886858839405588,136.0,0.403551251008878,99.59644874899112,2.18473426780661,19.681329608769143,4.933005604480431,112.38206,5.382057189941406,14.469406127929688,142.0,0.71,4.0,127.53059387207033,-14.469406127929688,55.25,-0.2618897036729355,-0.10189722625302597,123.0
2023-01-28,Ride,7854,7669.0,41.52,164.0,128.0,26.0,16.774,5.415,236.0,283.0,541.8,605.8,12.7,-0.1,64.0,1.3,16.0,47.0,241,-11.078367451939188,3.097691597414589,11.571398773661446,11.7065401185577,25.09366830799768,8.861804593154305,-14.864864933345498,21.764629216504023,0.0221556886094876,0.0521308484227641,-1.9244047789825445,136.0,87.85351231591294,11.990095138798385,1.8729823615321368,11.061755924408615,20.159669505271967,71.49864,7.498641967773437,13.381463493854351,142.0,0.71,4.0,128.61853650614566,-13.38146349385434,58.0,-0.2307148878250748,-0.09423565840742494,123.0
2023-01-28,Ride,1356,1295.0,5.03,173.0,141.0,6.0,6.984,3.889,48.0,16.0,560.0,606.2,24.1,0.1,71.0,1.3,19.0,50.0,240,13.34362933332538,1.7958344047312935,10.904204070527756,13.02217386266692,24.33223861551834,6.126220232870787,-39.429299159210245,9.416342405123467,0.2231404940236322,0.1556420232251812,-1.2744375882182633,136.0,50.81712062256809,49.10505836575875,2.0548868821804454,12.93079129455291,3.6860202313524826,109.96428,38.96427917480469,52.34574266865904,142.0,0.71,4.0,89.65425733134096,-52.34574266865904,58.0,-0.9025128046320524,-0.3686319906243595,123.0
2023-02-01,Ride,7632,6506.0,34.05,172.0,124.0,20.0,13.452,5.235,249.0,248.0,560.4,661.8,50.0,0.0,76.0,2.4,19.0,48.0,239,0.0,2.5696275071633234,12.575406066943112,19.29781164147689,24.831495098453875,9.854483188900623,-20.41647809573344,17.818740396648426,0.0163793103307074,0.1228878648044719,0.7009772692507461,141.0,97.17357910906298,2.5806451612903225,1.9330289165697392,9.860515794034054,12.903016762885498,73.10446,-2.895538330078125,25.832414346465534,142.0,0.71,4.0,116.16758565353447,-25.832414346465526,58.0,-0.4453864542494056,-0.1819184108906023,123.0
2023-02-09,Ride,7058,6961.0,46.7,169.0,141.0,37.0,12.074,6.71,313.0,313.0,568.4,649.6,47.5,0.0,112.0,0.8,17.0,59.0,238,0.0,1.799403874813711,11.020624412666017,15.914499654814025,25.223307957223334,12.022732757467264,-9.574954307786475,9.058179722197842,0.0015898251167093,0.0864055299414738,3.7777442520450815,141.0,72.33582949308756,27.664170506912445,2.3391062647672105,12.794192227779428,19.66759792147922,104.78536,-7.214637756347656,-0.4064879333416993,142.0,0.71,4.0,142.4064879333417,0.4064879333417082,58.0,0.0070084126438225,0.0028625910798711846,123.0
2023-02-09,Ride,4859,1942.0,10.2,172.0,142.0,12.0,10.904,5.254,99.0,46.0,598.0,649.4,39.9,0.5,77.0,1.0,24.0,52.0,237,91.76107101351128,2.075371145793681,14.69562160710707,11.143285717851656,28.639835401056,8.396422233276985,7.726285741782552,12.96296295629477,0.0912698409076593,0.3086419751498755,9.999901268450506,141.0,60.33950617283951,39.609053497942384,1.815652829570028,9.662741334370294,8.884272881662556,88.998405,11.998405456542969,11.59191752320127,142.0,0.71,4.0,130.40808247679874,-11.59191752320126,58.0,-0.1998606469517458,-0.08163322199437507,123.0
2023-02-16,Ride,10410,8036.0,43.74,154.0,116.0,21.0,11.444,5.443,265.0,251.0,545.4,602.4,21.7,0.0,66.0,0.8,16.0,46.0,235,0.0,2.102516994304612,11.868651272354834,12.110469692707996,24.013366272022395,8.300071449572426,14.772727236570256,18.07213930123481,0.0027529249808995,0.1243781094372664,5.241227242052198,141.0,98.59452736318408,0.6840796019900498,1.9155997357186088,9.773645510720208,21.881891028361338,67.4162,1.41619873046875,3.0902196317457458,142.0,0.71,4.0,138.90978036825425,-3.0902196317457538,58.0,-0.0532796488232026,-0.021762110082716574,123.0
2023-03-19,Ride,13318,10209.0,55.15,177.0,128.0,36.0,13.36,5.402,379.0,389.0,540.6,630.0,37.7,0.0,77.0,1.6,19.0,51.0,232,0.0,2.4731580895964456,14.53508952714573,21.242634534981025,28.412187677163026,10.189872399905344,51.01238000487916,17.556729262758537,0.0339832868891458,0.1564945226763992,1.4708017051699247,128.0,66.8622848200313,33.01056338028169,1.7950042701565074,8.80627470196675,17.841477314615073,83.36918,6.369178771972656,6.369178771972656,100.0,66.35,401.0,93.63082122802734,-6.369178771972656,58.0,-0.1098134271029768,-0.06369178771972656,137.0
2023-03-22,Ride,5291,5098.0,28.0,146.0,123.0,15.0,13.436,5.493,176.0,212.0,572.2,679.0,17.1,0.1,80.0,2.1,17.0,52.0,231,12.428403292972067,2.446022210085564,10.912343022602354,18.24370661588212,27.2762494496782,10.506293350928471,39.04761908541194,13.594515178531926,0.0230547550100075,0.0979431929289043,-1.2780518789169482,128.0,81.41038197845249,18.53085210577865,1.9064203892662777,11.271638773964094,9.647161843724277,75.6462,-4.353797912597656,-0.2926302248760954,100.0,66.35,401.0,100.29263022487608,0.2926302248760919,55.0,0.0053205495432016,0.002926302248760919,137.0
2023-03-22,Ride,1422,1343.0,7.11,158.0,130.0,4.0,9.292,5.301,52.0,30.0,565.2,605.2,19.5,0.4,95.0,1.6,21.0,54.0,230,55.755770621179614,1.7528768156951515,13.286061988529111,10.018362156444624,27.61173321713936,7.212911081352026,12.643394764378431,13.901345281090174,0.0537634405711643,0.5231689084281248,11.54595965374936,128.0,59.64125560538116,40.28400597907324,1.95569027194535,9.784689423212813,5.190468661195355,86.088066,-8.911933898925781,-9.204564123801877,98.0,5.06,49.0,107.20456412380187,9.204564123801871,52.0,0.1770108485346513,0.093924123712264,135.0
2023-03-29,Ride,9100,7320.0,41.14,214.0,189.0,333.0,12.008,5.621,262.0,257.0,545.2,639.6,10.6,0.0,80.0,1.1,20.0,55.0,228,0.0,2.1362746842198894,18.78531317539802,20.49095218560386,27.54421215954041,9.810474465103129,9.252541454581312,12.085210977456615,-0.0112994350154808,0.0682780281212238,12.273754786402757,130.0,1.6932950976375802,98.3067049023624,1.996789658917877,10.06105078868054,12.786130426771503,106.036674,26.03667449951172,22.8156500484792,112.0,46.7,313.0,89.1843499515208,-22.8156500484792,38.5,-0.5926142869734857,-0.2037111611471357,141.0
2023-04-04,Ride,6608,6004.0,31.06,165.0,130.0,21.0,12.928,5.174,200.0,215.0,550.4,610.2,13.3,-0.1,81.0,1.1714285714285717,23.0,56.0,227,-11.992005327782811,2.4986470815616544,11.816092630230148,14.842397866721235,28.80439937944,9.37705688778706,-0.7798665140542704,16.304347823360477,0.0256410256147271,0.2006688962875135,1.786343268401678,130.0,70.85284280936455,29.14715719063545,1.9441473963114213,11.001943964578077,13.47491074697018,79.87847,-1.1215286254882812,7.576823589154756,112.0,46.7,313.0,104.42317641084524,-7.576823589154756,38.5,-0.1968006127053183,-0.06765021061745317,141.0
2023-04-05,Ride,6279,5694.0,32.5,183.0,134.0,22.0,18.16,5.709,214.0,215.0,571.4,659.0,48.7,0.0,87.0,1.242857142857143,22.0,57.0,226,0.0,3.180942371693817,11.410060497795552,20.49096590081903,29.258164285223422,10.309061110741792,41.17576255667528,13.819712379196822,0.0152284263766136,0.1578393545847352,4.098400494342096,130.0,61.57488600491055,38.42511399508945,1.9481741060772304,11.744020838615908,10.443626259112564,90.15471,3.1547088623046875,9.67614136145572,112.0,46.7,313.0,102.32385863854428,-9.67614136145572,33.5,-0.2888400406404692,-0.08639411929871178,141.0
2023-04-08,Ride,4029,3395.0,17.19,154.0,127.0,11.0,10.152,5.064,92.0,100.0,551.2,604.2,22.0,-0.1,72.0,1.3142857142857145,23.0,55.0,225,-9.75552282481428,2.0047393364928907,8.699193617205136,11.32238358023138,27.29947258778934,7.437183831721209,44.79074803554612,12.992009466412547,-0.0296127561967818,0.1183782183727794,-10.520182811740492,129.0,87.18555785735424,12.814442142645754,2.014690862925676,14.59905262365568,8.12549682870072,70.16566,-1.8343429565429688,5.371247615161277,112.0,46.7,313.0,106.62875238483872,-5.3712476151612805,35.0,-0.1534642175760366,-0.047957567992511434,141.0
2023-05-03,Ride,2064,1920.0,7.51,167.0,134.0,9.0,15.112,3.916,130.0,109.0,584.4,702.0,24.9,0.5,90.0,1.385714285714286,22.0,46.0,224,121.87499993652344,3.859039836567927,17.504639718319346,32.48395460674259,25.47551440918531,15.940235938155752,-45.16697495828542,11.804472172748584,0.1674008803198199,0.2080083202246446,4.768243085047931,130.0,60.42641705668227,39.57358294331773,1.805655322812998,7.655112844433495,4.001975669890902,90.99472,0.994720458984375,0.994720458984375,112.0,46.7,313.0,111.00527954101562,-0.994720458984375,31.5,-0.0315784272693452,-0.008881432669503348,141.0
2023-05-05,Ride,5579,5411.0,30.56,170.0,136.0,24.0,17.236,5.648,214.0,225.0,560.2,649.8,21.5,0.0,92.0,1.4571428571428573,22.0,60.0,223,0.0,3.0516997167138813,12.653464549537093,18.39073729304733,28.60703866810041,11.603338749674071,-7.613118092382814,13.994439293050148,0.0317880794280952,0.1112140870970872,10.046511801090976,130.0,48.95273401297497,51.04726598702503,2.0973858426499734,10.74804364603303,11.636291952504337,101.3531,9.353103637695312,10.09001067819582,112.0,46.7,313.0,101.90998932180418,-10.090010678195824,31.0,-0.3254842154256717,-0.09008938105531986,141.0
2023-05-11,Ride,7830,7262.0,42.33,171.0,142.0,40.0,16.702,5.83,249.0,266.0,552.8,661.4,22.5,-0.1,95.0,1.5285714285714287,25.0,62.0,222,-12.343706966077704,2.8648370497427105,12.742242978347722,24.398568862527405,29.599616766000363,10.23721472118359,8.857142836190476,10.839884152414855,0.0267175572179165,0.1103296096937898,-3.3824933320064186,132.0,37.27761688043029,62.72238311956971,2.094621643094877,11.14403398971906,10.20551620045678,107.22753,12.227531433105469,16.329823641318555,112.0,46.7,313.0,95.67017635868145,-16.329823641318555,30.5,-0.5354040538137231,-0.1458019967974871,141.0
2023-05-19,Ride,9133,7741.0,46.04,174.0,140.0,42.0,12.55,5.948,280.0,286.0,557.8,612.8,23.5,0.0,89.0,1.6,25.0,59.0,221,0.0,2.10995292535306,14.203681331776789,10.273441179442946,29.637992322518507,9.45970402738569,14.553336098286492,13.1956100693098,0.0391389432102358,0.1807617817713671,5.00325426359292,135.0,51.25887669464171,48.7411233053583,1.990688079249032,9.856598924828736,27.25474043746284,104.602875,15.602874755859377,20.4310841140374,112.0,46.7,313.0,91.5689158859626,-20.431084114037404,30.0,-0.6810361371345801,-0.18242039387533396,141.0
2023-05-30,Ride,4030,3944.0,22.34,167.0,134.0,16.0,12.876,5.665,132.0,130.0,562.0,603.6,29.4,0.0,84.0,1.6714285714285717,26.0,57.0,220,0.0,2.2729037952338924,13.736587570310782,10.28378000865211,28.25325703097393,8.594353389888541,17.555363016730617,14.079513797396933,0.0755395682094612,0.0759685996262424,9.365833901221045,134.0,67.25753355279818,32.74246644720182,2.01746644360488,9.754969315279444,12.835745907944142,85.11545,1.115447998046875,4.111978669130739,112.0,46.7,313.0,107.88802133086926,-4.111978669130735,29.0,-0.1417923679010598,-0.03671409526009585,141.0
2023-05-30,Ride,6163,5750.0,33.01,178.0,141.0,31.0,17.852,5.742,222.0,237.0,550.2,647.6,18.9,0.0,94.0,1.7428571428571429,23.0,57.0,219,0.0,3.109021246952281,12.400113059674869,22.122167130164865,29.11974344539209,11.885531000872591,2.251521353640634,12.88695651949792,0.0431848852318692,0.1217391304136105,11.149366645316768,135.0,53.63478260869565,46.31304347826087,1.9574347606961808,11.370863148632766,10.03518274943811,99.51652,5.516517639160156,9.628496308290895,112.0,46.7,313.0,102.37150369170912,-9.628496308290892,28.0,-0.3438748681532461,-0.08596871703831153,141.0
2023-06-07,Ride,5187,5119.0,30.09,161.0,131.0,20.0,13.396,5.879,148.0,150.0,557.4,605.4,20.0,0.0,81.0,1.8142857142857145,24.0,59.0,218,0.0,2.2786188127232525,15.709119957976869,11.22388767463016,28.97109887386852,7.664977202661835,15.21675189957783,13.010353582142928,0.0750750749623497,0.0,3.2818304207437428,136.0,76.79234225434655,22.50439538972456,2.036512257279437,8.339104419046443,13.186160722934718,83.81937,2.819366455078125,4.816876118605502,112.0,46.7,313.0,107.1831238813945,-4.8168761186055065,29.0,-0.1660991765036381,-0.04300782248754916,141.0
2023-06-18,Ride,6405,6293.0,36.16,181.0,137.0,30.0,14.606,5.746,265.0,273.0,558.0,621.0,39.4,0.0,87.0,1.9571428571428573,26.0,51.0,216,0.0,2.541942220675252,14.560000896985084,0.0,29.183635333903418,0.0,27.577298078340856,13.201845075043448,0.038554216821019,0.334022586236039,2.522902390602756,136.5,67.52027994273898,32.44790838237633,1.7475546712714454,9.40933943342194,265000000.0,80.8098,-6.190200805664063,-5.6487417355978895,112.0,46.7,313.0,117.6487417355979,5.648741735597895,28.0,0.2017407762713534,0.05043519406783835,141.0
2023-06-21,Ride,9092,8051.0,50.11,180.0,135.0,34.0,18.218,6.224,234.0,279.0,546.0,619.8,42.6,-0.1,89.0,2.0285714285714285,25.0,55.0,215,-10.46329648360908,2.927056555269923,14.259642410299952,19.091197745799683,30.51079548759014,8.998430782560353,31.438094422283097,10.098246485499534,0.0566502462356524,0.1492351697364463,5.299871912418674,136.0,70.5509265016789,29.33714712100485,1.8026405840427835,9.46727741469941,12.25695688970202,84.44744,-4.552558898925781,-2.3994880970728936,112.0,46.7,313.0,114.39948809707288,2.39948809707289,28.0,0.0856960034668889,0.02142400086672223,141.0
2023-06-21,Ride,457,457.0,2.36,154.0,138.0,1.0,9.312,5.174,13.0,12.0,574.0,581.6,21.4,0.1,68.0,2.1,27.0,54.0,214,10.240700196409849,1.7997680711248547,9.08147675243007,2.1624184174599588,31.382188799316094,7.070998272714178,2.4135680961018977,11.52993345558773,0.4999999903846155,0.2217294895305332,2.167105929423239,136.5,76.05321507760532,23.94678492239468,1.7207212226208897,15.195764804144703,6.011784714396516,73.75487,5.7548675537109375,2.153070801852888,112.0,46.7,313.0,109.84692919814712,-2.1530708018528912,29.0,-0.0742438207535479,-0.0192238464451151,141.0
2023-06-23,Ride,9558,9058.0,55.01,174.0,132.0,38.0,11.962,6.073,310.0,316.0,554.4,611.0,18.1,0.0,83.0,2.171428571428572,25.0,50.0,213,0.0,1.9697019594928369,16.970202351400456,11.474869234000844,30.167848263023032,8.91176909477983,-32.603406574671,13.358315880815791,0.0602310230526146,0.0881737021836025,0.8778424048305844,136.0,69.82255042433594,29.94599360740659,1.6573935902446115,7.778339320200708,27.01555605234196,82.245445,-0.7545547485351562,-2.7879064055331715,103.5,26.905,182.5,106.28790640553318,2.787906405533178,26.5,0.1052040153031388,0.026936293773267422,135.5
2023-07-21,Ride,14339,9100.0,69.12,169.0,142.0,51.0,12.754,7.596,169.0,170.0,6.6,31.0,40.2,0.0,116.0,1.4,29.0,74.0,201,0.0,1.6790416008425486,11.683547245905707,4.951451897046767,27.8048041346928,7.128157841781653,6.578947325138502,7.305986695420621,-0.0060698027222006,0.1995565409978318,6.689159179571373,136.0,48.58093126385809,51.4190687361419,2.661410487918443,12.15384205305622,34.131396079885555,123.13945,7.139450073242188,7.139450073242188,95.0,7.11,52.0,87.86054992675781,-7.139450073242188,23.0,-0.3104108727496603,-0.0751521060341283,130.0
2023-07-24,Ride,5524,5365.0,42.34,178.0,145.0,37.0,14.573,7.892,119.0,126.0,-1.4,17.0,27.8,0.0,131.0,1.1,26.0,74.0,199,0.0,1.8465534718702483,13.462771393079144,3.245341963435121,26.98047816151636,10.261606473696338,2.9509492853540307,7.949869059493103,0.101176470350173,0.0561167227728924,12.32481547012733,137.0,43.640104751215866,56.35989524878414,2.742723713578445,10.77044131523316,36.66792734720439,127.55473,-3.4452667236328125,1.107047630164538,95.0,7.11,52.0,93.89295236983546,-1.1070476301645442,23.0,-0.048132505659328,-0.011653132949100465,130.0
2023-07-25,Ride,3703,1617.0,9.13,158.0,131.0,5.0,11.648,5.646,28.0,26.0,3.0,17.8,48.6,0.1,78.0,1.2,28.0,63.0,198,6.23376622991109,2.063053489195891,10.190300743497312,2.000041595362224,32.46127881731914,8.107600829998256,-7.629617766411267,13.215859022519911,-0.0380952379138322,0.1887979860359987,2.540391678545295,136.0,85.46255506607929,14.537444933920703,1.9407737573669992,12.855360253055744,13.999701838814572,80.929565,2.9295654296875,3.882410155252576,95.0,7.11,52.0,91.11758984474744,-3.882410155252572,23.0,-0.1688004415327205,-0.04086747531844812,130.0
2023-07-25,Ride,4808,4808.0,37.38,158.0,138.0,19.0,12.232,7.776,95.0,102.0,-3.6,12.8,14.5,0.0,115.0,1.0,26.0,74.0,197,0.0,1.573045267489712,9.314885844748206,2.782364539348745,26.105823301863005,9.378385703927703,3.745644551224039,7.281048469465144,0.1028571425632653,0.0416059912540865,3.839203335095565,137.0,73.03931766174328,26.96068233825671,2.834616488042444,14.814994782014482,34.14360861522034,117.015076,2.01507568359375,5.897485838846325,95.0,7.11,52.0,89.10251416115368,-5.897485838846322,23.0,-0.256412427775927,-0.062078798303645495,130.0
2023-07-26,Ride,5155,4875.0,36.1,183.0,140.0,23.0,15.346,7.405,99.0,109.0,-1.4,15.8,26.2,0.0,114.0,1.2,27.0,70.0,195,0.0,2.0723835246455096,9.940496280964268,3.0345070889442867,24.854075398494697,9.482870730605882,3.181818242940774,5.7652851855221,0.0391459073340003,0.1025851456498594,7.310282066276715,137.5,68.30118998768978,31.69881001231022,2.8164393992222374,14.083802454037736,32.62472766531407,125.66822,11.668220520019531,16.744233622368384,95.0,7.11,52.0,78.25576637763162,-16.744233622368384,23.0,-0.7280101574942776,-0.17625509076177245,130.0
2023-07-26,Ride,1475,1475.0,9.13,151.0,128.0,4.0,11.5,6.193,24.0,24.0,2.4,13.0,10.1,0.0,91.0,0.7,27.0,61.0,196,0.0,1.856935249475214,7.525487795547231,1.86092567595703,31.184915699485547,8.10673730817119,-6.540503650787373,13.18681317775631,-0.1041666661241319,0.2060439559024423,4.957761276738548,137.0,96.42857142857144,3.571428571428571,1.956073847745962,17.00886194604881,12.896800454352867,77.63553,-13.364471435546877,3.379762186821509,95.0,7.11,52.0,91.62023781317848,-3.379762186821509,22.5,-0.1502116527476226,-0.03557644407180536,130.0
2023-07-27,Ride,3291,987.0,6.23,154.0,130.0,3.0,11.96,6.32,18.0,13.0,-1.0,15.8,42.3,0.1,79.0,1.1,29.0,60.0,194,6.565349537421125,1.89240506329114,9.523406997424503,1.907367128034412,28.169546737723348,8.36235771686104,6.248570952298758,14.401622703446632,0.0070422534715334,0.1014198781932861,9.10035031727013,136.0,90.973630831643,8.924949290060852,2.1299596485764942,13.650575511955072,9.4370875424816,79.124084,0.12408447265625,3.033072745273321,95.0,7.11,52.0,91.96692725472668,-3.033072745273316,22.0,-0.1378669429669689,-0.031927081529192804,130.0
2023-07-27,Ride,4731,4715.0,32.59,157.0,124.0,14.0,12.726,6.913,83.0,94.0,-2.8,15.2,12.7,0.0,92.0,1.2,27.0,66.0,193,0.0,1.840879502386808,10.181295331253851,3.319113262206829,28.827205878689263,8.931458481543036,10.399254530587465,12.49201957597531,-0.0085178875493732,0.0638433709163985,15.442742069862476,135.0,94.78612470738454,5.213875292615451,2.2895038106793137,12.17919565108357,25.00667149217531,85.5942,-6.405799865722656,-3.372727120449335,95.0,7.11,52.0,98.37272712044934,3.3727271204493405,21.5,0.1568710288581088,0.03550239074157201,130.0
2023-09-06,Ride,223,223.0,1.48,134.0,118.0,0.0,12.822,6.673,9.0,15.0,575.4,589.6,12.1,-0.6,77.0,2.6,22.5,52.0,192,-87.1748875014579,1.9214745991308253,11.22919369319806,0.0,26.184151416343024,0.0,21.21892837167884,11.160714235889667,1.159999953600002,0.0,3.2818304207437428,131.0,100.0,0.0,1.985934055575686,10.508322566664283,9000000.0,66.53253,-10.46746826171875,-18.968093872070312,92.0,32.59,83.0,110.96809387207033,18.968093872070312,20.0,0.9484046936035156,0.2061749333920686,124.0
2023-09-06,Ride,4036,3981.0,21.9,161.0,130.0,15.0,11.99,5.501,147.0,125.0,565.0,621.8,30.3,0.1,88.0,2.9,22.0,56.0,191,13.293142423186854,2.179603708416652,12.953090025806818,13.611907745647404,28.85043825086497,8.85935748879498,25.184404589176182,14.447520761528438,0.0313588849627894,0.1510193807825272,2.508783627264246,130.5,72.16209413541405,27.83790586458596,1.941044970340306,10.036214502082728,10.799367138499608,79.499374,-8.500625610351562,-8.500625610351562,91.0,9.13,24.0,99.50062561035156,8.500625610351562,20.25,0.4197839807581018,0.09341346824562156,128.0
2023-09-25,Ride,5496,5027.0,30.68,182.0,134.0,23.0,17.316,6.104,227.0,234.0,564.8,658.6,18.3,0.0,96.0,1.4,22.0,58.0,188,0.0,2.836828309305373,15.629552801859743,21.21478614365121,27.931440463095715,13.1118953148463,12.400792844940709,10.921366161453262,0.1018181816330578,0.1191421763067628,2.978208341946412,136.0,75.6155679110405,24.364575059571088,2.0765129532119646,8.573501310322467,10.700083788864816,95.762054,-0.237945556640625,-0.237945556640625,91.0,9.13,24.0,91.23794555664062,0.237945556640625,20.0,0.0118972778320312,0.002614786336710165,128.0
2023-11-10,Ride,6392,5832.0,31.35,167.0,122.0,17.0,15.962,5.376,218.0,250.0,557.8,662.8,22.5,-0.2,74.0,1.2,22.0,56.0,166,-26.91358024229877,2.969122023809524,12.73264841816952,29.642182825415155,28.297995238256647,11.09491091658044,63.68958478695399,22.15548309213052,0.039504260232762,0.0686459584574144,-1.6473304350521745,136.0,93.89050969624164,6.109490303758366,1.9789387039458448,9.581666469659153,7.354383917324174,80.81298,6.812980651855469,10.598503112792969,91.0,9.13,24.0,80.40149688720703,-10.598503112792969,19.0,-0.5578159533048931,-0.11646706717354911,128.0
2023-11-10,Ride,1304,1271.0,5.76,153.0,126.0,4.0,7.948,4.538,56.0,15.0,572.6,614.4,17.5,0.7,71.0,1.9,25.0,57.0,165,111.03068441303644,1.751432349052446,11.850670476429269,12.365435239909258,28.77694907995128,5.676662487653103,11.297986809268004,18.35294116207612,0.1025641021257944,0.1568627449750096,-12.028664479688596,136.0,90.11764705882352,9.88235294117647,1.980751950489414,10.632308916048451,4.528752476945443,74.78552,3.7855224609375,3.7855224609375,91.0,9.13,24.0,87.2144775390625,-3.7855224609375,19.5,-0.1941293569711538,-0.04159914792239011,128.0
2023-11-14,Ride,1221,1221.0,5.5,152.0,125.0,3.0,8.808,4.507,42.0,16.0,565.2,606.4,39.7,0.6,76.0,1.0,23.0,58.0,163,74.29975423890272,1.9542933214998888,14.146892341236564,11.53008664082589,29.031100299498963,5.098286349564001,14.01828920804854,15.5071248822237,0.2378378365522279,0.0,3.2818304207437428,136.0,89.77367979882649,10.226320201173513,1.997857380663716,8.835862191428236,3.642643604137564,74.21655,-1.783447265625,4.033134567854543,91.0,9.13,24.0,86.96686543214545,-4.033134567854546,18.0,-0.2240630315474747,-0.04432016008631369,128.0
2023-11-14,Ride,8064,7040.0,39.94,146.0,118.0,19.0,12.332,5.675,223.0,267.0,561.6,612.8,19.8,-0.1,68.0,0.6,19.0,58.0,164,-11.403409089289289,2.173039647577093,11.453138401724578,10.20612184927301,27.95382766283772,8.853988364949943,-2.6238072709802074,19.78458049606228,0.023638968464442,0.0708616779944923,-1.4853889676639402,125.0,88.16609977324264,11.763038548752832,2.0748499498784634,10.302851983293936,21.849629217022844,77.548515,9.54851531982422,13.58164988767876,91.0,9.13,24.0,77.41835011232124,-13.581649887678765,19.0,-0.7148236782988824,-0.1492488998646018,128.0
2023-11-17,Ride,12037,10953.0,73.66,178.0,144.0,71.0,16.186,6.726,380.0,424.0,544.0,628.6,12.3,-0.1,100.0,1.0,17.0,65.0,162,-12.48972884027301,2.406482307463574,12.855298633995938,20.051074656061207,31.46556160642493,9.49947431006852,39.3936093132805,15.68860089297357,0.0325770796785473,0.0547595144606407,6.334369675859353,125.5,18.07063977366068,81.92936022633933,2.065750446385716,11.20160588238573,18.951601725423163,106.64289,6.642890930175781,15.302933244030454,91.0,9.13,24.0,75.69706675596954,-15.302933244030456,17.0,-0.9001725437664974,-0.16816410158275227,128.0
2023-11-18,Ride,1499,1231.0,5.5,165.0,137.0,5.0,8.088,4.47,51.0,14.0,566.2,609.8,19.0,0.7,71.0,0.8,24.0,54.0,161,104.40292436685382,1.8093959731543623,11.790653570118172,12.8412107170655,28.389139218187086,5.577371667883639,-100.0,19.28687194547255,0.1218487389838288,0.0,3.2818304207437428,126.0,28.60615883306321,68.80064829821718,1.9021358021052603,11.619371866529622,3.971587816142216,91.509056,20.5090560913086,33.68041279714579,91.0,9.13,24.0,57.31958720285421,-33.68041279714579,18.0,-1.8711340442858773,-0.37011442634226144,128.0
2023-12-05,Ride,9963,5838.0,33.61,186.0,140.0,37.0,11.682,5.759,218.0,224.0,542.2,653.2,10.8,0.0,93.0,1.3,19.0,62.0,158,0.0,2.028477166174683,18.7807997016053,24.42116045934729,30.856469325009428,9.97090820962492,1.798555200900856,19.26369862683841,0.0346666666358518,0.1883561643513088,-0.9067835499362435,126.0,40.650684931506845,59.34931506849315,2.0093030520651767,7.454421258409574,8.926684357862909,105.24725,12.24725341796875,12.24725341796875,91.0,9.13,24.0,78.75274658203125,-12.24725341796875,16.5,-0.742257782907197,-0.13458520239526098,128.0
2023-12-07,Ride,10269,7448.0,48.24,197.0,141.0,48.0,14.294,6.478,294.0,308.0,537.6,599.6,18.2,0.0,100.0,1.0,19.0,63.0,157,0.0,2.206545230009262,18.076783761676964,13.690110262562802,31.311213624835293,10.5171430919597,-6.2389770868845495,18.812281171719324,0.0250536864530753,0.1077295986927377,-5.603073209523746,131.5,46.83544303797469,53.16455696202531,2.0120586427212546,7.800059682013915,21.47535504725788,105.193214,5.193214416503906,14.266202901841604,91.0,9.13,24.0,76.73379709815839,-14.26620290184161,16.0,-0.8916376813651006,-0.1567714604597979,128.0
2023-12-09,Ride,11569,10606.0,62.23,170.0,133.0,44.0,17.964,5.867,472.0,494.0,532.0,718.6,12.7,-0.1,98.0,1.3,19.0,63.0,156,-16.021120119175833,3.06187148457474,14.220527162014118,44.032999493989486,31.14591490120008,14.294305939853372,38.58278813226783,19.39411098344714,0.0238442822268397,0.0943752359291831,5.868387135091874,133.0,65.07172517931295,34.90939977349943,2.022737112623249,9.352676531049646,10.719233182041004,98.572266,0.572265625,11.140928674626656,91.0,9.13,24.0,79.85907132537335,-11.14092867462665,15.5,-0.7187695919113968,-0.1224277876332599,128.0
2023-12-10,Ride,3474,3330.0,19.15,182.0,136.0,14.0,13.414,5.751,115.0,118.0,553.4,627.2,10.4,-0.2,92.0,1.2,20.0,62.0,155,-24.86486485739794,2.33246391931838,12.194565963602557,12.26163963591824,30.821624744570087,9.33524031871586,-30.981709746676945,16.933776831891816,0.0732142855835459,0.0907166615994204,13.828515995610024,134.5,64.68097973994557,35.31902026005443,2.0115746169204805,11.152507539293753,9.37884280045922,94.27499,2.274986267089844,11.864072442123652,91.0,9.13,24.0,79.13592755787634,-11.864072442123655,15.0,-0.7909381628082437,-0.1303744224409193,128.0
2023-12-13,Ride,8813,6468.0,37.51,181.0,136.0,30.0,15.536,5.8,276.0,289.0,544.0,651.6,12.0,-0.1,94.0,0.5,17.0,58.0,154,-15.361781073691748,2.6786206896551725,14.54947415024806,32.12188403462737,28.53567268698088,12.216861031696418,39.35420014575062,17.955459322926774,0.0292850990273168,0.0618620476242093,7.014214136752141,136.0,68.34209712341477,31.65790287658521,2.0325435676138226,9.347416219181026,8.59227282902209,97.07269,3.07269287109375,10.637559453071876,91.0,9.13,24.0,80.36244054692813,-10.637559453071871,15.0,-0.7091706302047914,-0.11689625772606452,128.0
2023-12-15,Ride,7439,6539.0,38.07,176.0,135.0,33.0,16.818,5.822,292.0,299.0,547.8,669.0,21.9,0.0,100.0,0.8,16.0,63.0,153,0.0,2.888698041909997,16.7091772439136,25.969171359485248,29.4135644013244,12.523304584052235,6.379098012942124,15.17693715448796,0.0130653266200348,0.1677852348737362,8.94176117325864,135.5,69.21903599755949,30.75045759609518,2.141868866980788,8.079391938330325,11.244101119508604,101.50292,1.5029220581054688,9.383419924526162,91.0,9.13,24.0,81.61658007547383,-9.383419924526166,15.0,-0.6255613283017444,-0.1031145046651227,128.0
2023-12-24,Ride,8635,5823.0,31.26,175.0,138.0,36.0,14.906,5.368,365.0,380.0,562.2,876.4,19.0,-0.2,110.0,1.3,18.0,63.0,152,-45.131375571847606,2.7768256333830106,22.95106872941016,98.05443283923108,26.64708582244494,18.13393312435609,71.69040641808112,14.243936003054545,0.045893719751336,0.0516084637791831,-1.7026059436640322,136.0,42.628591088938585,56.8553242731808,2.3642359264178503,6.012791631370577,3.7224221864199407,117.795586,7.795585632324219,9.053900616103544,92.0,32.59,83.0,82.94609938389645,-9.053900616103547,9.0,-1.0059889573448386,-0.09841196321851682,124.0
2024-01-03,Ride,5288,4820.0,30.01,189.0,138.0,26.0,16.634,6.227,191.0,197.0,560.0,655.6,16.1,0.0,97.0,0.9,18.0,64.0,151,0.0,2.671270274610567,16.163581233371765,21.45909862923883,27.462734982068383,11.715962627804569,5.02485981733679,12.795031053251543,0.0825242717111257,0.1242236024587528,-4.8380030665067375,136.0,65.11387163561076,34.88612836438924,2.330430589355277,8.537711381520458,8.90065302365973,104.72337,7.7233734130859375,9.462803683677238,88.0,21.9,147.0,78.53719631632276,-9.462803683677237,9.0,-1.051422631519693,-0.10753186004178678,130.0
2024-01-05,Ride,9453,7748.0,45.71,163.0,124.0,24.0,12.494,5.9,215.0,258.0,550.2,626.0,43.0,-0.1,75.0,1.1,17.0,58.0,150,-9.989674753486105,2.117627118644068,10.636202229334549,19.4004351565172,28.47746978966002,8.837860903896367,3.925000006100011,19.51819712219684,0.0185799601734704,0.0906618313572514,7.9322249777371425,136.0,95.24672969822562,4.416526356689547,2.0366977260164343,11.658295476905629,11.08222507295409,73.55648,-1.4435195922851562,4.532167155668584,88.0,21.9,147.0,83.46783284433141,-4.5321671556685885,9.0,-0.503574128407621,-0.05150189949623396,130.0
2024-01-05,Ride,1411,1299.0,6.13,161.0,130.0,4.0,7.776,4.72,49.0,18.0,563.4,605.2,22.6,0.5,77.0,0.9,22.0,56.0,149,67.89838331955474,1.647457627118644,14.045065815620395,11.77387500659478,28.43851515706156,5.421324581415619,-6.823821519250778,18.50699843039891,0.2016806714215097,0.1555209952134362,-2.969414670063256,136.0,84.60342146189736,14.463452566096423,1.9691604052307297,9.25591894339861,4.161756075276666,75.96547,-1.0345306396484375,5.97568674795374,88.0,21.9,147.0,82.02431325204626,-5.975686747953745,9.0,-0.6639651942170828,-0.0679055312267471,130.0
2024-01-09,Ride,3863,3453.0,21.03,173.0,136.0,17.0,14.224,6.091,144.0,150.0,550.4,601.4,10.0,0.0,99.0,1.4,22.0,61.0,148,0.0,2.335248727630931,16.707683564964483,13.015884983199358,28.592101832989943,10.590102582785136,19.306615766531348,14.708442119318702,0.0788954633552357,0.3771395415209923,4.496803415390476,136.0,63.91064693936757,35.97331012474616,2.133456232873414,8.139966939834855,11.063403612007074,102.03159,3.0315933227539062,4.811699821251189,88.0,21.9,147.0,83.18830017874882,-4.811699821251182,10.0,-0.4811699821251182,-0.05467840705967252,130.0
2024-01-12,Ride,8120,7512.0,52.34,173.0,137.0,39.0,14.34,6.969,310.0,347.0,569.0,650.4,47.6,0.0,105.0,1.4,19.0,66.0,147,0.0,2.0576840292724925,16.851375278952283,16.877964835349385,28.64679776720456,12.007552782469602,41.636904858040445,13.504823149316072,0.0158730158572688,0.174169346171735,10.33729996446506,136.0,60.77170418006431,38.62540192926045,2.303922352244054,8.129899762022157,18.367142286230536,105.524605,0.5246047973632812,3.5926800605464937,88.0,21.9,147.0,84.4073199394535,-3.592680060546499,11.0,-0.3266072782314999,-0.04082590977893749,130.0
2024-01-12,Ride,1871,1532.0,7.02,175.0,138.0,7.0,9.508,4.585,56.0,27.0,564.0,606.6,16.9,0.4,85.0,1.5,22.0,54.0,146,52.63707568365726,2.073718647764449,12.682003634396734,12.432927183783033,28.759746105304256,6.30698412334856,-46.48601406303485,15.7303370682549,0.117647058329214,0.3965631193677705,6.772217190791246,136.5,73.09980171844018,26.900198281559817,1.8776242990690484,10.88156044555526,4.504168219441977,72.99903,-12.000968933105469,-8.408288872558975,88.0,21.9,147.0,96.40828887255896,8.40828887255897,10.0,0.840828887255897,0.09554873718817011,130.0
2024-01-13,Ride,12059,7793.0,55.03,175.0,139.0,39.0,13.026,7.062,216.0,266.0,530.2,601.4,7.3,-0.1,101.0,0.5,19.0,67.0,145,-9.978185549855231,1.844519966015293,13.55425085435737,16.026132499280013,31.981502661063463,8.264053396623671,33.854166707650606,16.90430314490632,0.0151975683775094,0.1027617212456311,10.368006121706385,136.5,63.23699421965318,36.63455362877328,2.094960909595083,10.255084640124553,13.477985816710184,103.4527,2.45269775390625,-4.784383546791316,88.0,21.9,147.0,92.78438354679132,4.784383546791318,11.0,0.4349439587992107,0.05436799484990134,130.0
2024-01-18,Ride,8400,6558.0,34.26,173.0,140.0,34.0,13.932,5.224,233.0,236.0,549.4,650.0,13.4,0.0,83.0,3.1,25.0,56.0,144,0.0,2.6669218989280243,12.333233207059004,19.869333001308497,30.53390801112128,10.054647365013867,39.674908517414366,17.180549161346747,0.0196428571253188,0.2454364165906678,1.3473041092483828,137.0,65.7922994324283,34.20770056757171,1.834026556495052,11.351442585909066,11.726613483101938,90.58686,7.586860656738281,4.51284032500866,88.0,21.9,147.0,83.48715967499135,-4.5128403250086535,10.0,-0.4512840325008653,-0.05128227642055288,130.0
2024-01-19,Ride,6182,5109.0,27.01,168.0,124.0,16.0,12.956,5.287,172.0,181.0,550.2,622.0,10.7,-0.1,79.0,0.6,15.0,58.0,143,-12.119788605965985,2.4505390580669566,17.570400868097853,16.057191659843745,28.430248537996967,9.621026176450714,83.92857145858343,17.4050009810189,0.0663068986123158,0.098444575684496,-0.3662805175697424,136.5,82.73282142153967,11.636148848198465,2.0400805811599763,7.057322930396017,10.711710548889544,85.56928,6.569282531738281,10.453520195805886,88.0,21.9,147.0,77.54647980419412,-10.45352019580588,9.0,-1.161502243978431,-0.1187900022250668,130.0
2024-02-20,Ride,4489,3940.0,23.47,165.0,128.0,13.0,13.484,5.958,140.0,148.0,551.8,608.2,9.6,-0.1,87.0,1.3,18.0,60.0,140,-12.791878169342164,2.263175562269218,12.48888881426775,12.11179644200255,26.51565345005352,9.788639536841403,4.2609195793101975,14.318297006001446,0.0796460175581486,0.0506842371893856,-3.770138334418754,136.5,92.7521540800811,7.247845919918905,2.26281422218032,10.249109560864913,11.558977985752424,92.16688,5.166877746582031,5.166877746582031,85.0,7.02,56.0,79.83312225341797,-5.166877746582031,9.0,-0.5740975273980035,-0.06078679701861213,138.0
2024-02-24,Ride,10652,7279.0,43.0,175.0,125.0,24.0,12.174,5.907,219.0,236.0,541.8,608.2,15.5,-0.1,76.0,0.5,19.0,56.0,139,-10.831158124628224,2.0609446419502286,13.3686091873831,12.635192371896308,27.97812737040769,8.099256470193112,39.40282138644525,18.118131865643115,0.052312357807193,0.1373626373437688,-1.4199240504564388,136.0,89.8901098901099,9.93131868131868,2.0015634805375644,9.350261414456629,17.332540433224267,77.26486,1.264862060546875,4.100504690146376,85.0,7.02,56.0,80.89949530985362,-4.10050469014638,9.0,-0.4556116322384866,-0.04824123164878094,138.0
2024-03-01,Ride,10497,5448.0,30.43,180.0,123.0,19.0,10.772,5.586,152.0,150.0,548.8,600.0,28.8,0.0,81.0,0.8,25.0,55.0,138,0.0,1.928392409595417,16.3483380828098,12.158504123491896,28.473255493057017,7.714624973952812,14.231974798400184,15.256104274783164,0.0517448856176355,0.3488158618783153,4.983138318560426,136.0,86.06572425188178,13.732329722783184,1.9316371491758,7.52370007601163,12.501536862974644,82.011345,1.0113449096679688,2.678485706305512,85.0,7.02,56.0,82.32151429369449,-2.6784857063055085,9.0,-0.2976095229228342,-0.03151159654477069,138.0
2024-03-03,Ride,7921,6312.0,31.76,177.0,113.0,17.0,12.718,5.032,198.0,205.0,549.2,609.4,11.6,-0.1,68.0,2.4,21.0,53.0,137,-11.292775663610144,2.527424483306836,16.937629944464312,16.619793149254388,27.92328663955,8.153671554537176,6.022409114626238,22.669190720512823,0.0201809324842164,0.2366303833038917,2.9461694675553733,132.0,89.43050954409213,9.607193563653574,1.8980573019966256,6.671535137972263,11.913504958115432,72.90446,4.904457092285156,6.88872810735182,85.0,7.02,56.0,78.11127189264818,-6.888728107351824,9.0,-0.7654142341502026,-0.08104386008649204,138.0
2024-03-05,Ride,8517,6490.0,39.22,168.0,129.0,26.0,14.314,6.043,267.0,273.0,545.4,655.4,14.7,-0.1,98.0,0.6,18.0,59.0,136,-14.81047765565324,2.368691047492967,17.46252428386237,30.71838479701009,29.18673156276334,11.148934809631925,4.199640374463027,17.542242700838365,0.049036777540248,0.1382488479050309,7.244060464562082,128.5,61.90476190476191,38.003072196620586,2.0214664273613363,7.387247714923149,8.69186296976542,91.497185,-6.502815246582031,-1.399519947333518,98.0,39.22,267.0,99.39951994733352,1.3995199473335165,9.0,0.1555022163703907,0.014280815789117515,129.0
2024-03-15,Ride,4505,4037.0,15.83,136.0,114.0,10.0,9.532,3.922,124.0,112.0,563.4,607.4,42.4,0.1,54.0,0.9,21.0,45.0,134,11.057716123096926,2.430392656807751,8.656448234830433,11.406551070706,24.376223810732977,7.922423094177684,-100.0,20.776312510381608,0.0107784431008641,0.17417267972775,6.2286190520424025,124.0,95.22269221199304,4.628016919631749,1.8460610840849427,13.169371980061417,10.87094498244158,63.21969,9.219688415527344,8.703261198196829,98.0,39.22,267.0,89.29673880180317,-8.703261198196827,9.0,-0.9670290220218696,-0.08880878773670232,129.0
2024-03-16,Ride,16239,15470.0,100.24,159.0,134.0,60.0,12.9,6.48,442.0,464.0,558.2,635.4,31.5,0.0,92.0,1.2,20.0,61.0,133,0.0,1.9907407407407407,10.87385636513036,16.507314882810388,29.26370072595882,8.076537053174352,14.194263156453395,17.222222221109675,-0.0105026256524746,0.1162790697599302,6.62812779997606,125.0,40.01291989664082,59.98708010335917,2.084493635536512,12.32313387057138,26.77600665897896,90.20522,-1.7947769165039062,5.589594448451218,98.0,39.22,267.0,92.41040555154878,-5.589594448451223,9.0,-0.6210660498279137,-0.05703667804542064,129.0
2024-03-24,Ride,9208,8132.0,54.66,175.0,135.0,39.0,15.61,6.722,323.0,368.0,545.6,644.2,18.5,-0.1,98.0,1.4,22.0,61.0,132,-14.299065418802378,2.322225528116632,15.645910295015138,19.66921194730888,29.820077482306896,11.719434963996072,30.83333345804988,20.51819864028153,0.0216476247614866,0.0616903146129931,6.320300730558426,126.5,46.650215916101175,53.31276989512647,2.0456015914308554,8.628452344799605,16.42160267750787,96.16725,-1.8327484130859373,0.0167895959046719,98.0,39.22,267.0,97.98321040409532,-0.0167895959046688,9.0,-0.0018655106560743,-0.00017132240719049794,129.0
2024-03-24,Ride,1235,1142.0,7.06,187.0,152.0,11.0,10.344,6.185,47.0,22.0,589.8,633.8,26.1,0.6,109.0,0.9,36.0,61.0,131,88.89667242653529,1.6724333063864187,16.416280813186102,10.047533986221802,32.17829007712834,7.937376362166505,3.319915174867948,18.70629368994205,0.1542056067560485,0.1748251746723556,-5.6700217966739865,128.0,17.482517482517483,82.51748251748252,1.8956879920623733,9.259100308445518,4.677764254063426,95.43472,-13.565277099609377,-13.548487503704704,109.0,7.06,47.0,122.5484875037047,13.548487503704706,9.0,1.505387500411634,0.12429805049270373,152.0
2024-03-31,Ride,9388,7615.0,50.46,158.0,129.0,25.0,12.842,6.628,222.0,234.0,534.6,599.2,10.4,0.0,81.0,0.8,27.0,56.0,126,0.0,1.93753771876886,11.276952192176465,14.37555892007962,28.33388212991737,7.713761426672885,49.425287343865016,18.558322409101137,0.0296610169282054,0.026212319786866,6.008045355397054,128.5,65.67496723460026,34.32503276539974,1.976432236387336,11.43926003785273,15.442876745963328,81.62725,0.6272506713867188,-4.761099717282023,109.0,7.06,47.0,113.76109971728202,4.761099717282022,9.0,0.5290110796980024,0.04367981392001855,152.0
2024-04-06,Ride,14850,12427.0,80.21,177.0,145.0,85.0,16.178,6.455,672.2,626.0,561.3,654.2,33.2,0.0,109.0,0.9,28.0,58.0,125,0.0,2.506274206041828,13.404282392335476,17.651063273477455,29.2171889099433,13.492447093662872,69.62040081987787,18.12177834905592,0.015111111104395,0.1449742267924472,-0.1393587851207712,129.0,23.46971649484536,76.5222293814433,1.9851327310660087,10.81743766197233,38.08268949595577,96.154106,-12.84589385986328,-14.781612551909696,109.0,43.635,359.6,123.78161255190967,14.781612551909689,9.0,1.642401394656632,0.1356111243294467,148.5
2024-04-09,Ride,12497,7571.0,46.08,162.0,121.0,23.0,11.691,6.087,251.0,271.0,533.2,611.6,26.8,-0.1,74.0,1.5,24.0,53.0,124,-11.93501518796262,1.920650566781666,13.587156561119592,12.46643335724796,27.744975682436085,9.095394189908196,24.535603766959568,22.53204704340795,0.0217008797526681,0.118937491724734,-1.2494195367540315,128.5,87.4983480903925,12.448790802167306,1.910255705262552,8.905468230253563,20.134065026706622,73.73525,-0.2647476196289062,-8.293042549882415,109.0,43.635,359.6,117.2930425498824,8.293042549882415,9.0,0.9214491722091572,0.07608295917323317,148.5
2024-04-21,Ride,634,634.0,2.46,154.0,135.0,2.0,6.624,3.892,29.7,700.0,569.3,599.1,9.3,1.2,67.0,1.0,27.5,43.0,122,202.3722394284349,1.7019527235354572,7.588136057475789,0.0,22.77783930108291,0.0,38.01587302210885,16.429699816066826,-0.1442307678439349,0.0,3.2818304207437428,129.0,55.92417061611374,44.07582938388626,1.8877996961790835,17.79092799424317,29700000.0,72.84679,5.8467864990234375,5.803024011839468,109.0,43.635,359.6,103.19697598816052,-5.803024011839469,9.0,-0.644780445759941,-0.053238752402196964,148.5
2024-04-21,Ride,12001,4883.0,31.73,185.0,140.0,29.0,18.03,6.5,188.0,216.0,542.6,655.0,16.2,-0.1,95.0,1.3,24.0,56.0,123,-13.860331760421804,2.773846153846154,18.46495376085228,26.417516663594444,30.33331641008131,12.515177183612744,58.14275822331207,20.184049075626984,0.0415400202213373,0.081799590985317,-4.281852346318874,131.5,40.1840490797546,59.20245398773007,1.8461548152787384,7.581930300572156,7.116489989484506,93.21707,-1.782928466796875,4.020095545042593,109.0,43.635,359.6,104.9799044549574,-4.020095545042594,9.0,-0.4466772827825104,-0.03688161050497792,148.5
2024-04-27,Ride,9165,8392.0,66.24,175.0,146.0,59.0,18.632,7.893,358.0,413.0,534.2,633.8,14.9,-0.1,114.0,0.6,28.0,61.0,121,-15.35748331561517,2.360572659318384,13.105153873346186,23.053868349031244,31.08682136566028,12.17969901589344,-45.44063260192386,20.06433932800377,0.0219714964240074,0.107232217311184,-1.735769759921122,134.5,32.205409269629456,67.79459073037056,1.9622462303314403,11.140654300617305,15.528846571477755,98.984406,-15.015594482421877,-13.36335310502542,111.5,36.65,202.5,124.86335310502542,13.363353105025425,9.0,1.4848170116694916,0.11985070049350156,149.0
2024-04-27,Ride,4462,1318.0,6.6,168.0,143.0,8.0,9.528,5.013,55.0,18.0,566.2,608.6,46.1,0.6,82.0,1.9,35.0,51.0,120,90.13657049306784,1.90065828845003,13.58147644968849,12.032709797187954,29.10639922245896,5.790623109065735,-100.0,24.638783251225256,-0.0277777776920438,0.3802281365929824,12.066919545457624,135.0,38.631178707224336,61.14068441064639,1.7521919443905531,10.529045939937848,4.570873590085246,73.85112,-8.148880004882812,-21.51223310990824,111.5,36.65,202.5,133.01223310990824,21.51223310990824,9.0,2.390248123323138,0.19293482609783175,149.0
2024-05-11,Ride,2168,2093.0,8.17,171.0,133.0,10.0,10.812,3.905,117.0,116.0,587.0,681.8,16.3,0.1,84.0,0.5,27.0,43.0,119,20.12422359286946,2.76875800256082,19.46998163057908,28.723662631037943,24.376136765089736,14.542028589306602,-6.16666658709403,33.526570032112765,-0.0201729106337566,0.1932367148824943,4.432088155294786,137.5,68.84057971014492,30.917874396135264,1.7640202239742184,6.831028179301682,4.073296550986388,85.58968,1.5896835327148438,-1.2469552753578124,111.5,36.65,202.5,112.7469552753578,1.2469552753578057,9.0,0.1385505861508673,0.011183455384374938,149.0
2024-05-14,Ride,9599,6409.0,36.39,168.0,126.0,22.0,13.512,5.678,229.0,234.0,549.8,653.6,12.0,0.0,80.0,0.7,25.0,53.0,118,0.0,2.379711165903488,15.343852175999809,27.022505360913897,29.6892905136752,9.977030710139717,28.54629244255848,26.215710719106028,0.0130796670552439,0.0779301745514448,10.705926478891332,135.0,83.01122194513717,16.801745635910226,1.7851554313981404,8.211757408959294,8.474417470439823,75.791176,-4.208824157714844,-3.195197185086307,111.5,36.65,202.5,114.6951971850863,3.1951971850863004,11.0,0.2904724713714818,0.02865647699628969,149.0
2024-05-18,Ride,35594,27217.0,158.07,169.0,138.0,136.0,17.93,5.808,1694.0,1424.0,554.9,1042.5,32.7,0.0,94.0,3.7,27.0,60.0,116,0.0,3.0871212121212124,13.647300529252195,86.31296406334208,29.48852814166554,14.278948033700509,-6.259314426035951,20.942986491186904,0.0043936731099483,0.0920166366045118,3.825008368404454,136.5,62.35415363097648,37.620081710773306,2.034689479144742,10.11188913091757,19.62625196292159,100.275856,6.275856018066406,4.522294623276162,111.5,36.65,202.5,106.97770537672385,-4.522294623276167,11.0,-0.4111176930251061,-0.040558696172880424,149.0
2024-06-11,Ride,7733,5138.0,30.34,172.0,137.0,25.0,14.93,5.905,194.0,187.0,564.2,657.6,41.2,0.0,86.0,2.9,26.0,52.0,113,0.0,2.5283657917019475,14.361664275820225,20.853288100405184,30.92669033708487,10.3183426095276,40.90377872210197,20.309137151181933,0.0375722542990633,0.1760907845478202,1.3047607959282113,137.5,69.30150655449032,30.698493445509683,1.6813955115090395,9.539283736869828,9.303088786901752,83.67955,-2.3204498291015625,-2.3204498291015625,110.66666666666669,51.17,359.06666666666666,112.98711649576823,2.3204498291015625,13.0,0.1784961407001201,0.020967920142483994,146.0
2024-06-15,Ride,4610,3795.0,21.11,181.0,140.0,23.0,20.692,5.564,164.0,164.0,559.0,659.4,19.7,-0.1,88.0,2.0,25.0,55.0,112,-15.557312248865005,3.718907260963336,17.119574215703345,24.182784672197663,32.09130345408432,11.890153031405031,3.0136987498731624,17.968337726129725,0.0367107194761957,0.2110817941395562,2.603272859537776,138.0,63.007915567282325,36.99208443271768,1.7138599049064225,8.17777300172621,6.781683558836096,92.47317,4.473167419433594,3.199677552250261,110.66666666666669,51.17,359.06666666666666,107.4669891144164,-3.1996775522502645,14.0,-0.2285483965893046,-0.028912748966116845,146.0
2024-06-20,Ride,6043,5400.0,33.45,165.0,139.0,27.0,15.956,6.195,267.0,280.0,604.0,659.2,29.7,0.0,112.0,2.8,24.0,60.0,111,0.0,2.5756255044390635,14.759469962514094,13.314819360688478,29.71167220132193,13.069243457671138,34.37500006626675,20.39911307827068,0.0398550724276675,0.1108647449906014,13.030383345710106,138.5,64.7450110864745,35.254988913525494,2.019408317850321,9.4176817280938,20.052842829806988,102.65005,-9.349952697753906,-7.838532042514643,111.5,36.65,202.5,119.33853204251464,7.838532042514643,15.5,0.5057117446783641,0.07030073580730621,149.0
2024-06-22,Ride,4959,4675.0,26.58,172.0,138.0,25.0,15.134,5.687,165.0,161.0,562.6,610.8,15.3,0.0,87.0,2.3,25.0,57.0,110,0.0,2.6611570247933884,15.505652809467438,11.57212538923571,32.307738159584446,8.769093744730542,6.111633963787025,25.80021481722874,0.0283097418581933,0.0644468313502799,1.6262094062780266,138.0,65.80021482277122,34.19978517722878,1.7642831557617775,8.899979433033646,14.258399403024285,83.67167,-3.328330993652344,-9.135258354144671,111.5,36.65,202.5,120.63525835414468,9.135258354144668,17.0,0.5373681384790981,0.08193056819860689,149.0
2024-06-23,Ride,11959,9601.0,57.39,172.0,134.0,42.0,15.774,5.978,349.0,355.0,554.0,644.0,22.4,0.0,85.0,1.9,26.0,58.0,109,0.0,2.638675142188023,14.540222403787356,18.082598118319392,31.2110577688738,10.386363798778085,24.38723071571724,23.93939393689244,0.0222610213783234,0.0313479623791694,2.2710128226475668,137.5,74.99477533960292,25.00522466039708,1.8583156832168188,9.215814384605428,19.300322797425167,84.04951,-0.9504928588867188,-8.813282591002684,111.5,36.65,202.5,120.31328259100268,8.81328259100269,17.25,0.5109149328117502,0.07904289319284924,149.0
2024-09-08,Ride,12814,4533.0,18.05,122.0,99.0,8.0,12.246,3.983,92.0,99.0,556.6,611.4,19.0,-0.1,51.0,1.9,25.0,48.0,107,-7.306419588063882,3.0745669093648003,10.840356532061431,13.712506312841851,29.49669140385844,6.405144978558952,9.262759741742238,14.925978500319207,0.0663068986123158,0.5069965523206252,1.3292678201193195,136.0,77.73271141756236,0.0,1.6273011001640698,9.13254011292503,6.709203349984099,61.66577,10.665771484375,10.665771484375,113.0,49.845,312.5,102.334228515625,-10.665771484375,24.66666666666669,-0.4323961412584456,-0.09438735826880532,142.5
2024-09-14,Ride,16767,8171.0,53.03,179.0,146.0,58.0,12.567,6.491,317.0,323.0,544.0,604.0,28.9,0.0,103.0,1.8,24.0,60.0,106,0.0,1.9360653212139889,13.523888730868196,12.45797639143381,31.21316941911458,9.706150835823214,30.326121141523743,19.10209101856063,0.0328396651430523,0.159901598996322,3.893368223687976,136.0,35.05535055350554,64.14514145141452,1.9222654794226448,10.795710620647542,25.44554304761954,96.72408,-6.275917053222656,-1.939537969949328,113.0,49.845,312.5,114.93953796994931,1.939537969949328,24.583333333333343,0.0788964597945489,0.01716405283140998,142.5
2024-09-29,Ride,13288,10480.0,64.81,183.0,135.0,49.0,16.838,6.184,350.0,368.0,539.2,614.2,16.3,0.0,83.0,1.3,26.0,60.0,105,0.0,2.7228331177231566,15.959119562910756,17.623437064451355,31.642713311436008,9.103652072349725,46.36836365547068,21.50115030468739,0.0147124386916128,0.153374233114132,5.466861203692719,136.0,68.71165644171779,31.28834355828221,1.896171087267168,8.45911273543118,19.85991602319601,85.718414,2.718414306640625,2.718414306640625,107.5,43.24,292.0,104.78158569335938,-2.718414306640625,24.5,-0.1109556859853316,-0.025287574945494187,142.5
2024-10-05,Ride,12457,9276.0,53.69,164.0,131.0,34.0,11.13,5.789,275.0,282.0,545.4,597.8,39.8,0.0,75.0,1.0,23.0,57.0,104,0.0,1.92261185006046,12.757533719884997,11.783299947656284,29.22186254657789,7.742023991520461,18.80704036184101,22.204248892245847,0.0213695968813163,0.0754879758357071,2.1666111427899715,136.0,81.0956540493907,18.904345950609297,1.950594283938991,10.268441581884318,23.33811223371138,78.68672,3.686721801757813,4.7919465814426685,107.5,43.24,292.0,102.70805341855733,-4.791946581442673,24.583333333333343,-0.1949266406010578,-0.04457624726923417,142.5
2024-10-13,Ride,11506,9034.0,56.05,178.0,140.0,54.0,15.12,6.205,363.0,377.0,542.8,624.6,17.7,0.0,99.0,1.0,25.0,60.0,103,0.0,2.436744560838034,16.63444205707809,19.75104945288423,31.239824110035126,10.85674978230395,28.909762332891543,23.06580702278059,0.0303614457685005,0.0778123610407056,-2.353401672556508,135.0,52.83459315251224,47.16540684748777,1.9206253488508256,8.416272160096689,18.378769314874155,93.16414,-5.835861206054688,-4.392554631931692,104.66666666666669,47.51,315.6666666666667,109.05922129859836,4.392554631931688,24.5,0.179287944160477,0.04196708247068491,140.0
2024-10-20,Ride,5435,5000.0,25.44,172.0,147.0,42.0,16.966,5.088,388.0,391.0,592.0,874.6,38.5,-0.1,123.0,1.1,24.0,63.0,102,-27.9359999944128,3.3345125786163523,15.909416346539729,76.17037306361246,28.848433650994355,20.10755844428869,18.623935377018643,17.665867302624726,-0.0384615384180299,0.0999200639288728,-1.7552533871082527,137.5,45.50359712230216,54.49640287769785,2.1838273293566206,9.23981040901993,5.093843961905295,115.04979,-7.9502105712890625,-9.992398705860952,112.66666666666669,37.306666666666665,324.0,122.65906537252762,9.99239870586095,24.5,0.4078530084024877,0.08868992934196107,146.0
2024-10-21,Ride,5880,5185.0,32.02,182.0,142.0,31.0,17.81,6.176,225.0,234.0,560.0,656.4,23.7,-0.1,106.0,1.1,23.0,63.0,101,-15.62198649650492,2.883743523316062,14.083736506294048,23.26519968237554,30.57765880628844,12.262981289063,8.03967883921619,18.98685227784477,0.0356415478252122,0.0773395204800194,-5.722719061148386,140.0,65.62258313998454,34.37741686001547,2.0603277163494296,10.082550880868087,9.671096461697314,106.60755,0.6075515747070312,-7.992985695046915,117.5,29.445,327.5,125.49298569504693,7.992985695046912,23.583333333333343,0.3389251884825544,0.06802541017061202,143.0
2024-10-28,Ride,14207,12082.0,71.86,168.0,138.0,59.0,17.42,5.948,660.0,681.0,568.6,867.2,39.2,-0.1,104.0,0.8,22.0,65.0,100,-19.66561827349233,2.9287155346334903,14.28320059236792,79.69929314228044,30.560100998290583,15.01392577931264,100.0,19.265751610776768,0.0304721029912136,0.0992227550769618,4.027260110838053,139.0,64.37076236150156,35.563089135108314,2.126956251770228,9.661699382142649,8.281127293571227,106.07758,2.077583312988281,-0.1043688640452695,117.5,29.445,327.5,117.60436886404528,0.10436886404527,22.66666666666669,0.0046045087078795,0.0008882456514491064,143.0
2024-10-30,Ride,7082,6804.0,51.21,169.0,136.0,29.0,13.34,7.528,182.0,216.0,536.4,596.8,5.5,-0.1,102.0,0.7,23.0,67.0,99,-9.62962962821434,1.7720510095642934,12.28019591952641,15.365007650837851,32.90014150716374,8.050962850522557,-8.31440239773711,18.22450476621797,0.0273752012662035,0.1173881144361866,-0.7052635054052226,138.0,75.50990462215701,24.446074834922964,2.036465343133736,11.074740974531938,11.845095836641496,90.25794,-11.742057800292969,-11.819376156449556,117.5,29.445,327.5,129.31937615644955,11.81937615644955,19.083333333333343,0.6193559557964827,0.10059043537403872,143.0
2024-11-06,Ride,6974,3133.0,19.53,173.0,140.0,17.0,13.8,6.235,104.0,111.0,548.2,608.8,11.8,-0.1,93.0,0.5,22.0,64.0,97,-11.950207465065368,2.213311948676824,15.510978370043476,13.0310502435022,33.24820101402978,8.614055076141742,13.589906389801197,20.082749834473983,0.0776545165171877,0.1591343093064499,-4.137274475205476,140.0,69.4462126034373,30.553787396562697,1.9249161194639592,9.025864625310737,7.980937075345977,96.07321,3.073211669921875,-0.4971843670730935,117.5,29.445,327.5,117.99718436707307,0.4971843670730891,22.66666666666669,0.021934604429695,0.004231356315515652,143.0
2024-11-15,Ride,10613,6687.0,35.01,174.0,130.0,27.0,15.94,5.236,301.0,302.0,546.4,660.2,36.6,0.0,87.0,1.3,23.0,55.0,96,0.0,3.0443086325439266,16.40904222462134,27.26608631413962,27.625314993581306,13.530296949795607,15.97471986902575,19.967070794796125,0.0292353822869299,0.1197425534920307,0.285066129636378,138.0,85.09205208801077,14.907947911989222,1.9909274526589724,7.922460695632661,11.039354364713256,84.968895,-2.0311050415039062,-1.2344048471733635,117.5,29.445,327.5,118.73440484717337,1.2344048471733655,20.0,0.0617202423586682,0.010505573167432898,143.0
2024-11-16,Ride,22249,8084.0,46.8,169.0,127.0,27.0,14.0,5.789,270.0,280.0,540.8,606.6,15.7,0.0,76.0,0.8,24.0,56.0,95,0.0,2.418379685610641,12.742418544821104,11.377438518384174,30.20764419796685,9.043172033836544,9.99245936662712,25.328214017175103,0.0200488997456973,0.0619271736361249,7.603908320659097,137.0,89.94302700024771,6.415655189497152,1.8538353331748323,9.966709976333856,23.73117427376537,75.33192,-0.6680831909179688,-1.7305452890178374,117.5,29.445,327.5,119.23054528901784,1.73054528901784,24.5,0.0706345015925649,0.014728045012917789,143.0
2024-11-20,Ride,26148,18920.0,118.35,179.0,148.0,153.0,18.16,6.256,955.0,1007.0,38.4,163.0,47.2,0.0,105.0,1.8,30.0,64.0,94,0.0,2.9028132992327365,13.26941476515996,35.31343488439945,32.14294322051438,14.569305997248009,-16.478418636138155,21.71042205790976,0.0082725060807122,0.0686704347330478,-1.8758420041573995,138.0,35.444509006391634,64.55549099360837,1.99110571704112,11.1534676898577,27.04353105504225,106.00398,1.0039825439453125,0.0542391525446233,123.0,25.44,388.0,122.94576084745538,-0.0542391525446248,21.25,-0.0025524307079823,-0.0004409687198749984,147.0
2024-11-21,Ride,36328,25990.0,126.21,160.0,138.0,119.0,15.42,4.856,1651.0,1163.0,-25.0,609.0,33.0,0.4,104.0,2.1,30.0,62.0,93,91.47518275908138,3.175453047775948,10.45368524848662,257.6957093580888,28.66955987482294,14.033802054610286,15.260017067595784,18.02162286876143,0.0038428693416219,0.0884921703632606,-0.0357378226881194,138.0,69.13546997037436,30.860682543957523,2.16257236274753,13.201084930206154,6.406781074104042,100.81788,-3.1821212768554688,-3.459351332550014,123.0,25.44,388.0,126.45935133255,3.459351332550014,18.5,0.1869919639216223,0.02812480758170743,147.0
2024-11-22,Ride,22167,16539.0,91.98,162.0,132.0,60.0,18.16,5.562,1064.0,1060.0,469.6,613.8,40.0,0.0,102.0,2.0,25.0,62.0,92,0.0,3.265012585400935,12.245572943039686,28.694191160400973,31.28436385837268,17.166284655588534,12.567056749436006,21.66243808012188,0.0069715560493665,0.066449196564791,3.1977979268592893,138.0,85.21807418146672,14.769844146429866,1.9818206404598573,10.779404919197605,37.08067451602136,91.17861,-10.821388244628906,-13.798879529811355,123.0,25.44,388.0,136.79887952981136,13.79887952981136,19.0,0.7262568173584927,0.11218601243749074,147.0
2024-11-23,Ride,25033,19165.0,113.68,170.0,135.0,79.0,18.02,5.932,995.0,1562.0,19.4,614.6,47.1,-0.5,94.0,2.0,26.0,62.0,91,-93.45160448247056,3.03776129467296,11.79294763477757,247.5555430261365,31.783825351816244,18.26763079958,-8.285440675220848,21.00135458888187,0.0116596378041032,0.0677294987981801,-0.0896238780577637,137.0,74.94008544336772,24.77336667708659,1.9506776595655888,11.447518697900804,4.019300007657876,95.98161,1.9816131591796875,-9.895192517857398,123.0,25.44,388.0,132.8951925178574,9.895192517857396,20.0,0.4947596258928698,0.0804487196573772,147.0
2024-12-05,Ride,8528,6794.0,42.9,176.0,127.0,23.0,15.22,6.314,224.0,265.0,540.0,607.2,25.0,-0.1,81.0,1.2,22.0,62.0,87,-11.869296436286533,2.410516312955337,13.918228991609396,11.208673056835488,32.5845007427388,9.19862315355235,83.81423152186748,20.73134768199184,0.033428164983337,0.0737245650141957,9.151925111690485,138.0,91.108817457977,8.891182542023001,1.9027450684838605,9.12472347967823,19.984522599566187,86.99227,5.992271423339844,4.390555703824184,123.0,25.44,388.0,118.6094442961758,-4.390555703824191,21.0,-0.2090740811344852,-0.03569557482783895,147.0
2024-12-07,Ride,8651,7294.0,46.23,164.0,119.0,21.0,14.62,6.338,212.0,255.0,541.2,609.4,21.8,-0.1,88.0,0.6,22.0,63.0,86,-10.463394569445654,2.3067213632060586,16.68356940350148,18.51833003869228,30.85007614934445,8.847342445699,-0.2367425052527308,16.46124349267855,0.0316139766791897,0.0821692686822556,-1.6166404434210344,137.0,94.26184606956996,5.738153930430019,2.042134277169505,7.132765776264819,11.4481158997021,82.67324,-5.326759338378906,-0.6449142150461258,123.0,25.44,388.0,123.64491421504611,0.6449142150461284,22.75,0.0283478775844452,0.005243205000375028,147.0
2024-12-07,Ride,1103,1061.0,5.67,163.0,127.0,4.0,8.66,5.35,52.0,20.0,571.4,617.4,14.5,0.7,106.0,0.5,25.0,62.0,85,123.5061261795418,1.6186915887850468,21.747003736159822,13.947646613097822,30.030887590587813,7.180088371524001,22.09465799902953,13.170272800404256,0.2999999978571429,0.0,3.2818304207437428,136.0,63.875823142050805,36.1241768579492,2.06454097463609,5.839884689445568,3.728227256843537,89.32732,-16.672683715820312,-17.317597930866437,106.0,5.67,52.0,123.31759793086644,17.31759793086644,21.0,0.8246475205174496,0.16337356538553247,127.0
2024-12-08,Ride,1272,1225.0,8.01,148.0,123.0,3.0,13.0,6.54,46.0,55.0,563.0,605.4,36.6,-0.1,105.0,0.8,20.0,69.0,84,-13.518367335903372,1.98776758409786,17.959237287408094,10.592289950938692,29.869386882196697,10.18895246754395,5.692083477014296,13.02931595030186,0.3562499977734375,0.4071661234469331,-5.5645553037494615,135.0,87.37785016286645,12.62214983713355,2.3100573829009283,6.848842809009332,4.342781010554045,104.603294,-0.3967056274414062,-15.510960789419354,106.0,5.67,52.0,121.51096078941936,15.510960789419356,20.0,0.7755480394709677,0.14632981876810713,127.0
2024-12-10,Ride,9547,5350.0,33.01,162.0,117.0,14.0,18.78,6.171,224.0,236.0,542.0,655.4,11.3,-0.1,101.0,1.0,17.0,65.0,83,-15.072897193444318,3.0432668935342733,16.496448611395188,31.494232849574008,32.67846407705686,12.130733696757396,28.624892490211533,19.3143499401809,0.0096993210381189,0.1311352566258645,2.3873535158123937,133.5,92.8812289246909,7.118771075309105,1.9890775116495816,7.092435206129467,7.112413055351395,86.62546,-14.374542236328123,-25.865344609409664,106.0,5.67,52.0,131.86534460940968,25.865344609409675,19.0,1.3613339268110356,0.2440126849944309,127.0
2024-12-17,Ride,11099,7285.0,48.04,173.0,134.0,33.0,19.38,6.595,292.0,311.0,542.2,636.6,17.1,-0.1,105.0,0.8,14.0,68.0,80,-14.429649963702175,2.938589840788476,15.301552084326662,20.58884036291747,30.102122270530472,12.007410176823717,5.72176156284257,14.043252119621782,0.0575048732382993,0.0684369011677474,10.107075530235484,132.0,63.33150834930195,36.66849165069805,2.258976863156061,8.757280993734932,14.182439645482953,104.10944,-0.8905563354492188,-9.94181680805039,106.0,5.67,52.0,115.9418168080504,9.94181680805039,18.5,0.5373955031378589,0.09379072460424896,127.0
2024-12-19,Ride,11293,5468.0,33.59,182.0,138.0,30.0,14.18,6.144,229.0,241.0,537.2,652.4,12.0,-0.1,107.0,0.8,14.0,68.0,79,-15.076810531258811,2.307942708333333,16.790772434497125,31.06111233565387,31.687584101235373,12.76411178751086,18.867102316772755,16.41270423785337,0.0525727068763168,0.0734349182901716,0.8404631127441768,133.0,56.801909307875896,43.1980906921241,2.1459508442424333,8.218799481653123,7.372562519745215,110.23097,3.2309722900390625,-4.1341067480444265,106.0,5.67,52.0,110.13410674804445,4.134106748044431,18.0,0.2296725971135794,0.03900100705702293,127.0
2024-12-20,Ride,24131,18460.0,103.77,182.0,151.0,172.0,19.62,5.622,1419.0,793.0,575.8,1304.4,46.3,0.7,133.0,0.6,22.0,69.0,78,193.7096424597124,3.489861259338314,12.4807885749192,213.1250281472268,25.04872376355297,14.831485268375264,1.632815571362551,9.0353297619956,0.0287425149528487,0.0324622626179482,-1.1243854501062018,134.0,19.95347075691176,80.04652924308824,2.7546312497472174,12.09859352996724,6.658063605564387,125.4519,-7.548103332519531,-11.737942747338264,106.0,5.67,52.0,117.73794274733828,11.737942747338266,18.5,0.6344833917480144,0.11073530893715346,127.0
2024-12-29,Ride,8389,4607.0,19.68,164.0,115.0,12.0,9.5,4.272,131.0,139.0,552.6,608.4,10.8,-0.1,57.0,1.0,22.0,54.0,77,-10.236596481389933,2.22378277153558,14.142884875933886,13.391651672295254,29.960852861529784,8.321789736289864,-100.0,30.42437431329176,0.0257510729429534,0.0435255712636505,3.781497715309703,131.0,92.51360174102284,7.486398258977149,1.8023518371529743,8.131296611513264,9.78221308494759,70.64581,13.64581298828125,12.262760105339872,106.0,5.67,52.0,93.73723989466012,-12.26276010533988,19.0,-0.6454084265968357,-0.11568641608811207,127.0
2025-01-04,Ride,33614,25304.0,162.69,166.0,131.0,93.0,15.96,6.429,934.0,1494.0,43.4,684.0,20.2,-0.3,86.0,0.6,19.0,68.0,74,-39.864053112556746,2.4825011665888943,12.956250979636993,274.6063056400466,34.03678181609867,14.613191995195702,24.196637626032004,23.71468089216697,0.0034994167632895,0.1185536455199148,7.743391323927716,130.5,69.74906145030626,30.21932424422051,1.9978386431939,10.11094876866314,3.4012328829151226,99.2522,13.252197265625,18.80017080915436,106.0,5.67,52.0,87.19982919084563,-18.800170809154366,19.5,-0.9641113235463776,-0.1773601019731544,127.0
2025-02-26,Ride,11467,7162.0,43.33,173.0,129.0,31.0,16.52,6.05,264.0,283.0,539.6,633.6,9.7,-0.1,83.0,0.5,21.0,62.0,72,-13.2700363008559,2.7305785123966944,18.03391490468445,19.969759080019653,32.9804545331219,11.334152661881228,10.723784134379237,24.294101198728807,0.032796317587574,0.0698909700768953,-7.954139535819596,136.0,74.68549063461,25.31450936538999,1.879901262665524,7.153188507798865,13.219988569824627,88.63573,5.6357269287109375,5.6357269287109375,106.0,5.67,52.0,100.36427307128906,-5.6357269287109375,20.0,-0.2817863464355469,-0.05316723517651828,127.0
2025-03-01,Ride,9054,7803.0,54.02,181.0,138.0,43.0,17.52,6.923,313.0,358.0,551.4,636.0,16.7,-0.1,92.0,0.6,22.0,67.0,71,-14.440599767468846,2.5306947854976167,15.809441634925935,15.98078215663052,34.44503771891749,11.420949335610786,36.554700669122425,24.51356886526964,0.0062663185345867,0.025601638501587,2.332975268176799,136.0,62.40399385560676,37.59600614439324,1.9451277307812425,8.728960481828302,19.586023847031207,95.98671,3.9867095947265625,7.580207739325571,106.0,5.67,52.0,98.41979226067444,-7.580207739325573,19.0,-0.398958302069767,-0.07151139376722239,127.0
2025-03-01,Ride,1318,1274.0,6.18,164.0,133.0,4.0,7.14,4.853,43.0,10.0,581.2,620.8,10.4,0.6,68.0,0.6,28.0,49.0,70,72.90423856129964,1.4712548938800742,10.51812774718836,9.28405538829632,28.79117553834744,6.172267583837966,15.462315393037429,24.369085154283056,0.0873786404939202,0.0,3.2818304207437428,136.0,80.20504731861199,19.79495268138801,1.7019103034826,12.644834760703295,4.631596168912408,63.82881,-4.171188354492188,3.409019384833384,106.0,5.67,52.0,102.5909806151666,-3.4090193848333854,19.5,-0.1748215069145325,-0.03216056023427722,127.0
2025-03-15,Ride,7376,6887.0,45.01,173.0,132.0,25.0,16.3,6.535,276.0,284.0,555.8,645.2,14.4,0.0,98.0,0.9,23.0,68.0,68,0.0,2.4942616679418514,11.038355195431532,20.34587278637367,31.9751744447515,11.455867486927335,2.4202532768404894,17.842624852229584,0.0325467859783996,0.0435540069623179,8.270774587112616,136.0,84.20441347270615,15.795586527293844,2.1266497854716766,11.958302274629544,13.565404115740002,99.95305,1.9530487060546875,1.930458096045249,106.0,5.67,52.0,104.06954190395476,-1.9304580960452429,19.0,-0.1016030576865917,-0.0182118688306155,127.0
2025-03-20,Ride,5018,4920.0,34.36,170.0,145.0,30.0,12.34,6.985,184.0,193.0,545.2,605.6,9.6,0.0,105.0,1.2,23.0,71.0,67,0.0,1.7666428060128847,11.65427959054768,13.923460979951066,33.83943251710666,9.982900606072109,-11.239222543472923,17.4451665277325,0.0570430732746879,0.020308692116103,-3.15419184766215,133.0,29.50852965069049,70.49147034930951,2.098143870053492,12.44178041479486,13.21510413609408,106.097015,1.097015380859375,2.019570265473728,106.0,5.67,52.0,103.98042973452628,-2.019570265473732,19.0,-0.1062931718670385,-0.01905254967428049,127.0
2025-03-27,Ride,4939,4566.0,28.68,167.0,137.0,21.0,13.68,6.283,193.0,205.0,559.0,650.4,12.0,0.0,104.0,1.8,23.0,64.0,66,0.0,2.1773038357472543,12.81806356584032,19.90789096712368,31.23504683798764,12.948323278282572,-4.250121569287186,18.85676740717109,0.0545876886706298,0.0438020148830919,7.58835753335739,135.0,65.2431011826544,34.7568988173456,2.048980373968375,10.68804102961847,9.694647746668725,100.28587,-3.714126586914064,-3.0074027140423683,106.0,5.67,52.0,109.00740271404236,3.007402714042371,19.0,0.1582843533706511,0.028371723717380858,127.0
2025-03-29,Ride,14964,9744.0,57.12,172.0,131.0,37.0,15.26,5.862,403.0,415.0,541.0,632.4,14.2,0.0,89.0,0.5,25.0,59.0,65,0.0,2.603207096554077,13.03070881972098,20.96994945661516,30.09160843179678,11.991335577281582,44.3863836527276,21.64831772593391,0.0190114068350706,0.0411564975778211,4.100994660521762,133.0,73.99938265253627,26.000617347463727,1.9606794423450384,10.053174524824549,19.217975780809248,88.40723,-0.5927734375,-2.820712164990236,106.0,5.67,52.0,108.82071216499024,2.8207121649902405,19.0,0.1484585349994863,0.02661049212254944,127.0
2025-03-31,Ride,10728,7199.0,47.02,169.0,132.0,28.0,13.54,6.532,291.0,294.0,546.6,604.4,9.5,0.0,100.0,1.1,25.0,66.0,64,0.0,2.072872014696877,13.459485238658637,10.46913335972454,32.683320029536965,11.199461147792592,9.430798872911964,20.03060230629704,0.0229166666507523,0.013910140490484,12.075424234520536,132.5,68.02058700792878,31.97941299207122,2.019378628639167,9.807209403050368,27.79599439658512,94.83581,-5.164192199707031,-7.431003748118191,106.0,5.67,52.0,113.4310037481182,7.431003748118186,19.0,0.3911054604272729,0.07010380894451118,127.0
2025-04-04,Ride,17006,14867.0,101.88,177.0,137.0,73.0,18.74,6.853,670.0,724.0,537.4,642.8,11.5,-0.1,99.0,0.4,23.0,66.0,63,-16.223851482059338,2.734568801984532,14.433494843659176,26.82874422833392,32.7079059969954,12.841423188994831,-6.379155485486001,22.679580305173555,0.0086002372453735,0.0336292709151446,3.5317441759529444,133.0,57.64729620661824,42.33925208501479,2.017860696683003,9.491809987265553,24.9732141513801,98.133156,-0.8668441772460938,-5.060690072546698,106.0,5.67,52.0,111.06069007254668,5.060690072546692,18.5,0.2735508147322536,0.047742359174968794,127.0
2025-04-13,Ride,12103,5907.0,37.37,173.0,143.0,39.0,13.68,6.327,250.0,257.0,540.2,652.2,11.3,-0.1,111.0,1.3,24.0,65.0,62,-15.236160484977797,2.1621621621621623,15.047404024839835,28.17567265963588,31.121742044413327,12.150459050768545,19.01840489225332,17.67890373580123,0.0488038277044939,0.0338352224608636,-3.997078983127466,135.0,47.6738284554221,52.3261715445779,2.088571964212916,9.50329972270565,8.872902313535342,110.64353,-0.3564682006835937,-1.3159197618398777,106.0,5.67,52.0,107.31591976183988,1.3159197618398792,17.5,0.0751954149622788,0.012414337375847918,127.0
2025-04-18,Ride,9885,7403.0,44.53,173.0,127.0,26.0,14.8,6.016,265.0,276.0,555.6,646.4,8.0,-0.1,79.0,1.9,25.0,60.0,61,-12.88666756546175,2.4601063829787235,13.033881187220144,20.35517649912701,30.023110206580853,10.46121276590094,8.3560091286938,20.841248301107026,0.0260416666497124,0.0135685210293665,4.692292914642663,133.0,84.61329715061058,15.386702849389415,1.9984604389317395,9.743835196279802,13.018800745479387,85.53762,6.537620544433594,6.263086247517441,106.0,5.67,52.0,99.73691375248256,-6.263086247517435,17.0,-0.3684168380892609,-0.05908571931620222,127.0
2025-05-01,Ride,14107,8786.0,55.96,179.0,135.0,40.0,15.0,6.369,293.0,305.0,539.4,613.2,15.8,0.0,82.0,1.8,28.0,59.0,60,0.0,2.355157795572304,13.764117411679488,18.49576102420644,31.16812075162659,9.257662071730952,37.147303819277546,23.82198952608445,0.0663068986123158,0.0455269747273472,-5.478543537383296,135.0,70.61233781015251,28.98930116093786,1.8929597513177363,9.808110912896993,15.84146679744984,86.707825,4.70782470703125,5.637958600375457,133.0,103.77,1419.0,127.36204139962454,-5.637958600375455,11.0,-0.5125416909432232,-0.04239066616823651,151.0
2025-05-06,Ride,7576,6850.0,45.17,174.0,141.0,39.0,14.92,6.595,282.0,294.0,551.6,638.8,12.1,0.0,94.0,1.9,25.0,65.0,59,0.0,2.262319939347991,13.93425060594113,20.39012660470365,33.67436716410408,11.459511703207882,7.907914629806862,22.235208177905736,0.0210249671346747,0.0730460189812935,2.117259476072906,136.0,54.84295105916728,45.15704894083272,1.9302515100873712,10.118950338163982,13.83022242268594,98.13886,4.138862609863281,6.362681537632611,133.0,103.77,1419.0,126.6373184623674,-6.362681537632611,11.0,-0.5784255943302373,-0.04783971080926775,151.0
2025-05-08,Ride,7363,7018.0,43.07,169.0,139.0,34.0,15.24,6.138,260.0,276.0,545.8,641.8,13.1,-0.1,91.0,2.6,24.0,62.0,58,-13.337133084448968,2.482893450635386,12.48372507771558,21.859796199678893,31.97504880147252,11.416296696929422,33.32540423814605,21.15549215104772,0.0330411328165602,0.0427960057000291,-5.638202332391643,137.0,61.74037089871612,38.259629101283885,1.9390118353199488,11.13449615400692,11.893980425574089,97.91129,6.911293029785156,11.624883445258565,133.0,103.77,1419.0,121.37511655474144,-11.62488344525856,15.5,-0.7499924803392619,-0.08740513868615458,151.0
2025-05-10,Ride,10557,7901.0,57.15,177.0,148.0,61.0,13.46,7.234,281.0,290.0,536.6,620.0,11.0,0.0,104.0,0.5,24.0,67.0,57,0.0,1.860658003870611,12.281036551002272,18.302945210157183,34.20042569068493,9.837978370561274,31.75203179458983,19.051833120221005,0.0238885202230334,0.0252844500600146,3.6423547373306246,137.0,35.80278128950695,64.19721871049305,1.9590398858458864,12.051099052939673,15.352719544357267,100.295616,-3.704383850097656,4.907541619451152,133.0,103.77,1419.0,128.09245838054886,-4.907541619451138,18.5,-0.2652725199703317,-0.036898809168805544,151.0
2025-05-18,Ride,6859,6426.0,43.08,184.0,153.0,67.0,15.7,6.705,443.0,454.0,575.2,657.8,18.0,-0.1,129.0,1.3,24.0,65.0,56,-24.81792716700624,2.3415361670395227,13.758664384778491,16.82515188473108,32.63640640314141,17.658583187055015,-4.164545387024003,21.788491442956687,0.0521056387922158,0.0311041990620366,4.419272197970325,137.0,23.001555209953345,76.99844479004666,1.9916407831624088,11.12026462750284,26.32962701943855,110.0072,-18.9927978515625,-17.88226951743197,131.0,73.425,931.0,148.88226951743198,17.88226951743198,18.5,0.9666091631044312,0.13650587417887006,152.0
2025-05-20,Ride,13730,9130.0,54.15,172.0,131.0,34.0,14.18,5.932,269.0,276.0,543.0,612.6,14.5,0.0,73.0,1.5,26.0,57.0,55,0.0,2.3904248145650704,12.416387016090832,18.25622626287172,31.97323095302368,8.610940645512551,48.49747748746451,24.493150682247325,0.0663068986123158,0.0547945205419403,-6.968536233082043,137.0,84.23013698630137,15.32054794520548,1.782741265685828,10.550572342796675,14.734698255376893,78.16248,5.162483215332031,-8.085027870322842,129.0,43.08,443.0,137.08502787032285,8.085027870322847,20.0,0.4042513935161423,0.06267463465366548,153.0
2025-05-30,Ride,9241,8990.0,64.42,160.0,141.0,39.0,10.5,7.166,91.0,100.0,2.6,27.6,18.0,0.0,100.0,1.5,28.0,70.0,52,0.0,1.4652525816355009,8.524325769867367,4.583385663799448,35.04768769001328,4.026963055218634,9.15207308053029,19.93551256171497,0.0228667038355456,0.0333555703765448,1.1185035595454045,141.0,86.76895708249944,13.231042917500558,1.997278639944844,16.540895698463924,19.8543144349433,97.84812,-2.1518783569335938,-4.139461019413596,129.0,43.08,443.0,133.1394610194136,4.139461019413602,20.0,0.2069730509706801,0.03208884511173335,153.0
2025-06-03,Ride,7277,7277.0,50.39,166.0,144.0,40.0,10.88,6.925,96.0,105.0,4.6,37.2,15.2,0.0,90.0,2.8,31.0,66.0,51,0.0,1.5711191335740071,8.016125806539144,7.482681121601217,34.16617145023687,5.1395828646469655,16.132079034770715,18.79388682103898,0.0168498168374726,0.0275368305070168,-4.583169201330719,141.0,71.4856120060581,28.5143879939419,1.931735259374728,17.96378768391391,12.829624249687756,100.11299,10.112991333007812,9.56419470672929,129.0,43.08,443.0,119.4358052932707,-9.564194706729296,21.5,-0.4448462654292696,-0.07414104423821159,153.0
2025-06-06,Ride,5461,5295.0,35.87,164.0,143.0,27.0,10.66,6.776,50.0,53.0,11.0,24.2,11.6,0.0,87.0,2.9,29.0,68.0,50,0.0,1.5731995277449824,8.51392926610542,1.6490008139787808,33.69220339661735,3.725387047715428,4.565376119627664,16.937618144246198,0.0390624999564034,0.0567107750365385,1.557964277841258,141.0,75.72778827977315,24.27221172022684,2.018271027906595,16.796003200694923,30.321373558321262,103.82627,16.826271057128906,22.52157555957534,129.0,43.08,443.0,106.47842444042466,-22.52157555957534,25.0,-0.9008630223830136,-0.17458585705097163,153.0
2025-06-12,Ride,6504,6152.0,40.29,161.0,136.0,23.0,11.28,6.55,64.3,179.0,8.2,23.1,12.3,0.0,81.0,3.2,24.5,64.0,49,0.0,1.7221374045801523,7.277098499604996,0.0,33.699747092719065,0.0,13.764842362636111,20.961695188107303,0.021772939329881,0.0651996739910024,6.153541703993355,141.0,94.65362673186634,5.346373268133659,1.8991239882243327,18.68876466611212,64300000.0,80.7624,-0.2376022338867187,8.918987078192021,129.0,43.08,443.0,120.08101292180798,-8.918987078192018,27.0,-0.3303328547478525,-0.0691394347146668,153.0
2025-06-14,Ride,5741,5685.0,37.29,160.0,141.0,25.0,11.62,6.56,95.0,101.0,10.8,40.8,14.1,0.0,88.0,3.0,28.0,64.0,48,0.0,1.771341463414634,7.563375531025258,6.077758339543985,32.418595838382934,6.492841217949901,11.36593525723324,19.17034421550391,0.0193370165567799,0.0176522506588433,4.326497338968184,141.0,85.68402471315093,14.315975286849072,1.974175511637979,18.64246734532026,15.6307603991322,94.03241,6.03240966796875,12.866564115690457,129.0,43.08,443.0,116.13343588430956,-12.866564115690451,28.0,-0.4595201469889446,-0.09974080709837559,153.0
2025-06-22,Ride,6584,5918.0,33.47,172.0,137.0,27.0,13.64,5.655,186.0,182.0,564.0,608.8,39.7,0.0,83.0,3.8,25.0,60.0,47,0.0,2.412024756852343,12.631689593413425,10.215998780131397,32.918746569785604,8.217285202449993,25.29711356645717,22.870845043348627,0.0332610267293846,0.1322970067583434,1.198327158770359,141.0,81.32958491814122,18.67041508185877,1.8226695858584503,10.84573747170757,18.2067349259093,79.474304,-3.52569580078125,-1.7617851494046215,129.0,43.08,443.0,130.76178514940463,1.7617851494046306,29.0,0.0607512120484355,0.013657249220190935,153.0
2025-06-28,Ride,12998,9284.0,51.13,176.0,132.0,36.0,12.9,5.508,347.0,409.0,369.2,631.8,49.3,-0.3,81.0,3.0,23.0,57.0,46,-40.366221451920914,2.3420479302832247,13.259542899524092,62.89665158171798,30.9357129668523,11.29490308653659,30.231622981327146,25.06451612633715,0.011154011149226,0.107526881708868,-5.1927257074093225,141.0,88.75268817204301,11.24731182795699,1.8425306123878584,9.955093553763769,5.516986767287225,81.16888,0.1688766479492187,-0.5258569524250637,129.0,43.08,443.0,129.52585695242507,0.5258569524250731,29.0,0.0181329983594852,0.004076410483915296,153.0
2025-07-12,Ride,9875,7847.0,44.23,162.0,126.0,25.0,11.8,5.637,258.0,245.0,556.0,600.0,16.6,0.0,74.0,2.6,24.0,55.0,45,0.0,2.093312045414228,13.145881064412407,9.710363510638375,29.33514094893765,8.396601008577449,2.668564826064982,22.95521245081597,0.012229016113269,0.063799923431951,-11.544968493668472,139.0,92.85440857470972,7.145591425290291,1.8748843995960889,9.584750523595384,26.56954841575136,74.120995,0.1209945678710937,0.1416745989942913,129.0,43.08,443.0,128.85832540100571,-0.1416745989942853,29.0,-0.0048853309998029,-0.0010982527053820567,153.0
2025-07-19,Ride,9493,7007.0,39.74,168.0,125.0,23.0,14.11,5.672,195.0,206.0,546.4,604.8,9.9,0.0,68.0,1.9,24.0,54.0,44,0.0,2.4876586741889986,13.541099231508074,11.117556382573778,30.61398886206985,7.160561882960411,12.498110286212786,26.43366618738464,0.030221262800744,0.028530670466686,5.75062834683286,137.0,88.91583452211127,11.08416547788873,1.7638994539194308,9.231155361301004,17.53982401796755,74.8948,6.894798278808594,6.937138845544081,129.0,43.08,443.0,122.06286115445592,-6.937138845544084,33.5,-0.2070787715087786,-0.05377627012049677,153.0
2025-08-03,Ride,8956,8648.0,57.21,176.0,150.0,73.0,15.18,6.616,312.0,318.0,551.0,617.6,14.4,0.0,98.0,1.5,23.0,63.0,43,0.0,2.294437726723096,11.156212507253963,15.196243797375327,33.029558132312175,9.827657881336808,14.170057568348488,21.041642498429223,0.0369349503655264,0.0811970768958128,1.079674548245765,136.0,22.34079573135368,77.65920426864633,1.9073824070018643,13.44542213202243,20.531388126485577,97.67899,-0.3210067749023437,-0.3210067749023437,129.0,43.08,443.0,129.32100677490234,0.3210067749023437,35.0,0.0091716221400669,0.0024884246116460753,153.0
2025-09-13,Ride,8575,5625.0,31.12,167.0,133.0,21.0,15.38,5.534,199.0,203.0,557.4,652.8,23.5,0.0,75.0,1.5,24.0,55.0,40,0.0,2.7791832309360323,11.87085400747278,20.617459538711174,30.28632384892066,10.50570974318036,9.638937356477966,25.142755170388515,0.0290986515052529,0.0713775874248077,1.594172612800215,136.0,77.78372591006423,22.1627408993576,1.8160011250741133,11.203910747479911,9.652013138395937,80.00651,5.006507873535156,5.006507873535156,116.5,50.115,362.0,111.49349212646484,-5.006507873535156,41.75,-0.119916356252339,-0.04297431651103138,150.5
2025-10-05,Ride,1937,1887.0,10.05,164.0,140.0,11.0,14.52,5.327,101.0,106.0,580.4,656.2,23.1,-0.2,90.0,1.5,24.0,51.0,39,-38.53736086987952,2.725736812464802,16.746816000042358,20.716579185463075,26.90683555572082,13.97927728882076,-5.693492359668672,22.08067939380006,0.1057692305149778,0.0,3.2818304207437428,136.0,49.575371549893845,50.42462845010616,1.8954290629589672,8.35979756628653,4.875322041370138,92.94545,2.9454498291015625,2.9454498291015625,116.5,50.115,362.0,113.55455017089844,-2.9454498291015625,41.75,-0.0705496965054266,-0.025282831151086375,150.5
2025-10-19,Ride,8584,8010.0,50.54,174.0,152.0,76.0,14.34,6.31,305.0,312.0,553.0,609.0,19.8,0.0,89.0,1.5,24.0,63.0,38,0.0,2.272583201267829,9.926203875212318,9.044809840771654,32.548641445905744,9.98257277525569,33.809991941615024,21.25826987626285,0.0287727539466983,0.1248283609880379,2.1599058891725305,136.0,15.803270503058297,84.1967294969417,1.935564597039736,15.313002492984388,33.72099266301285,98.05617,9.056167602539062,9.416856868209196,99.0,60.815,201.5,89.5831431317908,-9.416856868209194,41.5,-0.2269122136917878,-0.09511976634554742,145.5
2025-10-21,Ride,3744,3457.0,21.12,163.0,142.0,19.0,14.02,6.112,109.0,119.0,552.8,610.4,9.0,-0.1,85.0,1.5,23.0,59.0,37,-11.350882264578862,2.293848167539267,11.708209540392948,10.14372709932038,32.19163969303193,8.742616206845923,35.10204089611784,24.152910505602986,0.0539568344676776,0.0868809730417373,3.233766700083856,136.0,50.043440486533456,49.95655951346655,1.832773935401525,12.128241075790754,10.74555616364588,86.40627,1.4062728881835938,8.115246857692,99.0,60.815,201.5,90.884753142308,-8.115246857692,41.25,-0.1967332571561697,-0.08197219048173737,145.5
2025-10-29,Ride,6571,6477.0,37.95,170.0,130.0,24.0,14.28,5.859,218.0,259.0,554.6,640.6,7.3,-0.1,68.0,1.5,22.0,53.0,36,-12.116720702158911,2.4372759856630823,13.551951788070657,21.374779821831225,29.26311213028764,10.366731858494576,68.01061008692103,29.381761973820435,0.0089426617522658,0.0309119010771388,4.062216668162248,140.0,87.86707882534776,12.13292117465224,1.8111538496956567,9.592713465946751,10.1989349887202,77.47856,9.478561401367188,11.922826783142703,98.0,57.21,312.0,86.07717321685729,-11.92282678314271,41.25,-0.2890382250458839,-0.12166149778717052,150.0
2025-10-29,Ride,1351,1299.0,6.32,161.0,138.0,6.0,7.86,4.865,41.0,7.0,580.2,624.4,20.0,0.7,72.0,1.5,25.0,48.0,35,79.53810617433555,1.6156217882836588,12.860168809842111,9.465582190647318,27.9230546003585,4.262689377025683,17.008290864166025,19.859813068645003,0.2313725481122645,0.3894080993851961,2.6882647593857936,139.0,69.2367601246106,30.76323987538941,1.7190095771389622,10.730806983154002,4.3314816608987154,77.74294,5.742942810058594,17.665769593201297,98.0,57.21,312.0,80.3342304067987,-17.665769593201304,41.0,-0.4308724291024708,-0.18026295503266637,150.0
2025-11-09,Ride,5565,5531.0,30.99,166.0,131.0,22.0,16.8,5.604,216.0,227.0,549.0,649.0,14.4,-0.1,79.0,1.5,16.0,55.0,34,-14.058940514543671,2.9978586723768736,15.617355149630685,21.501310675715185,30.716031692171285,11.556988307696734,12.10171575047757,27.213352680113683,0.0233333333177777,0.0362844702401515,11.316743370287128,139.0,82.5834542815675,17.41654571843251,1.7905958282827998,8.388103514121234,10.045898745980358,83.03197,4.0319671630859375,6.955255655960682,98.0,57.21,312.0,91.04474434403932,-6.955255655960684,36.0,-0.1932015459989079,-0.07097199648939474,150.0
2025-11-16,Ride,9472,6991.0,38.78,160.0,128.0,24.0,10.28,5.547,200.0,219.0,533.8,603.6,10.1,-0.1,77.0,1.5,16.0,55.0,33,-10.29895579884152,1.853254011177213,12.090319479012834,15.888021194109292,30.194898322852744,7.836781484523994,22.180561576563047,23.44175382956845,0.0244498777356663,0.1576157042330397,4.4468959020359256,138.0,88.79495629746383,11.20504370253618,1.8214996980756195,10.586981562828774,12.588099233279824,72.56298,-4.437019348144531,-3.026081834604148,98.0,57.21,312.0,101.02608183460414,3.026081834604142,30.0,0.1008693944868047,0.030878386067389203,150.0
2025-11-23,Ride,1304,1247.0,6.04,153.0,136.0,4.0,8.7,4.849,52.0,16.0,584.2,624.6,23.9,0.2,80.0,1.5,24.0,58.0,31,30.02405771449554,1.7941843679109093,9.406614413947434,11.447666226150476,29.493636071714963,6.092678924255635,-100.0,17.689822279733583,0.0684931503721774,0.1615508883993934,-4.359755318642008,137.0,76.09046849757674,23.909531502423263,1.966525859763265,14.457910099986576,4.542410167305861,74.79456,-5.205436706542969,-6.264376972370499,98.0,57.21,312.0,104.2643769723705,6.264376972370499,26.5,0.2363915838630377,0.0639222140037806,150.0
2025-11-23,Ride,7128,6487.0,40.01,168.0,133.0,29.0,14.62,6.169,246.0,289.0,556.0,641.6,8.2,-0.1,81.0,1.5,19.0,58.0,32,-13.651919220957003,2.3699140865618413,15.469810730056134,20.16896948177045,31.45392716864301,11.201032357266056,40.6382350157279,25.166177148683538,0.0122850122774662,0.0618333590876745,5.954941594594362,136.0,72.36048848353687,27.63951151646313,1.8439668231270792,8.597389698130309,12.196953742499897,85.83592,4.8359222412109375,-1.4284547311595617,98.0,57.21,312.0,99.42845473115956,1.4284547311595617,26.25,0.0544173230917928,0.01457606868530165,150.0
2025-11-25,Ride,7377,5182.0,31.04,170.0,139.0,27.0,14.54,5.99,200.0,206.0,552.4,647.6,10.9,-0.1,89.0,1.5,20.0,57.0,30,-13.89424932190385,2.427378964941569,14.658280336810924,21.0545989321008,30.32776396089993,11.121183651485646,12.46350261662974,22.02932098340484,0.0481611207984578,0.0578703703592071,3.646469090184991,137.0,60.39737654320988,39.60262345679013,1.879465897783343,9.482694239940209,9.499111863677395,90.46448,1.4644775390625,0.0404804380352161,98.0,57.21,312.0,97.95951956196478,-0.0404804380352175,26.0,-0.0015569399244314,-0.0004130656942369133,150.0
2025-12-05,Ride,235,213.0,1.5,137.0,119.0,0.0,10.16,7.063,3.0,18.0,581.2,600.0,18.2,-1.0,87.0,1.5,21.0,63.0,27,-50.70422511406467,1.4384822313464534,9.711585913096728,5.845315195349877,34.410758940472974,8.105869760323037,-100.0,21.296296197702333,0.5869565089792064,0.0,3.2818304207437428,134.5,100.0,0.0,1.8308226876995288,12.2534042134268,0.5132314317549818,70.7211,-16.278900146484375,-16.01321136896076,87.0,1.5,3.0,103.01321136896075,16.013211368960754,21.0,0.7625338747124168,0.18405990079265233,119.0
2025-12-14,Ride,10397,8466.0,56.37,169.0,146.0,59.0,11.92,6.659,264.0,281.0,526.4,601.4,14.1,0.0,102.0,1.5,15.0,65.0,25,0.0,1.7900585673524554,12.854304951506414,17.458228123461666,32.62603710981936,8.485401002846084,11.335807136098593,18.688602199232022,0.0360987966839146,0.0591786010108677,1.9747804090519028,134.5,33.88566694283347,66.11433305716653,1.992273771679227,11.358061691606933,15.121808640099538,103.10619,1.1061935424804688,-3.1139527745225832,87.0,1.5,3.0,90.1139527745226,3.113952774522588,19.0,0.1638922512906625,0.03579256062669642,119.0
2025-12-26,Ride,6207,6141.0,40.11,169.0,143.0,35.0,13.02,6.533,211.0,260.0,555.2,609.6,8.0,-0.1,99.0,1.5,14.0,60.0,24,-12.36932095548456,1.9929588244298173,10.99162119238768,12.850536794557042,31.34605514367849,9.85435935843111,17.62688372981491,20.82722683262869,0.0132916340787399,0.0162839928323914,8.835086638032783,134.5,44.74841231069858,55.25158768930142,1.9141163955357776,13.009908591930644,16.41954627683916,89.04535,-9.95465087890625,-9.77179831617633,99.0,40.11,211.0,108.77179831617632,9.77179831617633,18.0,0.5428776842320183,0.09870503349673061,143.0
2025-12-29,Ride,7198,4204.0,23.31,171.0,138.0,22.0,10.6,5.545,146.0,161.0,550.8,616.6,21.5,-0.1,104.0,1.5,15.0,57.0,23,-12.502378683990871,1.9116321009918849,15.444473590391624,15.320310585259412,31.105118410166643,10.12102879608996,2.549329758058904,20.622009564444493,0.0324825985702058,0.2153110047331791,-3.6487345960370656,136.0,60.35885167464114,39.64114832535885,1.832495778214877,8.935234357914196,9.52983228751531,85.52883,-18.471168518066406,-24.81853415802346,101.5,31.71,178.5,126.31853415802344,24.818534158023454,17.5,1.4182019518870546,0.24451757791156112,140.5
2026-01-07,Ride,6566,6485.0,40.08,168.0,146.0,42.0,14.04,6.181,227.0,237.0,548.6,609.8,11.9,-0.1,99.0,1.5,15.0,63.0,22,-12.601387816098477,2.2714771072641966,9.917669012359372,10.772568027148411,32.0779456190049,9.302391623330468,22.40392769027763,18.949806946880337,0.0228198858819723,0.0926640926497816,4.244257824373448,138.0,43.536679536679536,56.463320463320464,1.9639661088118097,14.72119961826268,21.072039494750754,96.72069,-2.2793121337890625,-8.713275397764026,101.5,31.71,178.5,110.21327539776402,8.713275397764022,16.0,0.5445797123602514,0.08584507781048298,140.5
2026-02-24,Ride,4112,4090.0,25.24,171.0,141.0,20.0,14.36,6.171,170.0,170.0,543.2,595.6,17.5,0.0,124.0,1.5,18.5,59.0,21,0.0,2.3270134500081023,10.35476782910608,0.0,27.46194759749939,0.0,4.425837271520606,10.615346896147257,0.036951501069396,0.0735474380795421,0.484232417392731,136.0,56.97474871291983,43.02525128708017,2.148427297157361,13.616914324892026,170000000.0,92.01293,-31.98706817626953,-31.98706817626953,114.0,24.275,158.0,145.98706817626953,31.98706817626953,14.5,2.206004701811692,0.28058831733569767,139.5
2026-02-27,Ride,6028,5155.0,31.96,164.0,136.0,21.0,12.44,6.2,171.0,185.0,545.6,615.0,19.0,-0.1,95.0,1.5,19.0,60.0,20,-11.941804071398291,2.0064516129032257,10.975953258612112,13.47710635240039,31.577382786039298,8.901978528582848,36.904762008692366,22.41010689554711,0.0424978317064199,0.0777453838527219,3.3195590427973425,136.0,71.60349854227405,28.396501457725947,1.900094080198204,12.390722191037716,12.688182673676144,82.58129,-12.418708801269531,-32.81456395830392,114.0,24.275,158.0,146.81456395830392,32.81456395830392,15.0,2.1876375972202613,0.28784705226582386,139.5
2026-02-28,Ride,8677,7797.0,53.06,173.0,143.0,49.0,16.84,6.805,301.0,355.0,538.4,642.8,26.1,-0.1,106.0,1.5,18.0,66.0,19,-13.897652941657348,2.4746509919177075,13.326646513680291,22.245216740374435,32.14761255710852,11.86163000007502,0.0028948446551026,18.58112434132653,0.0206753962641796,0.1024458957481821,4.798249657411787,136.0,47.624535792034834,52.37546420796517,2.0530295315002003,10.730380604214622,13.530998145893337,103.34572,-2.654281616210937,-30.898038558033345,114.0,24.275,158.0,144.8980385580333,30.89803855803333,14.5,2.1308992108988503,0.2710354259476608,139.5
2026-02-28,Ride,1104,991.0,4.76,167.0,149.0,8.0,8.66,4.807,48.0,8.0,567.6,617.0,36.4,1.0,111.0,1.5,28.0,60.0,18,174.36932373928423,1.801539421676721,10.893493730914171,13.88038567736156,30.945233326688367,5.877613781939894,-100.0,14.702920428295146,0.3082191759711015,0.5035246722018886,5.128776884583566,143.0,42.59818731117825,57.40181268882175,1.9389092151179368,13.67788792123426,3.458116918189777,92.28535,-18.71465301513672,-49.61269157317006,117.5,15.0,109.0,167.11269157317005,49.61269157317005,14.0,3.5437636837978608,0.4222356729631494,145.0
2026-03-01,Ride,9339,5083.0,30.76,169.0,140.0,28.0,14.82,6.052,214.0,227.0,540.6,653.2,16.7,-0.1,104.0,1.5,18.0,61.0,17,-15.156403695621403,2.448777263714475,14.837902734892705,26.63273198391928,30.380839077830863,11.997358328278729,3.764681130354491,17.409305990258417,0.0475651188589296,0.1577287065935077,1.4009552687190188,142.0,73.54100946372239,26.458990536277604,2.007844412587925,9.435295072765369,8.035224929007931,101.92705,-2.0729522705078125,-44.77499163945153,117.5,15.0,109.0,162.2749916394515,44.77499163945152,13.75,3.256363028323747,0.38106375863362996,145.0
2026-03-05,Ride,4204,3773.0,24.47,164.0,135.0,15.0,13.42,6.487,132.0,145.0,548.8,614.2,22.2,-0.1,92.0,1.5,22.0,62.0,16,-12.594752183250796,2.0687528903961767,11.403295981409167,12.092019192015568,33.84221080539951,9.22192048230366,31.4965035377785,24.82157017583358,0.0543130989836921,0.1321702352280808,-0.9646263590644356,140.5,88.26328310864393,11.736716891356066,1.8320315574086656,11.838681411182304,10.916290074272318,79.833244,-12.166755676269531,-36.73979209401328,117.5,15.0,109.0,154.2397920940133,36.739792094013296,13.75,2.6719848795646035,0.31267908165117697,145.0
2026-03-07,Ride,11057,8200.0,52.14,168.0,134.0,34.0,16.6,6.359,328.0,345.0,537.0,624.0,13.7,-0.1,101.0,1.5,21.0,62.0,15,-14.399999998243905,2.6104733448655453,13.164902611172852,18.73132069428238,30.7773497607292,11.179231815028704,4.219411350641602,18.26735092640917,0.0421404681992371,0.1344086021341143,-0.0503255300198735,140.0,83.5654936461388,16.43450635386119,2.014468382350497,10.178578131500808,17.51077715461584,93.12504,-7.874961853027344,-35.09246926033051,117.5,15.0,109.0,152.59246926033052,35.09246926033052,14.0,2.506604947166465,0.29865931285387676,145.0
2026-03-14,Ride,7298,7014.0,50.04,174.0,144.0,44.0,13.74,7.135,252.0,305.0,541.8,608.6,8.9,-0.1,108.0,1.5,23.0,68.0,14,-12.9341317346829,1.9257182901191312,13.422052867874168,15.479815282372591,31.86050083276817,9.821111428001924,-9.116674495463666,15.394492792781495,0.055607043507315,0.0713368526078846,7.608796624397971,140.5,56.59865886717078,43.40134113282922,2.134304109738245,10.72861138969689,16.27926297077319,102.20639,-5.793609619140625,-24.070749021745755,117.5,15.0,109.0,141.57074902174577,24.07074902174577,13.5,1.783018446055242,0.20485743848294272,145.0
2026-03-14,Ride,1053,1012.0,5.36,168.0,153.0,9.0,9.82,5.299,42.0,7.0,569.4,611.6,48.9,0.8,113.0,1.5,28.0,67.0,13,119.52569158149636,1.8531798452538213,9.542201877623013,11.2858390623579,30.942084362505188,4.6676332252364,17.535156767404974,13.540621852015423,0.3259259235116598,0.4012036104300867,-1.9069872491692064,141.0,28.48545636910732,71.51454363089267,2.165335633169342,16.03403343674377,3.721477512346133,103.54441,-9.455589294433594,-18.27713940260513,117.5,15.0,109.0,135.77713940260514,18.277139402605144,13.75,1.329246502007647,0.15555012257536294,145.0
2026-03-21,Ride,1109,1026.0,5.61,161.0,149.0,8.0,8.34,5.474,47.0,8.0,569.4,615.4,38.2,0.8,120.0,1.5,24.0,68.0,10,131.92982443281693,1.5235659481183776,10.815430896630485,12.906364798402578,30.67953322152711,5.141056530090335,13.264396430578346,10.745401732095448,0.0990990982063144,0.2904162630296066,3.417250880096223,142.0,38.72216844143272,61.27783155856727,2.216461290089795,13.7766111815119,3.6416138155496256,103.278175,-16.721824645996094,-23.022434690710742,124.0,25.24,170.0,147.02243469071075,23.02243469071076,11.75,1.959356143890277,0.18566479589282872,141.0
2026-03-21,Ride,155,155.0,0.98,139.0,121.0,0.0,9.5,6.368,0.0,15.0,584.2,601.0,0.6,-1.7,60.0,1.5,22.0,67.0,12,-0.0,1.4918341708542713,10.197530739048714,0.0,30.65722939676243,0.0,9.262759741742238,14.285714178302902,1.5789472853185638,0.0,3.2818304207437428,141.0,100.0,0.0,2.1854550829573816,11.865616415456982,0.0,83.44863,23.448631286621094,0.4261965959103513,124.0,25.24,170.0,123.57380340408965,-0.4261965959103548,13.5,-0.0315701182155818,-0.0034370693218577,141.0
2026-03-21,Ride,7173,7156.0,53.22,173.0,152.0,66.0,13.82,7.437,283.0,314.0,553.4,641.0,40.0,-0.1,124.0,1.5,20.0,76.0,11,-14.237003910810929,1.8582761866343955,8.428821311498416,20.724202978598207,32.13458145991905,11.002455645139811,-0.8987700586962694,13.232619944994736,0.0317124735394159,0.0419639110306387,0.0494549296072499,142.0,35.753252203105326,64.24674779689467,2.3650532909457778,18.033361528175167,13.655530523259316,117.69398,-6.306022644042969,-5.8798260481326174,124.0,25.24,170.0,129.87982604813263,5.879826048132628,11.75,0.5004107275006492,0.04741795200106958,141.0
2026-03-22,Ride,8490,6278.0,35.2,174.0,127.0,22.0,15.6,5.607,275.0,283.0,573.4,654.8,16.0,0.0,91.0,1.5,21.0,62.0,9,0.0,2.7822364901016585,15.373931407560178,23.650358518008865,31.696390238560305,12.504190304899812,-32.57688853844736,22.86803239274765,0.0201388888749035,0.1746863585557112,-1.1379036032418972,141.0,91.0433539780848,8.956646021915198,1.956058641924314,8.260736201594549,11.627730216557502,87.97573,-3.0242691040039062,-7.255067410860131,124.0,25.24,170.0,131.25506741086014,7.255067410860136,13.5,0.5374124008044545,0.058508608152097866,141.0
2026-03-25,Ride,6046,6001.0,40.11,170.0,144.0,37.0,16.74,6.684,217.0,271.0,542.8,643.0,11.1,-0.2,110.0,1.5,23.0,70.0,8,-26.035660718874244,2.504488330341113,11.475384617653605,23.316861345634315,32.56966953621295,11.987301461922716,18.88392856501116,15.219936441675872,0.0549450548846757,0.0167252048809624,-2.2593463472146422,142.0,64.54256564642917,35.45743435357083,2.149238811678176,12.548597911905638,9.306569502505535,105.49418,-4.505821228027344,-9.131856451105456,124.0,25.24,170.0,133.13185645110545,9.131856451105447,13.75,0.6641350146258507,0.07364400363794715,141.0
2026-03-25,Ride,932,932.0,5.13,178.0,152.0,9.0,8.86,5.504,48.0,6.0,569.4,614.2,46.2,0.9,125.0,1.5,27.0,65.0,7,166.86695261065776,1.6097383720930232,14.154303759180587,12.574425057898324,31.20061533246229,6.0345885168092,5.539681316693143,13.77049178822897,0.3809523779289493,0.0,3.2818304207437428,143.0,36.17486338797814,63.82513661202186,2.083292179467992,10.738782482510254,3.817271641583192,104.53362,-20.46637725830078,-29.59823370940624,124.5,15.185,109.0,154.09823370940623,29.59823370940623,13.5,2.192461756252313,0.23773681694302193,146.5
2026-03-26,Ride,14228,6535.0,43.42,162.0,140.0,33.0,12.98,6.645,219.0,236.0,538.8,600.0,17.2,0.0,101.0,1.5,27.0,68.0,6,0.0,1.953348382242288,11.629064342516804,13.707359328475988,34.76938327904906,9.101169590871878,6.097561123131387,18.6399142259703,0.0312243220778764,0.1225302496366166,2.642417389174073,142.0,78.14366671772093,21.856333282279063,1.9557435775753635,12.038800701217896,15.976817910378,94.97754,-6.0224609375,-31.49789677927897,124.5,15.185,109.0,155.99789677927896,31.49789677927896,13.75,2.2907561294021064,0.25299515485364626,146.5
2026-03-30,Ride,6709,5718.0,34.68,171.0,132.0,22.0,12.62,6.065,207.0,217.0,555.2,660.6,25.0,0.0,99.0,1.5,24.0,63.0,5,0.0,2.080791426215993,12.45485435672332,23.61194968312748,29.5000485619966,10.132876484836167,15.82435779954622,14.859154926961416,0.056872037847308,0.0704225351988692,10.012507371021789,141.0,88.32746478873239,11.672535211267606,2.135589632403861,10.598276432712195,8.766747092518582,86.94572,-12.054283142089844,-27.95731929230412,124.5,15.185,109.0,152.4573192923041,27.95731929230413,13.5,2.0709125401706743,0.2245567814642902,146.5
2026-04-08,Ride,6137,5899.0,30.04,181.0,154.0,70.0,18.88,5.093,437.0,452.0,581.0,881.0,35.3,-0.1,129.0,1.5,22.0,62.0,4,-26.66892693224802,3.707048890634204,14.5565079815883,95.07147678874588,27.51919545417613,21.55628270261856,79.48967667459115,14.356520250494526,0.0714285713435374,0.153819859826727,-5.598988412762196,142.0,34.06255340967356,65.93744659032645,2.252972760423434,10.579459690148637,4.596541572342426,117.563736,-11.436264038085938,-18.476065812549805,124.5,15.185,109.0,142.9760658125498,18.47606581254979,11.75,1.572431132982961,0.14840213504056057,146.5
2026-04-11,Ride,3752,3692.0,23.81,156.0,116.0,10.0,10.98,6.45,127.0,126.0,562.0,605.2,18.2,0.0,96.0,1.5,24.0,68.0,3,0.0,1.7023255813953488,22.053528930136235,10.597122914173,32.29287004280405,8.417149969397173,-7.635206775708099,17.659804978965386,0.064417177815311,0.0541711809170717,-20.261538684754985,141.0,99.0249187432286,0.9209100758396532,2.1057279146801884,5.259928926003158,11.984383784561144,89.559135,-6.440864562988281,-15.72550806474724,124.5,15.185,109.0,140.22550806474723,15.725508064747231,11.75,1.3383411118933817,0.12630930172487737,146.5
2026-04-12,Ride,4854,4771.0,32.05,175.0,137.0,22.0,12.82,6.718,153.0,202.0,546.2,606.4,7.9,-0.2,93.0,1.5,26.0,67.0,2,-23.08949905196196,1.9083060434653167,13.238959254092975,12.465298039632396,34.239188168677586,10.00440915057488,34.728661500937655,20.121823142171426,0.0521920667513652,0.1050199537691619,5.201033501214912,140.5,78.65994538962403,21.34005461037597,1.9568220400876897,10.348244678629117,12.274073771800344,94.8784,1.8784027099609373,-11.656667514703583,124.5,15.185,109.0,136.15666751470357,11.656667514703573,13.5,0.8634568529410054,0.09362785152372348,146.5
2026-04-12,Ride,986,986.0,5.3,161.0,146.0,5.0,9.16,5.375,46.0,5.0,575.0,618.2,8.5,0.5,105.0,1.5,33.0,67.0,1,83.97565914404092,1.704186046511628,8.437779105233307,12.126358927292635,29.605268705544187,5.962221943026767,22.68895668221915,10.670731696472831,0.1619047603628118,0.0,3.2818304207437428,141.0,63.41463414634146,36.38211382113821,2.263110610590144,17.30312928034797,3.79338897045835,103.78791,-1.2120895385742188,-12.868757053277804,124.5,15.185,109.0,137.36875705327782,12.868757053277818,13.75,0.9359096038747504,0.10336351046809493,146.5
